Time(ms),TactileRaw(16bit),GroundRef(16bit)
0.0,-1103.470425620472,1.9164881369288644
5.0,-1110.2187861436012,8.673484816707697
10.0,-1107.9957395245312,-2.1943989299526576
15.0,-1101.2392667370184,-10.244806798072524
20.0,-1109.0794565421234,2.2348318629340653
25.0,-1106.979622086252,-4.314126190023416
30.0,-1102.644845589756,13.915379377484152
35.0,-1107.0655468014295,4.758905137955545
40.0,-1099.7766844111577,1.2705201167345557
45.0,-1089.035502557787,2.103292618854564
50.0,-1096.72071361242,0.30692530017290176
55.0,-1108.193768286372,7.179254309567341
60.0,-1096.2126949751582,6.259466711546531
65.0,-1104.1991407249157,-1.3978165242897844
70.0,-1095.6395858926037,4.418245512137916
75.0,-1101.3206962161019,1.5176909283146292
80.0,-1103.5767237139462,7.289728147929915
85.0,-1109.6847539557996,2.2610005111350127
90.0,-1109.9095604374866,9.778463649957377
95.0,-1102.6669159813612,0.4862551859717106
100.0,-1105.3179358080658,-8.397516043326501
105.0,-1119.7939364503575,2.6047932093497668
110.0,-1090.4880604200523,6.757598290915074
115.0,-1100.2405907011662,-8.659874252001647
120.0,-1110.5033132089934,7.645394747797679
125.0,-1096.025928328982,-0.20024728300807842
130.0,-1089.2244464433768,20.11715633618462
135.0,-1101.7279946458025,5.008262151129
140.0,-1111.5805088491768,-0.9336907298156901
145.0,-1117.0636249653883,9.804188365036346
150.0,-1105.1426745220156,11.236006374087971
155.0,-1110.1091297380015,1.5203787137235194
160.0,-1104.6488307552954,-9.365209882343603
165.0,-1102.8704106829025,15.585249606106393
170.0,-1089.9016591485397,-13.042392226170328
175.0,-1101.6025219930277,-5.096599364408248
180.0,-1095.6188505173013,-3.3069986967896603
185.0,-1089.9146126222222,6.3365878642290605
190.0,-1094.964637553179,3.2878238870769074
195.0,-1099.2256448405064,6.066787851773409
200.0,-1108.1618551816514,-3.073174498757469
205.0,-1112.168160516674,4.004464285723657
210.0,-1098.6111110940778,4.1688355524593295
215.0,-1100.1932741029793,4.567505631746355
220.0,-1103.806493615445,7.7493329233535535
225.0,-1098.8283382972238,5.000144359824205
230.0,-1110.6148186327396,6.746645621063485
235.0,-1099.6958732595945,4.030044374511266
240.0,-1096.608962649523,6.699517930887401
245.0,-1095.7822509999878,7.381357743406924
250.0,-1103.5924771994821,14.086234614908333
255.0,-1104.5605511334873,4.421608151537712
260.0,-1100.5388925935633,3.259681658787591
265.0,-1110.5316857595085,-0.7136326488879245
270.0,-1095.7393943296001,-6.027283577262361
275.0,-1117.3625533469542,-6.238345389075169
280.0,-1094.9733388586556,6.695820062138362
285.0,-1096.7677249165652,6.732287665334897
290.0,-1102.7453634582214,16.755359040963132
295.0,-1105.2385497137495,2.318086909217296
300.0,-1099.1977258385946,9.691437969986826
305.0,-1114.0131581896364,11.95850700504609
310.0,-1116.8330180444725,2.1304744034803633
315.0,-1114.0164447493748,-3.3837567819161114
320.0,-1095.602715102126,3.258322274577842
325.0,-1098.2834598158631,2.551139306951107
330.0,-1109.6513537363655,1.826800090382171
335.0,-1108.5374437621801,-3.990138543337559
340.0,-1100.0573287082614,-7.030067755832597
345.0,-1104.7340774200786,-0.6434834381757154
350.0,-1104.3882685869416,-4.950818058157028
355.0,-1100.2344726912913,7.074088651167614
360.0,-1094.3911633559103,3.0643313743048997
365.0,-1107.2282195077053,-0.6010528522034829
370.0,-1105.5313541098046,6.185808000807281
375.0,-1100.6382829103943,15.292325158749373
380.0,-1097.3472417331584,3.328095716342482
385.0,-1107.6527533711644,16.38861390166858
390.0,-1104.7196306579654,14.990822151819225
395.0,-1105.853721522251,4.457965397825123
400.0,-1107.630741267525,3.775043648236032
405.0,-1105.5050850409898,-1.5287363515069816
410.0,-1111.359861876888,13.915500149065808
415.0,-1105.3589836693152,2.8286348047680887
420.0,-1096.7336503218842,-1.9044427437107903
425.0,-1107.6074011200599,-2.4952423716057828
430.0,-1106.879230084741,-3.6823143306648256
435.0,-1115.3836575908442,-0.1555237930936606
440.0,-1105.923944703707,7.718321677926067
445.0,-1108.784632225277,5.18561638630606
450.0,-1116.1105883045889,5.5504696671651494
455.0,-1109.1800275709704,5.671864070977583
460.0,-1095.151452204994,2.6828977559153047
465.0,-1090.8437360890302,-1.4042638753457661
470.0,-1102.1865441063253,-2.142971903038727
475.0,-1101.8207155361606,12.100243175563818
480.0,-1102.041400036987,7.8860874648519
485.0,-1102.2235913945385,-0.27809528891780444
490.0,-1112.367180616482,-11.411397719940835
495.0,-1095.9087960089687,-1.412024270230138
500.0,-1101.4448222660355,21.316560658434508
505.0,-1093.3816579335557,1.9314114118964554
510.0,-1090.7103443616202,8.177991054195777
515.0,-1095.8819009951328,-2.0748782905929524
520.0,-1103.5065661562408,-3.4588454419365977
525.0,-1100.746151336966,-6.546507449738354
530.0,-1112.4472938829163,1.3086617301951127
535.0,-1110.9047470619653,11.155552648358926
540.0,-1093.0804586956917,3.0721955026766365
545.0,-1097.3055636148442,13.42302181147543
550.0,-1089.5529419818185,5.514146420600678
555.0,-1108.9414147691675,11.798092215584653
560.0,-1096.2163429684083,9.922539498348367
565.0,-1101.452404845574,6.84038266940028
570.0,-1096.8976687047777,16.445665903790637
575.0,-1101.361373120655,2.62232472802414
580.0,-1100.8853154957874,-4.315466665188656
585.0,-1121.1216139822855,-12.974762109489482
590.0,-1110.64802704783,7.771059574950133
595.0,-1114.2955904425953,13.161314682917617
600.0,-1112.488232012037,-2.426099737520781
605.0,-1098.8672862517762,0.4508114124345992
610.0,-1105.651768729153,-11.553500870538514
615.0,-1100.2496287253555,1.3920577312311577
620.0,-1104.1014496075725,6.181048007286225
625.0,-1093.7709518512459,-8.053407026995096
630.0,-1098.4004085266677,-2.0483952549834497
635.0,-1103.5685975053923,-3.5995626409594617
640.0,-1109.0950549647025,4.76454457772078
645.0,-1116.8404163146436,-7.041469444880266
650.0,-1104.3824545748148,4.722830592709642
655.0,-1098.890230331863,-2.6573044270380852
660.0,-1118.5071263143775,3.679863367414003
665.0,-1090.8652772544167,-9.544691296117213
670.0,-1098.030096176991,1.1484690163955267
675.0,-1105.6318632923117,4.579742509428225
680.0,-1093.7042404518756,4.20376978552357
685.0,-1100.7754964209262,4.872921399168928
690.0,-1102.7245793999004,-6.028376312191739
695.0,-1107.3761410383788,-4.40206040266005
700.0,-1106.2761133385045,-0.5669403415778738
705.0,-1098.2472743564085,5.571763069269284
710.0,-1112.6503967490657,-2.8106575183493896
715.0,-1116.665849608128,-3.2114805503754926
720.0,-1108.4108219181323,3.6210310904568495
725.0,-1103.0177473506014,-9.879111694243132
730.0,-1110.041602992497,-1.11532939374644
735.0,-1091.7949058821875,12.32797217606616
740.0,-1108.6097660282728,6.014864439596891
745.0,-1102.28024063641,6.754345255751947
750.0,-1109.961393738264,-5.3137638170036805
755.0,-1106.73765676884,7.465543181567263
760.0,-1095.9696028739286,6.493675620954862
765.0,-1096.2173548972562,-6.7553912851343485
770.0,-1107.3639041983026,14.442971276012651
775.0,-1099.9884415365834,1.805560127820133
780.0,-1091.6259662908942,3.2633315398003977
785.0,-1100.3672696544038,-2.204910372804385
790.0,-1103.6790384937851,1.0803166785435518
795.0,-1100.6368111020909,-10.48501736775116
800.0,-1102.7042873026473,10.908049938684846
805.0,-1095.6947995820065,-0.46701931682936937
810.0,-1123.507325400042,13.940824705425534
815.0,-1105.4628753198092,5.031493896740415
820.0,-1101.6292125261282,6.183747643418709
825.0,-1105.6603330905573,5.267547565348336
830.0,-1113.5897815013034,-5.713494152641353
835.0,-1101.0107384425378,2.492091679887599
840.0,-1096.776093640774,-1.199509538348331
845.0,-1114.935019991288,21.45147001195286
850.0,-1102.7083168155343,-10.966757746653597
855.0,-1093.6468525487626,-3.265151580401418
860.0,-1118.279516344686,24.0291616636306
865.0,-1100.5912089706953,6.620587087796995
870.0,-1109.8460102974175,-1.7494914078328276
875.0,-1096.6994894779734,8.834150949019936
880.0,-1119.114153024602,-5.03839366496915
885.0,-1098.2748030900582,-2.5096132877820736
890.0,-1107.8128700707412,-6.462093421907525
895.0,-1107.0049269177198,-1.2630877108667997
900.0,-1094.4550988222861,2.196441844473748
905.0,-1095.9066026559863,-1.2948933561573224
910.0,-1117.963429013196,4.072019085320367
915.0,-1110.2391290756505,-4.820967411750909
920.0,-1091.1845884359816,11.857099484325376
925.0,-1100.4919189578,-3.7743502240297024
930.0,-1123.9380068231803,-6.011113590033522
935.0,-1103.4323176438074,-2.0610455512182897
940.0,-1094.906504008464,12.697060573212894
945.0,-1105.1624704818191,3.5405581223266367
950.0,-1097.4833783656911,1.0202966374523927
955.0,-1098.0349459023016,-1.1466290490566882
960.0,-1106.4427871148657,2.5551886424336168
965.0,-1096.2293427068123,1.7188637390287216
970.0,-1109.1148656382338,5.5285625631580215
975.0,-1100.4849612533571,-5.100235465943433
980.0,-1103.7160419746303,7.452057209416633
985.0,-1116.3452206933714,0.6642359124342372
990.0,-1102.9973877963089,5.01987129900524
995.0,-1093.1818091071375,-1.9442896814585935
1000.0,-1088.8660437944739,5.831751042142939
1005.0,-1109.9858119084893,4.099214986504512
1010.0,-1101.628712898232,6.491186066085514
1015.0,-1102.5183320039855,7.203138946934889
1020.0,-1100.2335101921578,6.971602555878971
1025.0,-1107.8538715083837,2.327785322369482
1030.0,-1100.9752474698212,-2.5830538077207934
1035.0,-1092.7246286704442,-7.751230564527407
1040.0,-1104.505504441879,8.796796769787731
1045.0,-1104.2607109233688,9.748585656965943
1050.0,-1102.3522707895168,8.742098521018088
1055.0,-1115.4656027667247,0.3784600421081261
1060.0,-1105.5720220668588,4.159431671425553
1065.0,-1096.7965843245124,-0.1972190030732629
1070.0,-1088.1116596778947,0.8939447664642485
1075.0,-1118.1663463881878,4.855819010522892
1080.0,-1097.1867842634788,2.131999028579993
1085.0,-1104.1616332253968,2.2976364685574193
1090.0,-1108.2317187703072,-2.7283368977910136
1095.0,-1110.4507552174261,3.1514415145252617
1100.0,-1096.35154524224,2.0903500873320673
1105.0,-1096.2447255585867,0.6469038119210623
1110.0,-1105.9610073483022,-9.75687115711735
1115.0,-1097.6722274503427,7.984750231172199
1120.0,-1123.6881590503522,-2.5218876508212817
1125.0,-1103.4311457826325,11.721327633138037
1130.0,-1117.62463837149,-5.453935739204641
1135.0,-1093.0595704476411,-3.680834802631427
1140.0,-1097.7853443284994,0.7411508108655557
1145.0,-1112.182329948956,-5.7416856576722095
1150.0,-1090.1317872851757,1.5638214439907625
1155.0,-1095.7583417200203,12.07757254305152
1160.0,-1103.1384596048906,17.266261207373898
1165.0,-1097.1611631731605,2.9586089994949285
1170.0,-1111.953749067941,-2.4481284892559687
1175.0,-1093.431843366276,-3.9835791367847815
1180.0,-1094.291575085259,7.917636997469215
1185.0,-1097.3235401772545,-5.750232015832548
1190.0,-1100.401703627091,1.090130253539865
1195.0,-1108.4244235939573,2.546540689219326
1200.0,-1121.5138039239932,-6.78374642984891
1205.0,-1107.3338990647349,-7.316514447730793
1210.0,-1105.620138178243,-5.053101251599441
1215.0,-1092.5833473049295,-0.8889694609439938
1220.0,-1108.8259570251744,1.7708863776544637
1225.0,-1085.7850057417468,-5.828277145334357
1230.0,-1106.5893847748027,11.234022671067699
1235.0,-1110.2646721762067,-2.962491564459372
1240.0,-1090.5585943768717,5.958456554687656
1245.0,-1106.2474235735503,0.5348006683857558
1250.0,-1107.1241704204813,-8.575675094930249
1255.0,-1093.9649095350874,-8.18301119612183
1260.0,-1101.2129490485413,3.684511959247116
1265.0,-1102.3533583600133,4.50683822087557
1270.0,-1096.7537594181829,-10.264003450329842
1275.0,-1094.717841145939,-15.162590642809059
1280.0,-1094.8623786626324,-4.343184929530648
1285.0,-1095.4378692078853,1.3499068278592938
1290.0,-1102.3545927505795,11.486585184905872
1295.0,-1101.3404689056208,19.507639244365045
1300.0,-1110.5484447124934,-2.3365849447817473
1305.0,-1113.6491459343695,3.3562563452294696
1310.0,-1119.0723354487607,7.6465975982858225
1315.0,-1096.9686968252502,-0.46095862340426685
1320.0,-1105.6974028055904,-6.921183737266068
1325.0,-1106.2850304208205,1.0280301228140232
1330.0,-1110.7233692058298,8.391828958232335
1335.0,-1083.245760510477,-4.592616967773203
1340.0,-1092.2083757633734,-13.792041011832588
1345.0,-1091.3250226216442,5.279860997411841
1350.0,-1095.4741313957284,3.073256046897241
1355.0,-1103.96040943401,3.966412680109494
1360.0,-1094.8125518540314,5.298179701791913
1365.0,-1103.8764268594073,3.7556678648169344
1370.0,-1095.5488294620166,-5.582802377317903
1375.0,-1108.5579523647782,6.231484427060338
1380.0,-1099.1850786111677,7.54176834117893
1385.0,-1097.7137034189466,6.09516441217455
1390.0,-1086.122288916347,1.5995010869933204
1395.0,-1086.8593874559601,-1.6438516875523503
1400.0,-1111.1051569365284,7.496313356680842
1405.0,-1102.2898197464324,-7.981039827186332
1410.0,-1105.9906579520555,0.8843922835793148
1415.0,-1094.1553365625507,1.7831504568614744
1420.0,-1105.9367521997092,-1.531756972194771
1425.0,-1094.6529028700522,3.08137867468952
1430.0,-1097.4614293562452,6.735179052206681
1435.0,-1101.553236530694,-7.968679828528156
1440.0,-1113.2111058723854,6.454730567769592
1445.0,-1100.8789137381664,0.8910607162841798
1450.0,-1103.9377139687128,3.1337084948393548
1455.0,-1098.7686049634976,5.2853687308937864
1460.0,-1101.970791175481,7.028549718188135
1465.0,-1107.2987778669142,-5.296679266360016
1470.0,-1101.1072322834152,-3.0789097278266317
1475.0,-1113.5173058010423,2.4135058623397487
1480.0,-1105.5883648847691,2.9182791048248995
1485.0,-1100.2425810030302,5.780314565301093
1490.0,-1106.277848802054,9.532786911605378
1495.0,-1097.83334246511,-0.23406324538797452
1500.0,-1094.7765914788106,-5.092003148826846
1505.0,-1099.3166239019592,2.1388065710543605
1510.0,-1100.391249305098,9.1194916990815
1515.0,-1112.5953953709522,-5.137555274198215
1520.0,-1098.7393839448373,8.152079550340602
1525.0,-1100.8947122620061,-6.586016650681105
1530.0,-1109.2077964151838,-7.4265725405729635
1535.0,-1106.218671067484,0.20592115085916696
1540.0,-1095.9670194897315,-4.49785271727487
1545.0,-1099.8542258097968,11.258182963515212
1550.0,-1104.8300086427282,0.38178158853604127
1555.0,-1083.661565236685,2.781970283197067
1560.0,-1083.0962575747753,-12.722982195565818
1565.0,-1112.3730397487304,-2.9423864341980717
1570.0,-1105.3727863044112,-5.93355458953713
1575.0,-1089.5577361059295,6.435782984013651
1580.0,-1099.5845437106902,0.3215005885925748
1585.0,-1102.3333126199627,-9.567422626812736
1590.0,-1102.1632213971063,-2.032726772558274
1595.0,-1102.4903495367705,10.99800111075155
1600.0,-1098.2912374747555,-1.7033029474132715
1605.0,-1104.1023055439064,-9.308155108954184
1610.0,-1084.4244339469778,8.070493400024569
1615.0,-1122.641552393718,-3.148431563455148
1620.0,-1091.2401548910389,6.299825570011442
1625.0,-1104.0283253296234,-1.9782880248726733
1630.0,-1097.2330885996255,-8.842530919716909
1635.0,-1104.9128431027093,-0.34868237043232064
1640.0,-1095.5969675995887,12.949735410646216
1645.0,-1100.1284284661856,-1.7283238256752291
1650.0,-1102.924651412741,-6.584855977366169
1655.0,-1101.0859765121702,4.382908365692983
1660.0,-1102.6551626982348,-2.271784815052194
1665.0,-1089.2064807376107,14.686626192321441
1670.0,-1109.975794537059,-7.208988562277604
1675.0,-1089.5727446745186,2.2987808588558956
1680.0,-1089.7724917995538,3.124177963838386
1685.0,-1094.2331900834636,19.235036635270784
1690.0,-1094.6925191090884,9.150608872511828
1695.0,-1100.089057651622,-3.077035981264089
1700.0,-1114.6716173819352,5.975310537256277
1705.0,-1112.3910319118165,-5.8046947980983035
1710.0,-1098.0137840908044,21.981796825935508
1715.0,-1101.774564905086,11.910027501814712
1720.0,-1104.971521437428,5.250615793026736
1725.0,-1098.0095917530782,11.50396572744387
1730.0,-1107.2378840276388,4.655274829280836
1735.0,-1101.792342794674,4.070706133147165
1740.0,-1107.180195597205,4.646547707433109
1745.0,-1101.4127127979866,-8.939926335315612
1750.0,-1098.0459410654198,-3.2680224978535724
1755.0,-1106.0112305043012,23.064866157808183
1760.0,-1096.4766742579218,0.5495777109965311
1765.0,-1105.35785576499,-1.3293822372877586
1770.0,-1107.4192098090966,3.336795084120056
1775.0,-1117.622734718931,-4.271634385852945
1780.0,-1104.6258424393088,7.695652856006573
1785.0,-1100.9220501228906,-0.0826226081524093
1790.0,-1105.3827443963955,0.5990562795977045
1795.0,-1101.0472923748232,-1.3509571347124045
1800.0,-1095.2489101383596,12.794001927637606
1805.0,-1107.8406832034932,-11.398700459900063
1810.0,-1111.5847473006475,2.6138195155596793
1815.0,-1109.5829554485629,0.5599282898900163
1820.0,-1109.9011955894591,-9.080318410488893
1825.0,-1103.2953701216331,-11.8636360637685
1830.0,-1086.2065880364132,-5.343343777304101
1835.0,-1103.5031865700719,15.790901197400187
1840.0,-1096.202930187216,-0.4277519098834872
1845.0,-1105.3257127508414,-2.8315435446809367
1850.0,-1100.302856814022,1.494327438263526
1855.0,-1103.8617295298504,-16.975171784672643
1860.0,-1113.4685035736,-0.2908967305477289
1865.0,-1106.2432348705038,-7.325909348312059
1870.0,-1114.5005510503677,6.900684950473402
1875.0,-1112.3365429613023,-1.448853272366307
1880.0,-1107.069569325987,8.139382943748712
1885.0,-1112.9732877734746,10.737054909694255
1890.0,-1102.3786691737637,0.38385088690119296
1895.0,-1108.6308948059784,-0.6229145480247463
1900.0,-1112.9464862410841,-0.11625291338744659
1905.0,-1103.4831455168485,-6.916072388448451
1910.0,-1102.3414518767213,4.489668672133769
1915.0,-1108.2041062390763,-1.093524382551367
1920.0,-1111.900971112212,-1.2588862179230447
1925.0,-1099.301220933477,0.8398266544280688
1930.0,-1098.070905552066,6.701302914546786
1935.0,-1107.2532064425136,-0.05610882988385746
1940.0,-1101.112981231975,-4.566641230474874
1945.0,-1098.9904933731732,-3.0983483567290513
1950.0,-1109.651455649185,7.538307875486501
1955.0,-1106.4106533574682,2.8081846713839616
1960.0,-1106.0308513467662,1.3811834655217423
1965.0,-1098.968795464441,0.8176239342541121
1970.0,-1107.4499930476654,-3.1276095348909188
1975.0,-1101.148486901602,2.7168561991352687
1980.0,-1106.02853125219,-7.692353942618669
1985.0,-1097.8485446677194,14.868426288332907
1990.0,-1113.3574648806834,3.074104869766942
1995.0,-1105.2567051753822,2.5805708339355853
2000.0,-1118.324086254389,6.5029492323205575
2005.0,-1094.3606032971468,-1.9050988013241799
2010.0,-1102.1118759059711,-0.2885903947961789
2015.0,-1107.0988553073453,1.0772871290781119
2020.0,-1092.5519948123745,-5.189562396652954
2025.0,-1095.3756672820655,2.7627340967566116
2030.0,-1099.3922247579007,-8.70247069922994
2035.0,-1096.7285072799361,9.384360650627574
2040.0,-1108.7188621080604,8.295443268117346
2045.0,-1121.7194795099067,1.8360071747992626
2050.0,-1112.3775334551206,-13.179754071528379
2055.0,-1103.0268880083186,-3.2172002700439157
2060.0,-1105.845097639546,11.67302625068441
2065.0,-1081.1442138924094,5.231748573571561
2070.0,-1097.0605556384046,0.9724524583322289
2075.0,-1102.247471550984,-3.1656928089276226
2080.0,-1100.6062774994764,1.4671158168851122
2085.0,-1096.4149937077927,-8.971521527243194
2090.0,-1093.7847684135115,3.913926276761017
2095.0,-1102.391950763363,-14.096449794590017
2100.0,-1092.4983697847802,6.085554605765925
2105.0,-1112.6833520264502,-1.9021057837154123
2110.0,-1100.278972302304,-16.161780915976912
2115.0,-1108.3310831291592,6.384690568663638
2120.0,-1103.8625637670177,-2.5853361157903336
2125.0,-1103.1231876141685,5.283114007485251
2130.0,-1097.8279029413,-5.165005948459462
2135.0,-1111.045093712763,-0.7853417948729412
2140.0,-1106.460518624896,-2.6658242221926063
2145.0,-1102.0372976314934,3.1835873286385525
2150.0,-1115.3702623742245,-1.3054041108550147
2155.0,-1104.2599748580997,4.641754772380849
2160.0,-1108.9334980580338,1.7306044888974899
2165.0,-1096.7499542177586,-4.717980581170888
2170.0,-1101.4761754212966,3.2986636343555684
2175.0,-1116.6923257261162,-2.495679612399277
2180.0,-1102.9628543278534,-1.7364278337062138
2185.0,-1112.3768422717062,-2.102772715778963
2190.0,-1106.924663006106,5.516826418413137
2195.0,-1101.252628892681,7.396158629171391
2200.0,-1106.0968194201484,-11.206000528673108
2205.0,-1115.4997764148252,0.21362594281153025
2210.0,-1102.7981743904866,12.12393677233416
2215.0,-1097.9809364859345,5.665602680423453
2220.0,-1104.6079962620581,-4.119527604603015
2225.0,-1099.8296033306813,4.435141754808932
2230.0,-1092.7438865533463,-3.571743340081473
2235.0,-1108.9093792477347,-0.8915372053631224
2240.0,-1108.7163019649918,-2.764173282077067
2245.0,-1099.7403083174702,-2.8105195662991296
2250.0,-1106.9200586682132,9.679930891696515
2255.0,-1092.3987470051018,-3.2494236670726364
2260.0,-1111.842215965952,5.0329303399812595
2265.0,-1112.5404072287065,6.803772053019452
2270.0,-1121.8578373601204,-1.9434286766325073
2275.0,-1108.2067164456287,-8.377678021259769
2280.0,-1094.8418098110492,-0.9989995713449518
2285.0,-1101.3698462718603,2.391421490859841
2290.0,-1104.2532375773915,6.602935157914179
2295.0,-1091.3270174613313,16.595868886145393
2300.0,-1102.2699653566413,-2.887471287021717
2305.0,-1093.999969176144,-1.2347864133061663
2310.0,-1095.0832454814554,4.922969271024866
2315.0,-1100.1502746364154,-11.642904183359715
2320.0,-1112.5291955651423,-3.5695320310960374
2325.0,-1096.8220663620673,-2.8073170949323423
2330.0,-1095.6214421065308,5.693004733602047
2335.0,-1106.5398656485254,4.198281501366908
2340.0,-1101.4818729247581,-5.652190825833357
2345.0,-1093.419851077851,13.621158897589707
2350.0,-1091.5768743945262,1.7716061656306943
2355.0,-1086.7174000437647,7.896153133482646
2360.0,-1107.2764230582288,-5.047738605607328
2365.0,-1108.7720739076142,-8.802926495941332
2370.0,-1094.2945187443813,9.147071783571802
2375.0,-1094.1000014145093,5.233085871704378
2380.0,-1097.1299163848187,12.590751438632854
2385.0,-1096.8313157736275,-5.6590012272408945
2390.0,-1102.5721835896625,7.82770797179276
2395.0,-1095.175366697065,0.3011780532953192
2400.0,-1101.9013677768398,0.42947139476154095
2405.0,-1091.6903408715389,-4.215540467746223
2410.0,-1097.6255244466258,-1.7134793284736825
2415.0,-1102.2781625922114,8.297044198841471
2420.0,-1087.6936917978126,2.0977181853455846
2425.0,-1103.3986464477562,-3.3875688782386044
2430.0,-1089.7792668655436,5.759085883090488
2435.0,-1103.704103058795,12.853091749839212
2440.0,-1102.8976594683518,14.615687675847983
2445.0,-1097.8183895821603,12.272817048031559
2450.0,-1100.6221581235297,5.093756474634045
2455.0,-1105.6820318899865,-0.00912601456094242
2460.0,-1093.4884658991166,2.882492144543865
2465.0,-1093.2920408510565,-10.23376481697035
2470.0,-1098.5760279568267,5.67284748746619
2475.0,-1095.5994664221028,3.063583690967261
2480.0,-1096.331638626921,4.424031254811317
2485.0,-1090.8108562469413,-5.623679955828486
2490.0,-1094.2011594982666,-5.277574387406639
2495.0,-1096.253949629391,11.070395140413718
2500.0,-1099.9541436125298,-10.849241673596818
2505.0,-1098.3243669041035,2.6379021352275114
2510.0,-1093.9232794676698,-0.9084465835058771
2515.0,-1103.2344758602655,0.32254472032729453
2520.0,-1100.6955064355343,-18.23016834305759
2525.0,-1103.7807554295405,1.0470132332953266
2530.0,-1092.6745230583795,2.972920280612991
2535.0,-1101.4588451654581,3.759830464528683
2540.0,-1112.134932712627,0.34015628341637705
2545.0,-1113.9418018026413,9.310613965803396
2550.0,-1116.6054900806187,-13.033315808108044
2555.0,-1087.5293879609267,0.37826675922218633
2560.0,-1101.3407705362845,-1.8202958960473223
2565.0,-1101.7647102478143,8.703727699172525
2570.0,-1099.2503155077648,10.972886320732746
2575.0,-1107.3205070000477,-0.19473783262987532
2580.0,-1106.3464752892476,2.5205818232615167
2585.0,-1095.0771461898216,6.007394142242449
2590.0,-1104.7447335410652,-9.450090487762143
2595.0,-1103.2727301594402,-8.144622372031915
2600.0,-1114.5915219179572,4.4315340381004855
2605.0,-1102.8798770468657,-6.070860779521693
2610.0,-1105.576357082025,9.717363470465413
2615.0,-1102.630075504168,-6.9048967864346436
2620.0,-1093.5837964747877,-7.293026655581011
2625.0,-1093.316739095699,-3.7624608336887064
2630.0,-1097.5525090205817,8.89346520089241
2635.0,-1114.2334577672452,14.989023360707094
2640.0,-1091.3963679399035,3.521595561216094
2645.0,-1088.5050378948129,4.421429731793615
2650.0,-1095.383787922467,16.632391741852125
2655.0,-1092.6653501249714,3.859502383054685
2660.0,-1102.742841020578,-1.8229137211886033
2665.0,-1110.1046605951724,-4.412336084794154
2670.0,-1086.7523159289567,-0.5602135367748546
2675.0,-1110.6217334629468,-1.4999966847230564
2680.0,-1096.3798242477026,-11.718805729253537
2685.0,-1090.5178333016897,-6.102371536795124
2690.0,-1108.343656989145,10.175972871562852
2695.0,-1091.1130178100727,-3.5128289830282298
2700.0,-1090.4896769418542,0.20447749324131037
2705.0,-1099.112187774163,11.853808253550524
2710.0,-1100.999511288506,8.60538242537213
2715.0,-1089.57966340692,7.666321955382315
2720.0,-1086.1520988134998,-4.176115487512577
2725.0,-1091.0498305266144,-6.545928638230204
2730.0,-1085.2682211771123,7.4912546814957475
2735.0,-1103.982894997733,-1.5904278358880095
2740.0,-1108.5657607828077,2.029992364842949
2745.0,-1103.109162536738,-6.825180980086689
2750.0,-1091.328513081656,7.75096439803482
2755.0,-1095.1969986575018,-1.5539319098167104
2760.0,-1083.1880579278702,-9.165149455242988
2765.0,-1105.228209353201,7.132421610147183
2770.0,-1090.363215931314,-0.41749808441240654
2775.0,-1097.8492520152965,-0.7678999727932707
2780.0,-1102.1826568581118,-8.4419833439646
2785.0,-1100.5282471355652,10.621383706600358
2790.0,-1097.108232796123,-2.914199649930211
2795.0,-1093.1842517667535,16.237111504921202
2800.0,-1088.508710164511,-11.003049809076197
2805.0,-1099.4260424447966,7.266108810304475
2810.0,-1095.0257894097635,10.742569976338979
2815.0,-1088.0288378583323,-7.297874466171269
2820.0,-1099.806841890632,-5.040269782372002
2825.0,-1095.387020044003,-4.70487054088542
2830.0,-1108.1097811862428,11.647726458659148
2835.0,-1104.3876944875979,14.670060776713749
2840.0,-1105.356465240032,-0.6254413672778781
2845.0,-1095.5803631867998,8.162099859805066
2850.0,-1095.7301892702842,-0.3628919283930483
2855.0,-1106.4672207497636,0.5146064866132622
2860.0,-1103.1937725472485,-7.229596120730858
2865.0,-1096.8956989578496,3.9298265885631096
2870.0,-1103.1630680787257,-1.2029534835477382
2875.0,-1109.5290517700869,17.368335272302026
2880.0,-1104.6196378752086,-6.4606514308095875
2885.0,-1113.6673205066875,3.6594703465407235
2890.0,-1093.8640865457153,-1.5853421889216897
2895.0,-1091.032012976186,5.818510911003056
2900.0,-1104.2240468336597,-1.9892503149908742
2905.0,-1097.7145742005239,-14.424554300117935
2910.0,-1088.4872785062576,7.214815765432249
2915.0,-1096.9349392787506,6.957170586675961
2920.0,-1101.6401143851476,-3.650430610121651
2925.0,-1102.1299546378054,1.147732899875873
2930.0,-1098.0508451531098,-0.16606149349311095
2935.0,-1102.6886729620333,1.4314219505477852
2940.0,-1103.974108557859,-1.3086161912289254
2945.0,-1095.1669643764917,1.775748046573765
2950.0,-1098.520639307429,0.7534238649875932
2955.0,-1104.118892734067,-5.520685614551515
2960.0,-1081.2074333547614,-0.5162622991203645
2965.0,-1105.5578232772184,-7.764626777051433
2970.0,-1098.250262043506,-6.857887247931287
2975.0,-1110.2352363129532,9.359761750667746
2980.0,-1108.127506585331,12.575402419776287
2985.0,-1093.4350528949756,-1.785692676876234
2990.0,-1108.1628743061467,-4.64764415834205
2995.0,-1105.3968502722835,-1.6821128079838559
3000.0,-1091.8069790570594,13.253589267551732
3005.0,-1105.8424256173585,-1.4502975938243874
3010.0,-1103.2900124663252,11.042702958238875
3015.0,-1098.1347161176177,-0.4236076464882742
3020.0,-1093.8203879550915,0.4121452571405284
3025.0,-1102.9377326379729,8.787724862488908
3030.0,-1101.8293618336595,3.297148357116231
3035.0,-1083.024074567094,2.0829695821030825
3040.0,-1113.0465291342325,-0.42734774910822393
3045.0,-1103.2021831305663,7.53500799122895
3050.0,-1109.4146407277722,20.13891788861174
3055.0,-1093.9194554914063,13.746982409366833
3060.0,-1105.3977006621615,5.046008892308606
3065.0,-1098.976077244586,20.133960304506953
3070.0,-1112.7071574743304,-12.220497821612064
3075.0,-1104.2835373477255,7.110934168995966
3080.0,-1112.0610957814538,6.633198203609674
3085.0,-1096.857566313274,7.256077634969285
3090.0,-1102.8481001604005,2.8980758073865576
3095.0,-1102.3273943077584,-0.7820438538515005
3100.0,-1099.5308195862406,0.30324189025404824
3105.0,-1090.7773937870322,-3.797779318468072
3110.0,-1110.9802117660126,-2.8941262940514703
3115.0,-1100.0196846780498,0.525329665596978
3120.0,-1102.0685090214408,0.049938046617110876
3125.0,-1099.3962681313394,2.147519907786504
3130.0,-1112.1418912695212,9.437477754958952
3135.0,-1101.4104092791968,2.158705062423604
3140.0,-1096.06767050911,4.178511405833682
3145.0,-1102.8539138527567,1.013909684392231
3150.0,-1110.8063821000578,12.74121611123721
3155.0,-1106.7380620280746,5.541408498247203
3160.0,-1117.4666606025717,-4.2808625615095695
3165.0,-1098.1797724181472,5.8879349397268195
3170.0,-1102.1321243026446,-3.3095126423569043
3175.0,-1106.72833014949,-1.3075528715159528
3180.0,-1103.538356982002,3.4829316726536583
3185.0,-1106.765433851392,-3.7408111497681813
3190.0,-1117.1682570936732,4.2985732949305255
3195.0,-1091.1376006273197,2.288576918594705
3200.0,-1108.4833244325175,4.269916943878089
3205.0,-1097.297216150407,5.2141312028447295
3210.0,-1087.201088547273,1.9679736161539878
3215.0,-1092.939453974562,-6.007999548177503
3220.0,-1092.4600743134206,2.922988240508694
3225.0,-1101.4641524913693,-6.05276031721157
3230.0,-1112.102788306859,7.490710980503861
3235.0,-1099.3277407919961,3.4501277740435596
3240.0,-1102.974592459957,1.858834224095087
3245.0,-1105.315600793531,4.102073338851943
3250.0,-1112.616959110979,-9.372017599526393
3255.0,-1102.0141160504506,9.355006734281423
3260.0,-1111.5286536681263,2.758521127959532
3265.0,-1098.8813938975054,4.544337332710713
3270.0,-1098.8752119713545,-1.5610536078379258
3275.0,-1107.7978431329557,4.088103419452258
3280.0,-1102.4246780332915,2.8091652685268897
3285.0,-1116.6717798060122,-1.2204135597522598
3290.0,-1106.3759718312358,9.574560755773271
3295.0,-1118.9858974885924,0.5143791645554707
3300.0,-1101.8341333643477,8.593472673466508
3305.0,-1098.8806814800637,13.708976898228455
3310.0,-1087.0339426509702,-4.611844115057047
3315.0,-1100.5124014187536,3.2618096725740386
3320.0,-1099.992373566968,4.627767196098676
3325.0,-1090.7922103045937,-3.356937124901697
3330.0,-1101.2092884831816,3.9347684035106463
3335.0,-1117.8325079475092,4.138152401035614
3340.0,-1105.8643858200098,2.368668355389259
3345.0,-1113.0559895895035,-12.458005486247231
3350.0,-1100.6786467807894,-2.2710830539323696
3355.0,-1095.102953932539,7.002483451889533
3360.0,-1083.2957237688615,0.21441176906035608
3365.0,-1099.5648908549028,-0.7541492869858084
3370.0,-1094.387579767211,5.6336483230544765
3375.0,-1106.5830414651916,-8.78673764720186
3380.0,-1091.3370061693745,13.34227733558545
3385.0,-1098.6273485599122,7.169755176693943
3390.0,-1100.6654267728795,12.886832060572015
3395.0,-1093.0837742890449,8.384955417874403
3400.0,-1098.145029266354,5.581033631790913
3405.0,-1104.013263087793,-0.665131975168124
3410.0,-1101.6314920912723,0.287307949044614
3415.0,-1096.557086003198,-7.449823157128899
3420.0,-1094.1586747284164,-1.7564245457337593
3425.0,-1108.5475690845603,-3.464251697452923
3430.0,-1110.4084846117712,11.217739483713915
3435.0,-1114.0193896852893,5.260735405474533
3440.0,-1109.3356028478927,3.3437889520339925
3445.0,-1099.0245181577357,3.405584210304488
3450.0,-1101.9173584589898,-9.807966168940242
3455.0,-1098.9995003701267,8.221050820932144
3460.0,-1081.6300971610299,13.689966790419147
3465.0,-1109.5510899441804,-7.061254782734176
3470.0,-1107.3730058753122,-3.486367107744771
3475.0,-1098.1892101842636,11.696177028936894
3480.0,-1109.1565258556013,0.5928270074383275
3485.0,-1115.0303577387594,-8.236518481508018
3490.0,-1100.763564629517,4.262266272151428
3495.0,-1104.2866403094993,8.063170613230444
3500.0,-1112.6575861083331,2.309329056719111
3505.0,-1092.5593216655827,-1.3534575257756378
3510.0,-1098.0905838287508,-10.989690028319812
3515.0,-1113.8034678555955,7.731010212271748
3520.0,-1090.8670929270163,4.5374898512448745
3525.0,-1116.29021939975,4.372286051783764
3530.0,-1100.9906358614771,-6.322207137028445
3535.0,-1104.8684327170367,-5.617372970848523
3540.0,-1104.7357984367663,6.647321034099946
3545.0,-1103.5676880690987,-5.767604153467982
3550.0,-1111.1035948384683,5.551217013597783
3555.0,-1097.6167644158347,6.4189252160604955
3560.0,-1113.3049846918732,0.5131272001067972
3565.0,-1115.821440152798,0.23938398610077638
3570.0,-1110.8133137933753,1.9727257022760762
3575.0,-1117.8201148418116,8.902226119202407
3580.0,-1117.445054520501,-1.6535923863407853
3585.0,-1105.1492905248103,1.632069700047473
3590.0,-1117.37114753825,0.3692355963720727
3595.0,-1095.8657178112246,13.056936690722209
3600.0,-1115.2610166190345,-5.508478096365977
3605.0,-1116.519318383661,1.3371361841542466
3610.0,-1119.1586144895423,2.97448340574775
3615.0,-1106.919205149942,-7.323639132175197
3620.0,-1104.7088149818508,-1.1921659222224164
3625.0,-1099.9486189142985,0.788555884336032
3630.0,-1101.897950900533,11.037319762155574
3635.0,-1101.9789281494925,10.657623996863567
3640.0,-1115.5557532346907,-1.3493188951537145
3645.0,-1103.2273139562922,17.537353378304676
3650.0,-1104.6628076162117,-0.6422335779431239
3655.0,-1103.0202009893499,8.711036866758821
3660.0,-1105.4881541875127,16.672863228972343
3665.0,-1116.331857691865,0.0010226391838480398
3670.0,-1103.079096693744,-14.431480005351979
3675.0,-1109.8160385852516,-5.867955164761493
3680.0,-1102.690339161797,13.796787391237704
3685.0,-1104.3851846138339,-2.870670211370279
3690.0,-1114.1621550014193,-2.1220936738709875
3695.0,-1108.5051441728806,22.240365133605973
3700.0,-1093.805168080508,-7.849050348401768
3705.0,-1114.5065421163938,-2.1780890088801512
3710.0,-1116.0153902457262,14.911496433848388
3715.0,-1100.202001875816,2.169627515394873
3720.0,-1111.659476600702,-0.41804611133643477
3725.0,-1109.1728769223716,3.0834376962475867
3730.0,-1107.9373061770516,-2.0186825384528824
3735.0,-1107.162119816393,5.117291274859956
3740.0,-1107.722819828966,-2.660833047585932
3745.0,-1100.1996813630844,7.282278984366125
3750.0,-1107.7788183652494,5.320600915643357
3755.0,-1117.9013028490021,0.28796817116193607
3760.0,-1108.5851430755024,-8.909857408965918
3765.0,-1101.2994728578765,1.096774819520232
3770.0,-1103.523955316034,-6.0574704486101245
3775.0,-1108.435450704156,8.2134469728079
3780.0,-1102.923288730835,6.057553901233469
3785.0,-1113.1825344535137,10.435392895098083
3790.0,-1095.0801138542095,7.322818663925927
3795.0,-1101.8532832258952,-0.7471441676126807
3800.0,-1112.1452310852717,-1.5478848557486575
3805.0,-1106.0569676716188,4.166346085331564
3810.0,-1118.0154412041156,1.8149000124277959
3815.0,-1111.7583448642981,-3.38283634302201
3820.0,-1104.0676972525814,4.8787627213520075
3825.0,-1107.6656951854718,11.844432701709769
3830.0,-1111.026888050117,12.610935017100147
3835.0,-1116.3626898411121,-9.316141300400393
3840.0,-1114.967436792902,-3.530325567078402
3845.0,-1111.6437054253265,-4.268920242944852
3850.0,-1111.9064272852343,-4.634456027769954
3855.0,-1110.1815897431925,8.708135803248902
3860.0,-1096.0444868191223,-4.484997632340449
3865.0,-1100.7407608071985,0.5324203761038996
3870.0,-1103.598722059398,4.40715034506384
3875.0,-1102.274045502386,5.630848464116127
3880.0,-1091.0451206623259,14.34581378972912
3885.0,-1101.7253623193346,-12.078473512838393
3890.0,-1096.8389019651247,12.223021117053747
3895.0,-1111.046732271795,9.527352714156475
3900.0,-1100.5616588385883,14.105825901027805
3905.0,-1091.0255056285018,-0.311482982317832
3910.0,-1114.5379419130038,5.853629794666163
3915.0,-1099.2979629500355,5.381798127120689
3920.0,-1112.336021131826,7.471329139856166
3925.0,-1111.0534318193693,0.8471470753506215
3930.0,-1097.2446847385934,14.88786252728754
3935.0,-1104.6203531750782,3.080695930471305
3940.0,-1115.085138915628,11.445734491033095
3945.0,-1102.7584407198658,0.280139338508158
3950.0,-1102.5049315498977,6.55308399302623
3955.0,-1103.946239207871,-7.0838580587981514
3960.0,-1113.2343700461563,3.0996353281828752
3965.0,-1114.9312238740151,-4.229107248995297
3970.0,-1100.3576670281566,7.697951775324819
3975.0,-1110.8356774307274,-5.393643595471808
3980.0,-1112.3562170212842,4.643380652993312
3985.0,-1104.3414343366683,-0.25547465750658793
3990.0,-1117.6027476107236,2.450601505916391
3995.0,-1122.5970159905087,8.654908278588792
4000.0,-1102.8675168976129,9.517419473133522
4005.0,-1115.0898494170758,-2.552713359299803
4010.0,-1117.4752336719978,9.039853545941089
4015.0,-1107.1694980646812,5.689079856856786
4020.0,-1105.3681624733647,-8.326766869464151
4025.0,-1112.3489876802516,0.19044574081059218
4030.0,-1114.712766340335,17.1293292630702
4035.0,-1109.754916469654,10.071292737851529
4040.0,-1090.1885164396701,3.155407980774415
4045.0,-1112.3613055536016,-0.36457843276299007
4050.0,-1117.9652465556653,-4.861828500609053
4055.0,-1101.775836311323,-3.9151260789177327
4060.0,-1105.873512883903,7.981105985417242
4065.0,-1109.3674487545045,1.2571375256068433
4070.0,-1116.3176577697611,-9.600986449707632
4075.0,-1113.433797954612,-0.19309679651282619
4080.0,-1107.5614952077121,2.7270013935869124
4085.0,-1104.8445185646283,3.318413723447569
4090.0,-1116.5640200898565,1.977119632707557
4095.0,-1122.7242660620666,-4.857930474302605
4100.0,-1102.6420277719103,-8.452867292489193
4105.0,-1110.847199577191,-0.7834972849734626
4110.0,-1111.828180799126,-2.471597218422147
4115.0,-1122.6623293031926,13.99114956281866
4120.0,-1100.7172680657377,15.38969959074137
4125.0,-1122.2352547846785,8.770472594964986
4130.0,-1114.938902812902,18.25777661632602
4135.0,-1113.5623184916165,5.856556311690508
4140.0,-1108.361462043126,0.45732912039205886
4145.0,-1102.6875137678892,6.387142141717296
4150.0,-1104.2415601827936,3.4500378007477384
4155.0,-1109.7220996208932,-6.383840592527862
4160.0,-1099.922005575447,1.4464207442945942
4165.0,-1122.737824364328,0.3146511199536749
4170.0,-1110.150927281931,-2.303292072134047
4175.0,-1113.4397375217277,6.113827621871577
4180.0,-1107.840701583158,6.951825869578977
4185.0,-1110.5428587539395,9.716071241329832
4190.0,-1106.917509726447,10.161215378391613
4195.0,-1098.5534827493946,10.808148331474557
4200.0,-1110.0191955594432,2.181091680296686
4205.0,-1097.3727766158029,3.4631741901447914
4210.0,-1103.9468821724113,-14.132853889827233
4215.0,-1095.1688296136358,1.8099349591800724
4220.0,-1105.7691307741372,11.697842911826713
4225.0,-1111.3775943604853,0.6073473247043277
4230.0,-1104.8957087656515,-6.865984415057513
4235.0,-1107.1030421547384,11.279937144485999
4240.0,-1115.556121919527,-10.845023565191065
4245.0,-1104.344833991634,-4.44738478866667
4250.0,-1107.1099415483252,10.05833169357758
4255.0,-1107.65282005138,4.850138329980224
4260.0,-1096.2097957451904,-1.2162449449634245
4265.0,-1098.1482467116293,-2.339331508036402
4270.0,-1094.3786308247008,12.741954194891811
4275.0,-1103.7167666559924,3.3726416637806604
4280.0,-1105.6668450525913,2.754088534459162
4285.0,-1088.6078272789327,16.432159196072867
4290.0,-1101.1291493278434,-3.027839367251633
4295.0,-1098.890575878817,1.29499562266765
4300.0,-1110.4563045898242,-6.877501533802075
4305.0,-1106.683048682479,-9.981470676471105
4310.0,-1115.414428242208,-4.178443750466167
4315.0,-1108.9256289230536,-6.0813288061169715
4320.0,-1103.912783049328,11.931417488034628
4325.0,-1106.1159022322495,-8.419770575307282
4330.0,-1090.269213592496,6.1363027521303835
4335.0,-1106.9378020896431,6.813967332401655
4340.0,-1096.9838744153376,-7.3347864214718035
4345.0,-1116.6994105030103,1.4380136786877284
4350.0,-1115.181700984797,-18.20068453608729
4355.0,-1098.5966984690074,6.031227773611278
4360.0,-1096.629345940238,15.88657907605902
4365.0,-1104.8137021400341,1.298224003243602
4370.0,-1108.4844598160173,0.057651660180064845
4375.0,-1103.6463652146012,-2.505413190222737
4380.0,-1091.604837719622,1.1536926771273364
4385.0,-1116.6829127758174,11.465698335186572
4390.0,-1107.1089373451196,-1.1853323219667609
4395.0,-1099.5091237225527,5.442208893881808
4400.0,-1122.240948956048,-7.648820223530634
4405.0,-1100.946156456838,18.347096495836865
4410.0,-1105.2638432910705,4.2795180134478485
4415.0,-1119.1844341859116,-7.448818551070278
4420.0,-1105.6279951383833,-5.963222774165917
4425.0,-1104.6126967172431,3.3802959980729432
4430.0,-1116.6758982382785,2.491827220421502
4435.0,-1119.6742437331982,-15.467662045705243
4440.0,-1105.4418106492994,5.044134250699103
4445.0,-1105.1362576213232,-8.457642833732223
4450.0,-1112.7862501909333,6.465530918043308
4455.0,-1112.3060235110777,6.142661358354303
4460.0,-1088.702293075165,0.9402666712135683
4465.0,-1103.6009501221392,-11.271115258638213
4470.0,-1106.1046670220576,1.5207789677037593
4475.0,-1107.857171164966,3.288019326298908
4480.0,-1105.7611030461405,3.380954589770076
4485.0,-1109.50337096115,-5.407119184615703
4490.0,-1099.7068394573555,-6.55377885594484
4495.0,-1119.817687115835,-6.821025050532725
4500.0,-1111.6364804696186,16.125155757099975
4505.0,-1117.8989026504116,4.299069278581114
4510.0,-1133.0844170309485,8.022790462243943
4515.0,-1104.5541393449244,4.576718894366884
4520.0,-1110.334010882052,-3.845143049766359
4525.0,-1111.5336359125165,-0.3100845288317684
4530.0,-1109.1488803617826,-2.461495564723314
4535.0,-1098.0650244300368,0.27345946966267964
4540.0,-1109.6115935589517,13.579919586803378
4545.0,-1106.2947762484428,3.8173964534305336
4550.0,-1100.4803187824114,-2.8006822123859667
4555.0,-1110.7592571301975,2.9777517140292913
4560.0,-1112.25303128204,-1.9525957283369197
4565.0,-1117.3116577055741,19.13513933960295
4570.0,-1116.4881901628064,2.77270863592723
4575.0,-1116.7130453060959,4.17015896784295
4580.0,-1110.8969811718596,9.094241281070781
4585.0,-1109.0284602670333,-0.3541318990972586
4590.0,-1103.9678880291572,0.37161861126117135
4595.0,-1102.6224660877697,4.410803313784625
4600.0,-1096.2380037693736,7.206202016640702
4605.0,-1095.06126278344,-3.909473781824734
4610.0,-1106.9266900398059,-9.756446060810225
4615.0,-1106.2602176450841,5.463516599686958
4620.0,-1122.0502254021546,-9.477424066914601
4625.0,-1103.4581588028566,13.216339385650816
4630.0,-1111.7566830185967,-0.4856646198452299
4635.0,-1107.820444093376,6.197673966101572
4640.0,-1094.2279097759065,4.889590062207259
4645.0,-1112.8506006750802,7.774628681683042
4650.0,-1098.726909297877,0.7675351400807395
4655.0,-1102.8843735628914,-4.383440712405129
4660.0,-1114.208742974153,2.3021177613020734
4665.0,-1109.307486850587,3.145875445973327
4670.0,-1107.6716932895936,6.177604510558998
4675.0,-1106.6844953037717,9.117805478830807
4680.0,-1112.8648703947244,11.951224401267284
4685.0,-1122.5855749267075,4.127646822270844
4690.0,-1097.9112928788522,-1.4527435184269955
4695.0,-1102.779319566657,12.072612650733218
4700.0,-1113.2912702594313,1.82254245447371
4705.0,-1108.3334838288215,12.415000514271863
4710.0,-1110.0470781754636,15.08806692441336
4715.0,-1122.6545731300507,4.814269790644934
4720.0,-1101.705722065283,-11.991214686509098
4725.0,-1112.6198031457802,1.5532911814516766
4730.0,-1116.0723059058844,2.6720866373807937
4735.0,-1099.82035014669,7.796898617780999
4740.0,-1107.572245250617,5.1955382739191185
4745.0,-1104.8090148647727,0.34670929338105105
4750.0,-1115.866958853182,-6.166852420627426
4755.0,-1112.578454131779,-3.772827446981808
4760.0,-1115.1580442899713,5.977977895792706
4765.0,-1104.1120832391937,-13.705772110741847
4770.0,-1113.6530226250538,-6389.564921068722
4775.0,-1103.860355610366,243.75380733600784
4780.0,-1098.3606031867348,-5.887592177773875
4785.0,-1107.0332270348501,2.991703542203416
4790.0,-1106.1041846256417,1.9423283490567202
4795.0,-1109.762010845881,8.513247111763938
4800.0,-1115.2142987182883,3.4049125671733504
4805.0,-1107.4194382331295,16.501185380568742
4810.0,-1115.8304752653598,2.941151955304723
4815.0,-1113.139969377259,0.5670715814917003
4820.0,-1115.684644204668,9.622723052128125
4825.0,-1109.016576984795,2.421745395788202
4830.0,-1109.1737815921192,7.480513085557641
4835.0,-1105.9811067206056,3.1099519502721393
4840.0,-1095.9083737226886,-3.0530945034069186
4845.0,-1105.9780049590593,-8.331652772324293
4850.0,-1112.9603743345726,-5.340641513110471
4855.0,-1094.0525940477391,6.220819425612354
4860.0,-1111.4163484046082,5.504393077313325
4865.0,-1122.9486925825356,2.318842017234402
4870.0,-1094.560916617757,-0.6779038439018205
4875.0,-1098.6877509854658,2.813093974513808
4880.0,-1105.8682999566433,7.825375844521813
4885.0,-1109.8786915479216,16.31575944052827
4890.0,-1113.9192908327182,4.397565943802063
4895.0,-1105.788896201658,1.0229578605647098
4900.0,-1105.0946618177636,7.07545057816018
4905.0,-1110.2172814101107,3.94941771037952
4910.0,-1110.6352135444,4.953477794173946
4915.0,-1114.345398475619,-10.944223295674133
4920.0,-1100.439269130193,10.082535034399147
4925.0,-1111.8375503516324,1.9866495679938376
4930.0,-1099.2019126997507,15.984425348854185
4935.0,-1101.7231577717384,4.99882679912207
4940.0,-1103.376009095042,6.45942020134837
4945.0,-1107.2276060253823,-3.5331385948570135
4950.0,-1111.1268639910415,-9.625702642423994
4955.0,-1098.238805502574,12.181358310091744
4960.0,-1101.3324879762656,1.9287110047513822
4965.0,-1121.1765443323914,2.6682820592682095
4970.0,-1113.294995733187,-1.2746071895316198
4975.0,-1110.1645341964277,3.5852690363213595
4980.0,-1109.2149327214095,5.7052382597996
4985.0,-1103.0746773893784,6.4152031935138485
4990.0,-1098.1217935281131,-2.35056728989323
4995.0,-1103.4566346528559,-0.7719115600472909
5000.0,-1116.3762290552036,-0.06767718619806162
5005.0,-1114.8612330126011,-1.4243275353484304
5010.0,-1094.563433142,13.440915971728181
5015.0,-1114.5703991842076,3.9769931444751148
5020.0,-1106.4554440859415,15.579662372973159
5025.0,-1106.5692497110624,0.10802080988137652
5030.0,-1109.5983449468465,2.791072390621899
5035.0,-1099.676512328225,2.5261102646848883
5040.0,-1112.7579119013926,3.123601850625886
5045.0,-1107.6576613046427,8.975287525690872
5050.0,-1118.2238362587648,12.757489425339406
5055.0,-1106.520309838689,-7.817412080549537
5060.0,-1107.261152571535,12.488480918510987
5065.0,-1112.41050460977,2.8457746866694285
5070.0,-1103.1085777808087,0.21583359512555222
5075.0,-1106.7617122830184,9.128227893634595
5080.0,-1098.24041147997,10.7860917389973
5085.0,-1111.8578175999987,-2.6713652848168863
5090.0,-1105.8525857421805,2.695308081189655
5095.0,-1109.1306728138513,17.631927225792857
5100.0,-1093.437985566322,-0.0732654134770695
5105.0,-1110.3857650437233,2.275565515537507
5110.0,-1109.4036869362446,8.697255262600327
5115.0,-1103.8873068392218,-2.094166943342829
5120.0,-1107.0412418660067,-8.59505446770117
5125.0,-1096.1438485601443,18.975690939709843
5130.0,-1097.9395288026333,7.530108545304668
5135.0,-1110.9602328196308,3.2526670466671757
5140.0,-1117.4570060505484,0.6413940242154265
5145.0,-1102.5781490360553,-4.944706702990175
5150.0,-1097.4795568938412,7.771780799108978
5155.0,-1113.222890993459,11.967870275902442
5160.0,-1112.8197788710233,-1.938203751516736
5165.0,-1105.3133756178058,9.850955967583596
5170.0,-1113.7103264046264,-4.59260733770739
5175.0,-1107.1469060428115,2.1975882281599253
5180.0,-1100.6471048186506,-7.264259327683996
5185.0,-1110.7521625631457,12.18508790896456
5190.0,-1102.5401396459397,9.152146500977395
5195.0,-1112.0563511573948,-1.8105324449413267
5200.0,-1108.5757903708632,-3.3989417008653717
5205.0,-1097.2189870309992,-3.277943506028029
5210.0,-1119.146072421244,-8.586106382409762
5215.0,-1109.2038549941599,-7.283023157354002
5220.0,-1106.7260953771297,0.861808224679191
5225.0,-1104.2881857771513,3.5464786312888648
5230.0,-1104.5495785626786,12.08875911105295
5235.0,-1112.1766958159562,5.856192315415226
5240.0,-1113.6093262932554,-4.511715487993156
5245.0,-1120.4387325094172,6.55902186874758
5250.0,-1092.5836632376345,-3.4365887029208375
5255.0,-1101.4111683337112,-8.635778697900406
5260.0,-1103.2724011815133,-4.584590104185005
5265.0,-1106.5404728091937,13.567206896375014
5270.0,-1100.7098984532374,-11.72262486236031
5275.0,-1118.8927865142732,3.494822230493874
5280.0,-1098.166999285837,11.570156823100184
5285.0,-1108.6361421372624,-8.64718548461762
5290.0,-1116.697554774114,-1.2636987991703665
5295.0,-1099.5127249561297,-9.14249424758069
5300.0,-1106.8538507147582,-17.53603053304671
5305.0,-1107.9347891169443,-0.6044181812543834
5310.0,-1110.3382091792903,2.8225656803886494
5315.0,-1109.2194141799496,-5.82567794751997
5320.0,-1112.0656434727264,3.2691293232516996
5325.0,-1109.8364767747114,24.76710304303818
5330.0,-1124.0496663813278,2.0271837490451525
5335.0,-1113.2723979661305,-9.77969785572887
5340.0,-1112.6785949375562,18.638637765727385
5345.0,-1104.8967161753867,11.89639422704651
5350.0,-1108.4004712189412,5.205052412645304
5355.0,-1103.8422165519125,0.48403097601419964
5360.0,-1093.7298023563428,8.380661367638908
5365.0,-1104.9192276697038,-2.372913419932064
5370.0,-1112.851856165613,3.853496412060218
5375.0,-1113.2535867728377,5.729588215948836
5380.0,-1096.239156577364,9.212505596775145
5385.0,-1102.7782508300854,4.287339212757355
5390.0,-1118.111677409272,5.985731098481827
5395.0,-1106.429336192561,10.570248899799886
5400.0,-1119.7821166306073,12.791460610998492
5405.0,-1109.319307904516,2.4252564350747012
5410.0,-1111.2871755451226,-18.108565040857723
5415.0,-1106.3231944019385,-2.149682897156442
5420.0,-1096.1287047397714,6.341207782305398
5425.0,-1113.751119688237,-3.5461076092852184
5430.0,-1114.9198405731474,16.51839126895766
5435.0,-1114.5787357607933,-7.674355846461815
5440.0,-1098.49884468729,3.671361611208357
5445.0,-1109.5052582655005,3.4470319002414436
5450.0,-1107.6390676580484,0.44357779822753185
5455.0,-1107.802078100963,3.4802031608064308
5460.0,-1107.1699097625803,5.480716936344002
5465.0,-1097.8384839484243,-9.646859148935778
5470.0,-1101.4310401728178,6.891057349785924
5475.0,-1086.9507445878235,17.743450057055366
5480.0,-1101.7012781418484,11.829317447190506
5485.0,-1113.686556612695,-1.6500534350986564
5490.0,-1104.5320349885237,-1.5127830180291113
5495.0,-1110.2078300271728,10.790863827571714
5500.0,-1103.684405212958,1.4386789471890333
5505.0,-1110.6769931021686,1.3868562965852118
5510.0,-1109.451435397753,-1.5708395913889293
5515.0,-1100.779835492339,-3.569050043318095
5520.0,-1096.5611312995873,5.696871736642093
5525.0,-1108.3395381758119,0.012649002941410137
5530.0,-1108.7327680317776,3.3941467608124203
5535.0,-1085.6183417573172,7.081463674010311
5540.0,-1103.7408301289486,5.638243101122437
5545.0,-1102.7455247956825,6.007333961097004
5550.0,-1120.1605535002982,0.6052241931792766
5555.0,-1112.8535298721724,-1.0389660415309905
5560.0,-1113.9376492270007,3.8059064873782016
5565.0,-1111.4485419256723,-1.1865388463350597
5570.0,-1107.2598608475937,2.3948612475329263
5575.0,-1109.2658618711826,21.158359507244437
5580.0,-1099.4200871295177,-2.1320493321733593
5585.0,-1112.234010363255,-2.864422597696632
5590.0,-1100.4799483012487,12.19957221520163
5595.0,-1115.2182872779372,-1.2213732831153372
5600.0,-1105.2542515511566,5.610635789834977
5605.0,-1117.9830249470324,18.571931972099282
5610.0,-1104.0722585446524,9.37817152908962
5615.0,-1114.2833403144905,-6.060909420308699
5620.0,-1103.288734482903,-2.591510664673648
5625.0,-1104.7658058761808,11.445830838427769
5630.0,-1101.817263157632,0.8433661017977317
5635.0,-1101.3679869848897,-6.024450159802178
5640.0,-1112.5599067345595,9.194506518610453
5645.0,-1118.8999616069339,2.881144475944895
5650.0,-1106.3320299847624,5.754339761291009
5655.0,-1106.1850106522193,-4.757974209965367
5660.0,-1102.1481520739342,21.04006756080276
5665.0,-1119.1096700298576,6.183509357552784
5670.0,-1116.2262793579441,-1.3627400058259795
5675.0,-1100.8873542081317,-10.259044910621286
5680.0,-1116.694101711778,4.586746956100015
5685.0,-1115.538919035532,6.686592252358285
5690.0,-1109.0515194223012,10.60708611680885
5695.0,-1084.6536558014873,-16.29640505740637
5700.0,-1117.7094450460397,0.638321641216271
5705.0,-1101.338470840515,13.716905154208003
5710.0,-1105.525269826951,-6.4932184759345795
5715.0,-1113.9108120909434,4.280499747400094
5720.0,-1108.409054822991,-0.09238275459201933
5725.0,-1115.5258750584292,8.215351059246977
5730.0,-1103.748672391237,2.9517678259400864
5735.0,-1114.4013236914461,15.263716488197673
5740.0,-1107.957887845047,9.601170311238729
5745.0,-1109.5581504360466,-0.4998558338802449
5750.0,-1094.5809262631585,-7.8075852925352525
5755.0,-1105.5917791014515,6.534206822657428
5760.0,-1123.6974377364745,12.1836154188684
5765.0,-1116.31003040038,4.045479498032337
5770.0,-1108.032199324075,-2.100996181188445
5775.0,-1112.9626462590213,9.00147362636242
5780.0,-1103.0025828035255,8.319728581083607
5785.0,-1114.249890073052,1.3705451067344003
5790.0,-1093.6927026027383,-3.011845385332216
5795.0,-1120.7893711018655,4.3089525178403525
5800.0,-1104.787675233732,4.501209862489951
5805.0,-1108.1788099952555,6.891156551128564
5810.0,-1092.916919450686,4.231683926047552
5815.0,-1102.8568654859023,11.980503656171233
5820.0,-1108.2767079799798,-0.473212981871298
5825.0,-1107.954649829855,2.317460486130261
5830.0,-1083.2815436036851,16.326049095182537
5835.0,-1108.155275591196,2.3671835221719704
5840.0,-1098.7263903479065,-2.3652573631430105
5845.0,-1108.5857263936261,3.5601973553144672
5850.0,-1117.4854889380372,2.808341433014511
5855.0,-1101.304180589482,-2.5878040217523486
5860.0,-1107.0007336852593,-1.2325479254824092
5865.0,-1092.2771014765804,-3.3649790018876
5870.0,-1107.3970492616643,-6.4864027715561665
5875.0,-1111.4732006336635,7.329842520136053
5880.0,-1107.9561161523159,-3.83663086950003
5885.0,-1102.2375611259386,0.8592482845577658
5890.0,-1115.9589953014447,4.4303454260363555
5895.0,-1107.829492601086,3.6507088543325015
5900.0,-1098.038148724007,-1.3065659482339136
5905.0,-1110.4729662337943,-0.6666007220644575
5910.0,-1098.4862060248229,12.033510919070025
5915.0,-1101.5444564962004,4.070678336973188
5920.0,-1103.8061571454277,2.9058980739755906
5925.0,-1116.301946428831,10.440038217380085
5930.0,-1106.1592701798995,3.2762691564797612
5935.0,-1097.7896681469385,9.73921311334332
5940.0,-1098.611566792763,11.542294138007477
5945.0,-1115.7456881711514,2.5172125268394345
5950.0,-1096.6602299458666,-1.1006194905013602
5955.0,-1110.151624486796,-3.2489531037466595
5960.0,-1117.7763082103227,6.418676193688562
5965.0,-1095.3945905816088,20.993235102248907
5970.0,-1104.262607925138,3.1669367616322686
5975.0,-1114.704358717576,1.6593847977373606
5980.0,-1111.305676369684,-3.3308082796839065
5985.0,-1112.9256733060809,-2.261028006737376
5990.0,-1106.6389909337313,-2.9957720862957933
5995.0,-1111.1339343925883,5.144648655606157
6000.0,-1103.6736686039924,14.071492191932881
6005.0,-1102.580904099659,-1.4831875322355241
6010.0,-1103.7322400793653,10.829384701897439
6015.0,-1099.7124126709712,-6.544280115178083
6020.0,-1110.4134015711802,-10.69333304929183
6025.0,-1094.4132832103523,2.706588272528361
6030.0,-1095.0503614573477,6.197722098757531
6035.0,-1102.3957106967955,-0.7390306453119809
6040.0,-1089.6563295217322,11.852991307538929
6045.0,-1104.0207021441672,3.985049934057255
6050.0,-1097.9008746144355,-1.9120587624230578
6055.0,-1080.7817873797233,12.700994715916396
6060.0,-1091.0820383102662,6.203923613226402
6065.0,-1103.3207255245006,16.22002297325745
6070.0,-1096.9047744460154,2.189567321374689
6075.0,-1103.0782728485794,12.323422461242556
6080.0,-1103.3925715189453,-5.356275787872188
6085.0,-1114.5406550010396,4.833259527279981
6090.0,-1099.3845196017483,8.31364140712504
6095.0,-1107.3581634237858,2.6309069603529607
6100.0,-1094.2310355486832,10.667411005098277
6105.0,-1100.859995868956,1.5139230257387086
6110.0,-1103.413285400186,1.049161049808832
6115.0,-1103.5280781453723,7.973181354905569
6120.0,-1095.6349403176605,-4.0576287843219205
6125.0,-1119.3101891905858,1.5838508629608268
6130.0,-1088.9899616012501,-0.1897652046238696
6135.0,-1108.7714242625666,11.144808432004384
6140.0,-1114.4910650742752,-1.266169021843925
6145.0,-1105.9783889048044,17.98723825165214
6150.0,-1100.9897271718178,7.832131869311271
6155.0,-1102.7072899925945,9.507141096928384
6160.0,-1110.8750457678286,4.83816184972556
6165.0,-1105.1456439694612,-5.152174456003816
6170.0,-1106.756473345397,10.212458856361323
6175.0,-1109.9840844752841,2.9537672695920145
6180.0,-1098.546904958828,10.174575745875995
6185.0,-1126.1814828409422,1.372282054925386
6190.0,-1102.872725920399,8.866294937178075
6195.0,-1107.495472410872,1.4676406896450505
6200.0,-1114.351038409232,18.327668581857164
6205.0,-1093.7749220672772,10.962349708126636
6210.0,-1108.1984204122623,-2.605983655554336
6215.0,-1116.0888243390532,14.602771656372092
6220.0,-1104.8906027990608,2.93179163225235
6225.0,-1116.8271986206594,6.765554505778398
6230.0,-1103.1203558038799,11.644054442381526
6235.0,-1114.735613284923,10.411120056756014
6240.0,-1103.9285872512012,12.4019723486018
6245.0,-1093.8585099351903,1.6937143267702006
6250.0,-1111.1595180201075,1.0808253419431222
6255.0,-1103.4396327919098,1.4491307525394017
6260.0,-1104.271341866425,7.652242930547149
6265.0,-1119.3419607802532,11.000153981697867
6270.0,-1110.7587689335455,3.8265185695069364
6275.0,-1109.333115289528,1.8587697395739098
6280.0,-1104.3108729637313,-2.731108880118617
6285.0,-1096.269981007051,3.2214373023385443
6290.0,-1097.674405271228,-4.092215896225975
6295.0,-1098.7616067617012,-7.873044853283446
6300.0,-1117.7111888848606,4.387189979704
6305.0,-1105.1767898907087,6.565840110490321
6310.0,-1110.1645303642608,2.7440287025789303
6315.0,-1104.6785775256435,-4.687289275676647
6320.0,-1102.6221206272573,12.878445708586504
6325.0,-1108.1554993856535,2.0730678570776195
6330.0,-1113.7699690181935,9.506421452725988
6335.0,-1100.4898488016718,7.01884457094885
6340.0,-1103.2312027173996,4.490756839952919
6345.0,-1099.4362286508497,11.339844877580747
6350.0,-1100.111898311018,2.9295881807575848
6355.0,-1102.510121994816,8.422576006254205
6360.0,-1098.9643783500278,9.421553074360917
6365.0,-1097.8718613081562,15.450594560779779
6370.0,-1098.3382400151436,11.500939298319917
6375.0,-1105.1799174751764,-6.051854032370506
6380.0,-1093.784880662879,11.258866944015086
6385.0,-1097.6750216427183,-2.2429116206072655
6390.0,-1093.8866288399824,11.301439531248976
6395.0,-1100.2724634986116,10.61198955594205
6400.0,-1099.2494475681278,-6.540263726491013
6405.0,-1107.9762420242116,-2.3861058360110876
6410.0,-1106.1287483149295,5.825347068652239
6415.0,-1112.6611611431438,10.162249787735158
6420.0,-1099.3682574044851,-2.149842842570056
6425.0,-1098.963890101131,0.6101082977948984
6430.0,-1096.1293077191265,6.9000676222882475
6435.0,-1102.6685833393474,1.7770607212070626
6440.0,-1080.3556832530803,-3.758702308743066
6445.0,-1103.4760857852966,5.2681813360886105
6450.0,-1110.3690899300307,-10.220534755012045
6455.0,-1105.8778879092522,11.502071743947264
6460.0,-1109.2765218840366,-3.8807386392227627
6465.0,-1110.8722755386666,10.735745193435417
6470.0,-1107.8688701877686,4.295654631834707
6475.0,-1104.4824582109618,7.111362681436159
6480.0,-1113.729965140075,7.848916797018958
6485.0,-1111.953885614587,6.985099380222074
6490.0,-1109.8448152586036,3.4133964274766067
6495.0,-1124.5422377570703,15.244095372293325
6500.0,-1107.2518774477724,3.7157488544769826
6505.0,-1100.2794354042464,-5.465516090024328
6510.0,-1118.422357014693,6.733900000142669
6515.0,-1104.0305915769381,-2.7900210243683574
6520.0,-1097.3662499757786,8.416095125226382
6525.0,-1103.110461329437,14.871947732195752
6530.0,-1122.035743487485,-0.1920523535724128
6535.0,-1125.0631650280502,1.2351710881737223
6540.0,-1108.1413788942402,6.667402131468473
6545.0,-1112.507477874347,-4.1350426339362825
6550.0,-1116.2713095117488,1.2326381748037223
6555.0,-1099.3152329871868,2.8561938158384796
6560.0,-1104.43877088548,8.260195634427557
6565.0,-1099.984155619178,-3.237283278459574
6570.0,-1103.6501324916746,-0.5468739018997824
6575.0,-1105.9420442888877,3.8085613946814765
6580.0,-1112.8997679977906,-1.0372432905328757
6585.0,-1109.0871085333217,3.923309047269949
6590.0,-1113.3191027276953,1.6141223789211026
6595.0,-1123.9991973814222,8.011275417788605
6600.0,-1103.237786486596,5.321115203774665
6605.0,-1095.625963693122,8.261757000745815
6610.0,-1111.310457516642,3.9728079632681155
6615.0,-1108.6618299462643,3.46453192349097
6620.0,-1104.9943120572168,4.738134423792559
6625.0,-1101.5138235405025,2.9290925063590305
6630.0,-1097.584980592605,9.432952516567934
6635.0,-1115.5913216783242,5.6626452114377415
6640.0,-1091.1989152612525,7.45723621489889
6645.0,-1106.9092701438337,5.244686967404427
6650.0,-1111.54844667384,6.194165623289573
6655.0,-1098.352961400755,-1.1938120490997932
6660.0,-1111.8235563804533,9.895762115774392
6665.0,-1103.6688656323724,16.341733225319466
6670.0,-1096.9162043864678,-0.47869494492301823
6675.0,-1105.4996073676925,-4.142890591910323
6680.0,-1099.1264019507767,2.376471302184453
6685.0,-1118.9154935829424,6.800705378478023
6690.0,-1105.1152272518136,0.12460529499794948
6695.0,-1110.5090056609943,-4.8827271438183715
6700.0,-1090.5342856208717,5.8875766885201
6705.0,-1106.3159377593204,5.963306369020753
6710.0,-1101.6612745366592,5.007782041975657
6715.0,-1098.0122190853986,5.887090505735927
6720.0,-1104.2398449653213,-6.982010542391038
6725.0,-1089.743580836019,5.431903161089387
6730.0,-1103.9927267750413,8.229786110100997
6735.0,-1099.713673665676,3.8945331688880587
6740.0,-1103.9866279239825,12.230344809808582
6745.0,-1111.7696348890915,1.0496723499864569
6750.0,-1099.6454243708683,-14.865271266476817
6755.0,-1104.8892362259073,1.0240991058084945
6760.0,-1101.94508289654,-10.525221959534132
6765.0,-1091.3284290358067,1.4297381293107159
6770.0,-1103.6772691379244,-0.27054644845347986
6775.0,-1098.9307513266588,7.402923674325119
6780.0,-1096.7835478727034,-1.283860858769203
6785.0,-1109.0247579472414,-5.80430253937947
6790.0,-1100.532181968498,4.1203397330434814
6795.0,-1100.4855063490427,-0.856462038303236
6800.0,-1098.9988636854428,-11.918793663841297
6805.0,-1105.106439026132,-12.306361675366594
6810.0,-1097.0516104289218,-1.5448349497373672
6815.0,-1101.508079860995,3.0132815037514367
6820.0,-1095.8577346258016,1.075708403354406
6825.0,-1112.078553209541,20.881878719504673
6830.0,-1110.8302362740928,5.457749253406817
6835.0,-1109.4932637887634,9.539232093388968
6840.0,-1110.2271194112875,2.890119728818215
6845.0,-1108.3812546139395,-0.47368897480126804
6850.0,-1116.327286410579,0.5610005189066969
6855.0,-1104.6691962236,1.5050301577612362
6860.0,-1103.4256195868325,0.7167532534280482
6865.0,-1096.8070278502535,3.505679331370959
6870.0,-1097.7454358870127,6.376559464173299
6875.0,-1102.4821314419826,14.1830893991024
6880.0,-1099.4203583309104,-7.011827420991229
6885.0,-1129.869925772655,9.56094129388504
6890.0,-1112.701264004039,18.519416293318304
6895.0,-1103.8969848788786,3.7908182012964704
6900.0,-1107.361413189831,-5.647264660121874
6905.0,-1108.023034226696,-4.587704502264044
6910.0,-1107.0033046145238,18.694849107657944
6915.0,-1103.2208669716183,1.743725343698962
6920.0,-1107.5086779117605,6.1662128112395385
6925.0,-1102.431112245866,-10.238017464894682
6930.0,-1103.6760056100582,22.413340648245335
6935.0,-1101.7060674533896,1.8833213634463242
6940.0,-1108.8105019867269,13.185102440074145
6945.0,-1109.4541133916985,-4.696105668410054
6950.0,-1117.1251216370504,4.988437153741368
6955.0,-1104.2041912873394,3.6048496986272216
6960.0,-1111.0076967460338,3.318072744128253
6965.0,-1109.8283423190326,0.6679093250304833
6970.0,-1113.1139313695892,0.13732899280392552
6975.0,-1115.0123354147208,1.3785819713100596
6980.0,-1112.4853816224893,9.283084932954491
6985.0,-1108.672289914951,6.145227011630276
6990.0,-1102.797716445264,-3.1430045499543464
6995.0,-1109.0703185336752,18.328834261176976
7000.0,-1099.5791362244831,3.803949396813688
7005.0,-1107.2178541083533,10.96985488335975
7010.0,-1110.593622883689,0.2759187057968763
7015.0,-1095.3042623706344,-6.92702491695469
7020.0,-1100.9629818766869,-3.1319387745418092
7025.0,-1107.4750165745618,3.6318748304086554
7030.0,-1102.0163481505356,-2.590558390441086
7035.0,-1104.332997642939,19.564279299400443
7040.0,-1109.8774438980054,-4.356171503205963
7045.0,-1123.2854382814885,18.214455547615877
7050.0,-1102.7232166074793,1.3584636487652566
7055.0,-1099.0468824577417,9.589995513162055
7060.0,-1101.721763860299,-9.587099185337676
7065.0,-1114.4845320203049,11.872389429404745
7070.0,-1102.3159448851723,-1.3027129684499812
7075.0,-1106.688812230853,3.9101727374763455
7080.0,-1103.9002548821304,13.110413414616243
7085.0,-1087.348023392398,-5.221399744948902
7090.0,-1114.2045333725446,9.13317193243576
7095.0,-1111.528608686795,2.10798093532202
7100.0,-1106.9462072449212,14.009666773940058
7105.0,-1115.2563338269551,14.508006386140192
7110.0,-1091.0957739096832,-3.979244766021586
7115.0,-1100.8883163951482,3.848591075599779
7120.0,-1102.5049811804597,-4.171502183628922
7125.0,-1117.897455236082,-4.318559557790767
7130.0,-1096.7962339308501,0.8258792694233322
7135.0,-1103.6133481065965,-19.677129707831394
7140.0,-1104.5389355066652,4.639094130002757
7145.0,-1096.7746836688377,-0.9788586063649983
7150.0,-1101.6943688555746,11.68895002264058
7155.0,-1124.8595180906607,4.313313498963207
7160.0,-1104.0351036165696,7.872859688774655
7165.0,-1114.5743604323386,4.331494833358561
7170.0,-1096.9667693399842,-0.7567792392920086
7175.0,-1109.920633029925,4.847830616575198
7180.0,-1119.984740207585,6.687260073884739
7185.0,-1108.513944592982,10.55569146977612
7190.0,-1094.7422971961735,1.1810349839942451
7195.0,-1100.3499908290964,-10.538474408177768
7200.0,-1122.8189497003623,5.093034370466154
7205.0,-1105.5393619634044,3.529398050237233
7210.0,-1110.7056269313741,5.55717417445494
7215.0,-1087.0707281031325,9.568821161909097
7220.0,-1103.432569215952,19.458103763337665
7225.0,-1107.8399087175308,-8.147647920135716
7230.0,-1110.6217604343676,8.080167784352664
7235.0,-1097.3066570498283,7.319132417355123
7240.0,-1111.787118783886,1.6049603965194605
7245.0,-1112.3562369795497,1.858875641236089
7250.0,-1097.628927145478,4.726288752414069
7255.0,-1107.1576703674116,9.48803322898853
7260.0,-1109.165053050797,14.998030652569627
7265.0,-1105.914961144513,-5.7442136061016
7270.0,-1116.3161181409953,3.434065907515885
7275.0,-1113.1825486061239,0.5100014710946638
7280.0,-1117.2806599031403,-6.930450584669163
7285.0,-1109.4585887995474,7.549599718762903
7290.0,-1120.2807619690147,-0.4694859839832669
7295.0,-1103.5443167411966,14.917657931875677
7300.0,-1110.0996795700987,2.5417731788857756
7305.0,-1103.3087177602756,7.942418498192122
7310.0,-1101.335352420298,12.38611635669362
7315.0,-1097.9507999095244,7.993453024781157
7320.0,-1108.8985225034487,6.284853416140364
7325.0,-1099.3251719383784,5.755815857895721
7330.0,-1099.2113668209486,4.683967287889581
7335.0,-1109.3633803388338,-8.05020936774024
7340.0,-1100.8010773504352,1.4329126195900916
7345.0,-1111.8613361024213,-17.41322813921994
7350.0,-1102.879425017884,9.180565220321176
7355.0,-1102.5494073186835,9.227098382349144
7360.0,-1107.0004451051655,8.430146397018866
7365.0,-1095.6297899155577,8.387829834930605
7370.0,-1101.3248396987046,2.488758019439378
7375.0,-1119.677666480278,3.145383519802554
7380.0,-1102.242337586587,11.738555250304906
7385.0,-1098.9264875926463,10.02955312191842
7390.0,-1103.3814065929039,4.036574557733747
7395.0,-1115.1415845139893,-4.313338388427046
7400.0,-1109.8075683408001,3.8593412994294525
7405.0,-1104.931613776488,6.491101934137798
7410.0,-1095.0293589705625,-2.6056509020349417
7415.0,-1104.3298131761878,7.600420537022611
7420.0,-1108.8872365609034,16.004717914194668
7425.0,-1105.5060930628283,10.106059438263378
7430.0,-1103.0595880436176,13.11778633377497
7435.0,-1125.6040659292992,-6.812342908797006
7440.0,-1107.3799807034743,8.672860860311253
7445.0,-1112.916997887956,3.50559165133968
7450.0,-1105.9366643318708,10.972282516475634
7455.0,-1109.9611791455477,-1.5393071702198629
7460.0,-1114.0536454896978,6.5578085418337855
7465.0,-1107.9435463395203,3.503613044569398
7470.0,-1100.0455069344891,9.20882989670669
7475.0,-1109.6425616793633,2.511282574528226
7480.0,-1114.163080366487,-0.9167662682145286
7485.0,-1114.90287641608,2.4624797143662227
7490.0,-1108.5947722600802,-2.0835628262694446
7495.0,-1104.53291959896,4.015837908466394
7500.0,-1110.6029650128962,11.113144513648601
7505.0,-1107.1617496138406,-1.622530552957679
7510.0,-1110.7607613812827,-3.481096320423052
7515.0,-1112.5322547713436,7.621568411403101
7520.0,-1109.098164459795,-3.533440456735252
7525.0,-1111.9928947717979,4.763991557626891
7530.0,-1115.0659437454945,-1.4896539031789726
7535.0,-1101.3058221350268,5.178174035052942
7540.0,-1119.966961182984,-0.9852719169016901
7545.0,-1111.0982941623736,-1.9303515717256796
7550.0,-1122.7926476611049,4.082537463289942
7555.0,-1108.194877650426,0.02995196546702683
7560.0,-1101.4960489305079,10.902561240693705
7565.0,-1103.3279854999917,-2.731557453657623
7570.0,-1111.6310530460066,-9.949068892268853
7575.0,-1109.7421693694146,11.812180251342713
7580.0,-1118.968952090487,-7.566646449428977
7585.0,-1108.0603864183856,2.6196023106803565
7590.0,-1099.021619292112,4.272045409893199
7595.0,-1108.1353277750807,-2.4535065052171916
7600.0,-1113.6658914739626,9.417634925820444
7605.0,-1112.5034783616763,-15.860838451055425
7610.0,-1100.5191546929361,12.306945094135664
7615.0,-1108.834326880126,3.674322083064089
7620.0,-1111.480159948983,10.67891889033169
7625.0,-1099.3496701037604,7.392875960343146
7630.0,-1110.9700476186802,2.2183066247020573
7635.0,-1113.9542372350832,3.683921685475151
7640.0,-1104.70030885408,-3.826418532589016
7645.0,-1101.66861988108,4.704581869610486
7650.0,-1110.9732680046322,13.392120205217452
7655.0,-1109.6363879735975,12.184083208040668
7660.0,-1106.1999996397315,-1.1812047313462357
7665.0,-1102.373972414218,1.7647619124904201
7670.0,-1109.8099605775124,8.405561272563311
7675.0,-1115.0594213697475,5.538778286677562
7680.0,-1118.5359789513611,-1.3567738722633726
7685.0,-1113.4918825865673,12.467196395586123
7690.0,-1113.7306684068794,14.924156131525276
7695.0,-1112.2894882253897,2.4581739343724207
7700.0,-1102.733006214734,15.431171012449555
7705.0,-1106.3738200273347,3.3585805171006733
7710.0,-1098.5784043059007,6.184474969136745
7715.0,-1103.4966058774646,3.632688689351035
7720.0,-1110.050476884189,9.202735585310675
7725.0,-1113.5177018032523,12.522036530363899
7730.0,-1117.2033725256968,19.495537024770144
7735.0,-1096.0129821708597,-4.975822192110737
7740.0,-1113.7903116410496,8.903205085953205
7745.0,-1100.772492793968,-5.403777584438257
7750.0,-1112.9400451717934,13.290931397870175
7755.0,-1106.9895601900946,-5.442286548126432
7760.0,-1123.686139176681,9.804731787143218
7765.0,-1111.6989087050351,-8.726630825513064
7770.0,-1112.8981129343695,6.244163327920351
7775.0,-1104.0734728841267,7.661760876424446
7780.0,-1109.1281539964557,3.07421308773691
7785.0,-1120.148957107798,-1.3420032234174053
7790.0,-1110.870537969261,-1.9807170853656766
7795.0,-1107.6330258098733,3.7566883357735854
7800.0,-1099.7849578644475,0.48868918347290746
7805.0,-1106.1853090494965,7.425185161455095
7810.0,-1106.632449782982,5.281265111554754
7815.0,-1103.4692601615209,5.852896967688597
7820.0,-1104.7021610464087,12.169384243341952
7825.0,-1104.9867426131905,2.0401009194984567
7830.0,-1131.8263333369262,6.513168157414856
7835.0,-1095.7802824763673,-0.7597589815367326
7840.0,-1126.5705136691963,5.895882941179966
7845.0,-1098.4822191760727,2.925675850000832
7850.0,-1091.4858464999602,11.095743816414643
7855.0,-1101.8045127684013,1.4243968462404684
7860.0,-1106.8546024762074,7.007761400989598
7865.0,-1100.5213454627503,4.213068114659998
7870.0,-1119.1714284944853,3.6188604330211023
7875.0,-1110.0697252009347,14.964585887919792
7880.0,-1091.3544947322707,3.7787207518753334
7885.0,-1104.27382940641,0.10308591784750698
7890.0,-1107.7347794741897,-2.6880756804308863
7895.0,-1109.7337068739039,-10.030913931425289
7900.0,-1103.1132215464786,6.788308491220406
7905.0,-1095.7983604129183,7.739740919247764
7910.0,-1107.7182454210304,2.3294905068051306
7915.0,-1101.7866169419963,8.303752443363704
7920.0,-1092.4210765760577,9.86945295731688
7925.0,-1100.5286721601062,-5.328531627397372
7930.0,-1109.6528927071008,2.085993452561978
7935.0,-1108.6922300041192,-8.214761557313862
7940.0,-1101.4801374335427,14.179516561210791
7945.0,-1109.6563418355588,2.227678972184243
7950.0,-1097.949917583434,11.072875593060418
7955.0,-1104.2168549967248,-3.1159445354178184
7960.0,-1103.0254361690163,-4.26084227625301
7965.0,-1108.2504401939545,2.54112208085503
7970.0,-1113.5648424734677,-1.4251206970504597
7975.0,-1117.7354192631162,-2.5503695776106627
7980.0,-1107.2727470464604,5.980798200701152
7985.0,-1125.3506945157183,-7.059933930532505
7990.0,-1096.7861493295425,4.23415938373218
7995.0,-1096.555683001565,7.295422501029063
8000.0,-1107.7203101511927,-0.9585670850756403
8005.0,-1131.8798436338225,3.788443156923319
8010.0,-1103.8810918427148,-6.299348284633301
8015.0,-1098.0782582969075,6.64864503972655
8020.0,-1117.2909455118404,3.5329692046067045
8025.0,-1101.5005588373197,9.058882552218423
8030.0,-1102.412205625471,4.578822196309033
8035.0,-1098.4232294148132,0.13591570719083357
8040.0,-1102.036314567147,-1.049505391148147
8045.0,-1110.3469917612406,15.090473749716137
8050.0,-1121.6400590946173,2.6258058233885495
8055.0,-1097.6846248306294,-1.5409412185433922
8060.0,-1108.2452906327856,8.233550708668847
8065.0,-1109.74937815694,-4.5117076524524515
8070.0,-1103.3505806430496,12.397021013154344
8075.0,-1109.4543622980261,4.18046382889407
8080.0,-1098.6841503596509,0.6720558136997785
8085.0,-1116.9321481151082,-1.238449082764869
8090.0,-1114.7167569334124,-6.4852723143718976
8095.0,-1117.7377986592637,-6.888228494040354
8100.0,-1124.0906783659757,-2.102581689053282
8105.0,-1105.3239379834538,6.412942896350682
8110.0,-1094.4068653799877,-1.9624114438155418
8115.0,-1094.4000760332892,0.4825317594427676
8120.0,-1098.1379724349138,-2.8087849778789877
8125.0,-1105.1344442157824,-6.291030087850199
8130.0,-1113.4547728022671,7.355272744540482
8135.0,-1105.7757626061236,-0.03659675192049461
8140.0,-1106.950861028529,-1.2701005967077617
8145.0,-1107.9601234266586,6.775265461229751
8150.0,-1105.7047526099138,-14.495159218358497
8155.0,-1118.3756472493994,6.168283057074522
8160.0,-1100.2194404453387,16.300080799537476
8165.0,-1108.898616460191,0.3548001086334439
8170.0,-1096.2546905290376,-4.483125067042207
8175.0,-1106.908641658221,7.591156186731641
8180.0,-1107.0413438733578,17.73718974173353
8185.0,-1096.7084067390922,17.60723943180678
8190.0,-1109.0025298139608,-0.03258694853139943
8195.0,-1110.7433018923612,-4.359391148075854
8200.0,-1112.1272667080245,11.44409186733587
8205.0,-1110.545944993583,2.8303111484955696
8210.0,-1115.8933149057395,9.951784683000175
8215.0,-1099.1818364206817,17.738742123521064
8220.0,-1103.8119672511373,11.173508391411579
8225.0,-1111.9577642856093,7.058199691860204
8230.0,-1112.8019082321434,-5.435020288164125
8235.0,-1098.0398877677055,12.221119515659979
8240.0,-1098.7414514556147,0.654867253499846
8245.0,-1112.6779458026324,7.016574423670395
8250.0,-1108.8885999194426,6.365859345561132
8255.0,-1108.8090480603557,-4.251607679471928
8260.0,-1107.909006207808,12.70283281006109
8265.0,-1101.0808864837613,6.69709749038434
8270.0,-1115.1238844222016,-5.048949269357637
8275.0,-1102.4643495169894,8.960831850768287
8280.0,-1102.3656079814207,0.988246911207681
8285.0,-1112.0646874908994,-5.134056123520409
8290.0,-1105.2834706375872,2.67574361136204
8295.0,-1104.0656784735838,10.512069278434899
8300.0,-1099.014228705449,13.812475949094901
8305.0,-1106.8391436686736,-1.3147949410531794
8310.0,-1122.4277944790647,-6.07093042059445
8315.0,-1095.8548424418095,-5.58003647981889
8320.0,-1100.4060801541473,-4.416577074558926
8325.0,-1097.1498231492678,3.993678830782081
8330.0,-1106.3501838547143,7.129065373111373
8335.0,-1109.429765203819,12.359908873340176
8340.0,-1102.2090543076745,2.184053463854914
8345.0,-1109.708846108506,0.5292754475403156
8350.0,-1104.1242172702998,-16.64847830967291
8355.0,-1110.4051551852215,6.649984226967326
8360.0,-1112.8946318102585,-3.8105452968804228
8365.0,-1111.3595129672995,-1.0108571561266615
8370.0,-1112.4045000204512,0.2607694348484101
8375.0,-1122.9634547045928,-7.148477420934534
8380.0,-1106.375193667203,4.216442586987117
8385.0,-1102.33236130843,3.4548399057036256
8390.0,-1109.2562066916666,8.835004315884866
8395.0,-1112.6761201814422,-9.637718087479477
8400.0,-1116.2048171645367,8.570823650087815
8405.0,-1104.4398480016548,6.209118184285111
8410.0,-1104.6534930215244,-5.97538657330706
8415.0,-1109.1178246001239,10.37217676652669
8420.0,-1107.8896769637142,3.4422325504082014
8425.0,-1104.9933017547478,2.7687250925112608
8430.0,-1109.7298008989624,6.648671724948541
8435.0,-1113.4914027594966,1.354114303936794
8440.0,-1104.6349941536755,-2.941801479192496
8445.0,-1100.063898809292,6.2556969832567075
8450.0,-1105.3781071971434,-3.148376378784314
8455.0,-1104.509967084939,0.13384623510655713
8460.0,-1116.9522879928088,4.944847545494249
8465.0,-1100.3838493647265,-1.617432995753978
8470.0,-1115.9260941087405,2.032879571864516
8475.0,-1105.3117602520754,-2.562427007428443
8480.0,-1104.1483868044668,0.42309540501577225
8485.0,-1109.9410664398058,8.799870257371268
8490.0,-1098.9851519935683,9.734425216724727
8495.0,-1108.3437422156521,10.882768137285908
8500.0,-1111.1540651995335,-0.02922783477504265
8505.0,-1106.4850494225245,6.484849380854005
8510.0,-1096.2875522681786,17.824794967591835
8515.0,-1119.3985777749838,19.375687417590555
8520.0,-1109.1705915025002,2.912726296624257
8525.0,-1094.5871607797333,3.3955859986851333
8530.0,-1089.9331872602716,8.96158690581596
8535.0,-1107.2804876756875,6.10327076600939
8540.0,-1094.8108601921485,9.055690298042935
8545.0,-1097.351143247253,-0.1953581659122906
8550.0,-1102.3802583505487,-1.4820774870895759
8555.0,-1118.585207171817,5.386892223991588
8560.0,-1107.2084991225881,9.344185981988707
8565.0,-1105.3527159417085,-3.585788278355121
8570.0,-1103.8269606745655,11.978595441011862
8575.0,-1103.346530898463,17.592533106435035
8580.0,-1112.3322074941855,2.3567853458899073
8585.0,-1101.2795653330363,1.7076013365885878
8590.0,-1100.9763974281502,-6.207139631099105
8595.0,-1115.8712654324947,-0.3038350387207073
8600.0,-1113.237749745021,4.20603822454693
8605.0,-1121.9976796027202,11.126877836415598
8610.0,-1106.6001581422502,7.00978291808012
8615.0,-1107.0893632865361,2.8502695881937306
8620.0,-1101.0721554576298,2.7096888799980223
8625.0,-1100.8577449669003,9.804111900144507
8630.0,-1103.642204673876,3.0695739581494275
8635.0,-1107.50583139955,6.681250291755607
8640.0,-1104.0837067593773,1.6555907989898229
8645.0,-1115.5787346234993,1.0835564894448915
8650.0,-1104.0789382993964,-17.799692725377646
8655.0,-1106.6663078073627,7.913869925503263
8660.0,-1107.6633526600065,8.189340973879482
8665.0,-1104.623826466467,2.247802894942021
8670.0,-1098.9899029653996,1.2790875809483129
8675.0,-1106.8768242212816,-0.01153657878079517
8680.0,-1119.331448137047,1.880000556725324
8685.0,-1104.1735733777912,12.522667204992494
8690.0,-1104.1386829829257,1.4654023617670577
8695.0,-1099.272219779217,-0.9234262068372001
8700.0,-1113.9789190607416,15.259892013555316
8705.0,-1128.240214993464,-9.277600150444732
8710.0,-1112.6565095621484,7.792512247193976
8715.0,-1111.4529964519206,1.6718072036051037
8720.0,-1109.5788660576902,-0.3954857535440771
8725.0,-1115.1072220890019,-4.313179792376081
8730.0,-1100.766150481096,-1.7839745533856783
8735.0,-1112.113410439022,12.880451368809611
8740.0,-1118.0089776823577,1.180437364883454
8745.0,-1121.263078809627,-5.912043227889857
8750.0,-1110.3138606965485,16.509798348729547
8755.0,-1105.189296357757,-7.06896947247126
8760.0,-1109.751204130169,-8.555192835754092
8765.0,-1113.7365022261615,3.2924453786729386
8770.0,-1112.4466385487726,5.226845123469416
8775.0,-1129.9289756041385,-3.6337621977417354
8780.0,-1106.3187110262634,0.3112909650408865
8785.0,-1104.20914636707,5.309471420052185
8790.0,-1104.7494930957062,-0.1302395710436106
8795.0,-1094.8665650183852,9.700663578728227
8800.0,-1100.6063815969494,8.514788025461906
8805.0,-1107.4896982095865,3.563215601740616
8810.0,-1100.6668822467475,0.1937619095047156
8815.0,-1095.8142401871962,-8.177417677428089
8820.0,-1097.01491174917,4.737762847355702
8825.0,-1104.8355815636658,10.101170217259874
8830.0,-1108.5950574005983,-0.47347928703636577
8835.0,-1101.3221410963627,2.063922924610745
8840.0,-1110.858243964317,-7.312043757403709
8845.0,-1109.3422765892985,11.392487739085878
8850.0,-1118.1062036598682,-5.423580199741838
8855.0,-1115.2260471482696,-0.7458432707316711
8860.0,-1120.2261946960523,-3.190972313925182
8865.0,-1107.493466353627,1.4254542530544478
8870.0,-1122.4844528936337,8.545014290938164
8875.0,-1103.3251423607785,-0.6764356474917869
8880.0,-1117.0752497748203,6.698170764835989
8885.0,-1107.3448782464043,4.195752010898634
8890.0,-1113.4318211951513,5.591133453193961
8895.0,-1108.291407280179,-8.208395417031463
8900.0,-1114.7187799771693,5.253951697087105
8905.0,-1105.7386095262998,6.970452635209808
8910.0,-1107.6114305073552,3.1675396771017263
8915.0,-1116.6313974545374,-7.09354211346553
8920.0,-1113.0168786326583,22.424239968945106
8925.0,-1110.4417296711777,4.241121989387415
8930.0,-1105.411917756584,-9.712501636543958
8935.0,-1098.262506934846,6.070799824010453
8940.0,-1118.7318889800172,3.8561879874317766
8945.0,-1103.7518998630662,8.209663203893536
8950.0,-1105.0582378986928,-2.509652926787398
8955.0,-1112.0345637497367,13.14315594640059
8960.0,-1112.95977974687,4.951425438860429
8965.0,-1107.7946104094503,9.761912018409781
8970.0,-1101.0505526171555,10.776537783100986
8975.0,-1119.1424310018149,-4.788917364245055
8980.0,-1108.8059451630024,-10.78065610269037
8985.0,-1119.1597514159319,9.827794494959614
8990.0,-1099.663478617928,-2.161016011768688
8995.0,-1121.162774025786,5.479157143091415
9000.0,-1107.9257464382613,1.5102007145873153
9005.0,-1118.5705973285667,13.972484289499652
9010.0,-1105.4553535511625,6.832472563868774
9015.0,-1114.015335893959,0.8297012914820566
9020.0,-1104.7054922812936,6.395571383023221
9025.0,-1097.903319798727,-4.531675705553328
9030.0,-1103.7039608941648,4.819742845617109
9035.0,-1104.3497688505568,12.83176839561002
9040.0,-1113.4265105710624,14.461110730250756
9045.0,-1119.1250776165978,-6.304518303181663
9050.0,-1105.2214192935185,4.793187028214588
9055.0,-1110.177793944595,-1.2593750818094431
9060.0,-1097.3046399396458,-4.158093244559034
9065.0,-1105.6094882100879,-0.755154004807374
9070.0,-1105.050454963384,8.461957202422466
9075.0,-1100.7338719802888,6.818450342523227
9080.0,-1094.1851263865854,-9.981321818727654
9085.0,-1105.670809124574,-3.8455030375805177
9090.0,-1120.5493393169513,-1.0789394999229824
9095.0,-1096.673973966951,0.4155671337202864
9100.0,-1104.3932220657084,3.4166914785439273
9105.0,-1104.0142747256966,8.358784865556395
9110.0,-1111.0818434594157,1.0041296205733894
9115.0,-1121.1418931985743,-11.1344836945497
9120.0,-1112.0144325297854,14.875075961166077
9125.0,-1111.6927755963645,5.1368833788462664
9130.0,-1106.5679574061114,4.669662627645315
9135.0,-1104.7600907291323,2.526071656099691
9140.0,-1110.6203057810053,7.974533267489746
9145.0,-1114.0070569158559,-2.7058693579291018
9150.0,-1111.497702037071,9.401040240472094
9155.0,-1114.4610699365608,7.4905726215226665
9160.0,-1108.100419179071,7.045250977087175
9165.0,-1104.6708718832756,1.9790878708379014
9170.0,-1113.5713640334893,6.285096825928006
9175.0,-1108.598113264957,10.659506115798509
9180.0,-1105.0869842345176,-1.7356249244126534
9185.0,-1100.5103340458672,-0.11755119688465543
9190.0,-1103.7048655930832,6.030554912704373
9195.0,-1096.2982718595072,-9.046716509963463
9200.0,-1097.2476420573228,8.943274692573452
9205.0,-1110.532592819972,-13.248683760382058
9210.0,-1113.7753875367748,4.057607067851325
9215.0,-1113.8785778821064,6.436350571334869
9220.0,-1110.1523432596505,0.2857629013151919
9225.0,-1113.2012790315694,2.3061344948756854
9230.0,-1107.6003271459597,-1.7088680330048382
9235.0,-1103.4927167121862,1.9219401665096019
9240.0,-1106.1244225238195,-1.3438048444487447
9245.0,-1103.2377007406005,7.303162806784175
9250.0,-1111.8874906126844,-5.297507723510608
9255.0,-1108.1596640448565,7.226507119127062
9260.0,-1109.2132513933411,-2.5053892785329577
9265.0,-1100.5831034447217,-4.527384622193777
9270.0,-1114.3873463382015,5.475462929914515
9275.0,-1107.8477403752895,14.71149374632665
9280.0,-1127.8937725288556,4.883434445475824
9285.0,-1108.768045039638,6.247713266195245
9290.0,-1115.906542741178,11.419240839420912
9295.0,-1112.118809163845,1.9349784730304425
9300.0,-1102.0872338378467,0.5376886587184055
9305.0,-1108.800709286066,1.720644405535137
9310.0,-1125.1200685302656,8.720032843813481
9315.0,-1121.8770598021147,-6.089263795978498
9320.0,-1099.5889602359714,2.4085604223534185
9325.0,-1112.5063339888277,11.046538319623703
9330.0,-1103.7603283247247,-17.12161231411207
9335.0,-1120.4890599936741,-1.0375142646153428
9340.0,-1105.108008120966,8.431839453068873
9345.0,-1109.111659627471,7.560069288996027
9350.0,-1128.5675115539184,16.663269432652477
9355.0,-1122.766179430982,7.609947169027734
9360.0,-1110.9609981595054,4.820082420464094
9365.0,-1126.7721343928406,12.117171819366884
9370.0,-1106.9655040590037,1.8540754966083657
9375.0,-1119.763140833485,4.9858784399423675
9380.0,-1113.2746671084494,5.291354825345835
9385.0,-1110.92634227276,0.8458308464906519
9390.0,-1121.132403110938,1.5759979071183696
9395.0,-1113.0494706439815,9.168067728257148
9400.0,-1102.09418173014,-6.670720675534168
9405.0,-1105.6862730782632,0.6914228554751953
9410.0,-1121.5262407312307,-8.221202238383063
9415.0,-1105.307434482126,4.747271547559244
9420.0,-1100.084194750994,4.158254681583923
9425.0,-1106.8538034911792,15.774450976269183
9430.0,-1107.2828073014682,-2.8822468014397336
9435.0,-1111.6139609232544,-5.568111536069053
9440.0,-1111.857834124926,9.935618216896806
9445.0,-1125.6736948039938,10.559651016048623
9450.0,-1119.291043208593,8.789839377456916
9455.0,-1111.1345197008025,-3.4194081759121415
9460.0,-1111.4502982763559,-3.4923692415570002
9465.0,-1115.7235356745844,6.1953694780322905
9470.0,-1109.829902580128,5.688435092879956
9475.0,-1109.0735506764079,1.95583082893343
9480.0,-1120.388169108768,10.758483714957444
9485.0,-1106.7398315277917,1.260867557388415
9490.0,-1109.7143622763692,5.941502852589
9495.0,-1109.928895172058,1.6523741741119569
9500.0,-1107.0790012896396,-7.834604428487343
9505.0,-1108.6272473652361,7.609871381726241
9510.0,-1106.4331992705033,7.507881296765271
9515.0,-1114.1532731286422,-0.2720925347056854
9520.0,-1110.9752822981798,5.427448005189151
9525.0,-1111.4061789581913,1.953686292613828
9530.0,-1106.2283331982815,3.865000889977009
9535.0,-1124.1631561777006,-5.782196360559031
9540.0,-1113.7658250986797,21.232179790072593
9545.0,-1100.1518535344965,3.6062676013289616
9550.0,-1116.7206785661704,-7.575733198327841
9555.0,-1112.7304492563972,-8.32057978997967
9560.0,-1104.8998900067488,2.387680992709792
9565.0,-1126.7238598059803,13.608832134026244
9570.0,-1118.4926747662882,8.646259061444109
9575.0,-1118.013953176104,15.548086555007856
9580.0,-1118.758045150936,-9.280613125861128
9585.0,-1116.4872447725136,5.018238099761388
9590.0,-1103.6323223024683,2.7393855352825818
9595.0,-1118.0157176213368,-1.534645567210068
9600.0,-1105.393699404786,9.77279110687507
9605.0,-1110.9701500022343,-3.60922596611634
9610.0,-1107.7001142503073,-7.910085890876451
9615.0,-1116.4203301691514,-0.8340976896281784
9620.0,-1119.8665794172327,5.054192943749384
9625.0,-1105.6541266086892,-14.078678866851435
9630.0,-1116.1742800608497,1.2657952620577326
9635.0,-1101.1319419987951,-5.990039755777653
9640.0,-1107.7987592498052,-0.36881399524483616
9645.0,-1111.9160104786401,6.174072593983605
9650.0,-1103.922823466927,-5.944882608142745
9655.0,-1103.0031574210334,-7.729377142854716
9660.0,-1105.9521952413957,-12.48787181680143
9665.0,-1119.424669498716,-2.9163817922627855
9670.0,-1106.998394452397,11.642221582814479
9675.0,-1118.3678756504016,11.22936615052782
9680.0,-1117.9818831175317,14.62767033575217
9685.0,-1116.6544637842753,11.349526126856068
9690.0,-1122.3705468608448,6.142418950766146
9695.0,-1101.514339407703,-1.8521747590733026
9700.0,-1089.3365219574705,-2.411430351427423
9705.0,-1111.9432557919624,4.614623446548795
9710.0,-1093.2718838075684,16.741911722115002
9715.0,-1097.5344638630888,3.149988816507655
9720.0,-1109.0025738818038,-6.365427409935205
9725.0,-1095.0002944847602,9.196885295432859
9730.0,-1102.3553090543905,1.7488948166072324
9735.0,-1104.3654849464394,-2.5863594971744956
9740.0,-1104.0661282562069,19.271765753588525
9745.0,-1098.5008166447024,-7.351852446363371
9750.0,-1107.1043025910328,2.1073141757904312
9755.0,-1110.759029527577,8.888016901092962
9760.0,-1114.298521983545,-0.944423091506987
9765.0,-1094.0792332883277,-3.40570276532688
9770.0,-1111.6394160662287,-0.7967984187158853
9775.0,-1100.2272224855676,-1.4336684378627595
9780.0,-1103.50693827806,-1.718960699019399
9785.0,-1110.5388316731753,-4.575132592323571
9790.0,-1104.4853704933532,-10.779617597696587
9795.0,-1106.1976039728286,8.90542417701793
9800.0,-1094.6061037478376,2.123529928458506
9805.0,-1114.0427968854283,3.9493161998882984
9810.0,-1110.6698760135073,-9.723561896441408
9815.0,-1114.156871713325,-2.481842742465827
9820.0,-1105.6366459179076,3.4859226682529947
9825.0,-1108.2592889348484,9.03078987076682
9830.0,-1099.999526646303,4.3511149369971385
9835.0,-1088.6384238172768,-5.914789829339171
9840.0,-1114.5178259534712,5.639504696484832
9845.0,-1105.9754394509685,3.30800816846065
9850.0,-1101.313640628589,-2.1065621317351813
9855.0,-1105.5991395199842,-6.49139128419927
9860.0,-1107.4038471356537,-4.760343983587769
9865.0,-1113.153305178526,6.063037994782522
9870.0,-1109.5279024852703,5.977939659652445
9875.0,-1093.8527711926156,1.3786091500251472
9880.0,-1108.6333152466677,4.640907264857191
9885.0,-1102.1157670964928,0.8898935170580429
9890.0,-1096.6497377066578,9.262627225621415
9895.0,-1110.5427141229432,10.87179705091315
9900.0,-1106.286436534777,4.7721049150723
9905.0,-1109.293195427735,9.696267504155474
9910.0,-1110.6022790330264,12.661940243950962
9915.0,-1103.1454585939057,4.710948605497432
9920.0,-1101.8775568010556,15.868197298859771
9925.0,-1096.4311453992962,-11.257841944269213
9930.0,-1095.379285614711,8.935063709633495
9935.0,-1107.544777980927,-1.0634825200902536
9940.0,-1099.9401757184633,3.7338050353944756
9945.0,-1113.6915892742923,1.4069775620046472
9950.0,-1092.2469094279663,16.888239736342776
9955.0,-1094.140850548669,9.84757054463864
9960.0,-1103.9322919387628,3.073126641908714
9965.0,-1103.446668488998,6.72617446562887
9970.0,-1105.7869095238186,3.98552963438692
9975.0,-1108.0823903354005,2.56928507954981
9980.0,-1099.5297370881465,4.798918432788189
9985.0,-1122.9310474386662,5.778386470320007
9990.0,-1105.161750337377,12.808135442880076
9995.0,-1103.0933610781078,-4.3278196473924835
10000.0,-1099.24630412963,-3.4962073901753348
10005.0,-1103.0800091160575,17.552739254067443
10010.0,-1116.4027984489858,8.53657946236556
10015.0,-1110.6779084101893,9.275973717398681
10020.0,-1095.0870545685239,2.7391923256163495
10025.0,-1106.0947485394324,7.864979951191469
10030.0,-1108.8354620557043,7.077782717417728
10035.0,-1106.3859111118359,11.14791977578921
10040.0,-1095.5689241790192,12.011920834401323
10045.0,-1101.7938871455335,-4.144358420434721
10050.0,-1096.7065573089328,-2.7289145094649356
10055.0,-1110.5804431441022,12.336007731089877
10060.0,-1101.4878058669515,7.231491943252437
10065.0,-1102.2257267785465,8.047521407785219
10070.0,-1114.9034817609293,9.602966050403781
10075.0,-1103.0796058738968,-5.838287860917269
10080.0,-1092.909024324383,-1.3479774140152332
10085.0,-1105.6132945399463,2.968778028434075
10090.0,-1107.9390348181967,2.7002501923705373
10095.0,-1108.2395896041644,7.5090508759751815
10100.0,-1119.0117408214815,8.492912330983836
10105.0,-1090.9546985042339,6.456221019319357
10110.0,-1100.5490379688058,-1.2699632379808095
10115.0,-1104.8128533161066,13.604968021033248
10120.0,-1125.6530645098644,0.7489141929866898
10125.0,-1102.6658810075994,-5.8302835816202885
10130.0,-1106.7766174144367,1.3418207942131428
10135.0,-1099.1192400239722,3.4539580962284044
10140.0,-1101.7266237037222,4.491834095644111
10145.0,-1113.4680599887245,-6.364986246547385
10150.0,-1082.7942259790816,12.917751498281206
10155.0,-1109.669200716783,1.4486377422390833
10160.0,-1103.2825311489032,9.39554856342634
10165.0,-1106.961125987581,-4.964737431238475
10170.0,-1104.0657686554725,-3.7574964040820027
10175.0,-1100.540040995476,4.679068410435907
10180.0,-1117.251515813871,-7.155458178071348
10185.0,-1102.297217546034,11.625340563818973
10190.0,-1122.6718318000692,4.784173067902156
10195.0,-1118.2166825609736,10.07801641963065
10200.0,-1106.1115244997684,0.0518354948160612
10205.0,-1110.8794707011373,-7.001898876525077
10210.0,-1104.5363758870162,7.441348506662386
10215.0,-1106.5142198253589,16.247336823869823
10220.0,-1113.3218085934323,-3.3457342626761317
10225.0,-1109.3396451301214,17.02249498504726
10230.0,-1100.520806542935,-4.494349657862208
10235.0,-1099.6370174837482,-0.8677461448761912
10240.0,-1109.3763613320791,3.6096234143447865
10245.0,-1115.448383890029,2.622664416716077
10250.0,-1105.2917127274293,5.563924002594895
10255.0,-1117.9701385792666,13.221181208051476
10260.0,-1104.2126508836268,0.08878986070376149
10265.0,-1101.79843473549,5.491481162869168
10270.0,-1101.6634010262323,5.567314023134646
10275.0,-1121.0277828629883,4.453870050580514
10280.0,-1113.3368797558396,-0.9663139866875325
10285.0,-1105.4848126071913,2.3993986468202326
10290.0,-1089.19323499914,-11.399004578324044
10295.0,-1104.1371547326648,-6.804240922346595
10300.0,-1110.5387550398214,6.074060306204377
10305.0,-1107.3352758417277,5.325424942589403
10310.0,-1111.374185790862,3.7855724462563334
10315.0,-1106.7991079573026,11.066102950534372
10320.0,-1112.1216026894683,1.3016893397595173
10325.0,-1109.4168489904046,1.7405308306644058
10330.0,-1105.6399648469169,-2.042824337719612
10335.0,-1115.7866598725523,-3.907310094048526
10340.0,-1112.1257559261965,6.5621436025087325
10345.0,-1112.2487975014421,-1.9032641835548791
10350.0,-1101.4503449899084,11.924947433414426
10355.0,-1107.2075170452565,14.122410247282229
10360.0,-1103.1290097298256,3.255803730963257
10365.0,-1101.4867793724225,8.02627216312186
10370.0,-1102.6365984325498,-6.740424817053619
10375.0,-1087.3496536046007,-0.4572506063331918
10380.0,-1114.5797548482292,5.237576048290093
10385.0,-1095.5448223866163,8.674373466715844
10390.0,-1118.8866525796182,0.8072667318011111
10395.0,-1102.3332685332234,4.288779921434087
10400.0,-1108.5215130435165,1.2617844267343743
10405.0,-1118.128761973984,4.530551995033355
10410.0,-1113.4333814469906,4.116333401021098
10415.0,-1102.7914008322348,-3.9052044341251397
10420.0,-1102.5464860506083,-1.9322965185726617
10425.0,-1105.3580332792826,8.267037001249472
10430.0,-1104.4953078672522,1.010139021084545
10435.0,-1110.8260149852565,-0.8533367820871515
10440.0,-1099.2780475479158,8.256297536919211
10445.0,-1090.3697592540232,2.39902514110869
10450.0,-1103.344709591041,2.6386955556945204
10455.0,-1090.4943269301746,2.686677183768855
10460.0,-1104.7478799429555,7.291615129704552
10465.0,-1117.6132634020469,6.080180388460161
10470.0,-1098.0766466447653,0.5342287676801118
10475.0,-1121.27884766687,0.9674206048045663
10480.0,-1115.484376104957,7.554354628303756
10485.0,-1116.7724877015755,13.656714322158777
10490.0,-1114.0520239893976,-10.041071186037867
10495.0,-1112.8246335621532,-1.3030778906557883
10500.0,-1104.8653438305093,9.477611944931885
10505.0,-1114.0843913168692,3.5299905157223535
10510.0,-1111.3890902721548,7.071215352564292
10515.0,-1100.6467610372843,0.16887758558101895
10520.0,-1099.5210625731643,4.313747342878587
10525.0,-1107.5136200544293,5.35485392057359
10530.0,-1109.215374881918,16.420165113988237
10535.0,-1104.030499057555,0.7220265509960874
10540.0,-1118.7203566309636,11.052329208039456
10545.0,-1112.040413706932,11.162126979536078
10550.0,-1108.3676239642837,4.1211557416663425
10555.0,-1115.4184266121479,6.698554379810984
10560.0,-1106.2055445655603,3.38318739585637
10565.0,-1101.501501448932,14.738515362258225
10570.0,-1118.3062508653256,-4.3824770985665555
10575.0,-1102.1651373579973,8.910728114812349
10580.0,-1105.6325470486913,-2.2602993689203172
10585.0,-1102.4476655215908,0.4497048593005313
10590.0,-1095.4870919466068,2.891663305035871
10595.0,-1117.0041066650642,5.932813021859623
10600.0,-1111.652530268742,4.184995347791354
10605.0,-1112.365217777023,10.498643070613909
10610.0,-1116.5579354705756,2.8321815266468904
10615.0,-1100.2579308939858,9.856514253319107
10620.0,-1114.248414408755,14.873104539868747
10625.0,-1109.2577663737559,-2.089866067731786
10630.0,-1108.133651522818,-0.9076910066337002
10635.0,-1109.653242695579,-1.7806459272398452
10640.0,-1101.516371568921,2.8096770300002682
10645.0,-1107.9539600386572,-3.2688631243401467
10650.0,-1097.4741817279123,7.5595650539271855
10655.0,-1114.319966115646,7.619352210740563
10660.0,-1107.2894704056223,21.24189028788942
10665.0,-1103.9616237184732,9.108006291377587
10670.0,-1111.7394157146298,7.0771886984581585
10675.0,-1102.4723668152478,6.164381291657605
10680.0,-1103.244480199179,0.2661808080691802
10685.0,-1096.7607260848179,-7.700313470994376
10690.0,-1105.2382409767258,12.737059635711251
10695.0,-1116.4081018791032,4.956968816972247
10700.0,-1101.1266448832212,14.009197527005393
10705.0,-1106.8362060732218,9.252444735067998
10710.0,-1114.7888696176544,5.668360905064937
10715.0,-1106.0038503927092,-4.498844671034091
10720.0,-1108.3227344200466,-16.678355314051576
10725.0,-1105.5998302898945,-5.0510988461724
10730.0,-1108.4040562845646,5.253314500388827
10735.0,-1099.204443022943,3.8312322028133297
10740.0,-1100.9698920797687,1.586702554610352
10745.0,-1107.4653496976157,-0.4840947159333483
10750.0,-1106.670309864069,9.09744033956761
10755.0,-1101.531096316832,7.315976547611286
10760.0,-1107.5935484407084,12.314546867682237
10765.0,-1108.8953497025743,-10.601585478599372
10770.0,-1117.414624148581,7.134331884706987
10775.0,-1110.7638783097443,-2.3118724790721474
10780.0,-1117.2986223585704,1.9992466460252905
10785.0,-1115.0238987795917,-6.6040457167231725
10790.0,-1099.9326237889566,9.492313996290314
