Temperature_degC,Device,Ambient_Temperature_degC,Source_File,Raw_Column,Samples,Window_Mode,Window_Start,Window_End,Window_Size,Target_Mean_Raw16,Selection_Score,Estimated_Baseline_Raw16,Measured_Mean_Raw16,Measured_Std_Raw16,Corrected_Raw16,Corrected_Visual_mV,Corrected_Thermocouple_mV,T_Table_Absolute_mV,Reference_Thermocouple_mV,Error_mV,Error_uV
5,cycle2_8chip,25,cycle2/5.csv,TemperatureRaw16,1394,target_mean_plus_stability,813,1213,400,-1572.576217,0.563014,-136.190937,-1572.0325,5.65122,-1435.841563,-219.092035,-0.796698,0.195,-0.797,0.000302,0.302
6,cycle2_8chip,25,cycle2/6.csv,TemperatureRaw16,1519,target_mean_plus_stability,975,1375,400,-1502.288857,3.858564,-136.190937,-1506.1275,5.866198,-1369.936563,-209.03573,-0.76013,0.234,-0.758,-0.00213,-2.13
7,cycle2_8chip,25,cycle2/7.csv,TemperatureRaw16,1377,target_mean_plus_stability,654,1054,400,-1432.001497,0.100696,-136.190937,-1431.92,5.653185,-1295.729063,-197.712565,-0.718955,0.273,-0.719,4.5e-05,0.045
8,cycle2_8chip,25,cycle2/8.csv,TemperatureRaw16,1263,target_mean_plus_stability,782,1182,400,-1361.714137,0.671783,-136.190937,-1361.0625,5.99445,-1224.871563,-186.900568,-0.679638,0.312,-0.68,0.000362,0.362
9,cycle2_8chip,25,cycle2/9.csv,TemperatureRaw16,1256,target_mean_plus_stability,856,1256,400,-1289.624537,2.160671,-136.190937,-1291.765,6.146888,-1155.574063,-176.326609,-0.641188,0.352,-0.64,-0.001188,-1.188
10,cycle2_8chip,25,cycle2/10.csv,TemperatureRaw16,1205,target_mean_plus_stability,513,913,400,-1219.337177,0.020605,-136.190937,-1219.3375,6.042754,-1083.146563,-165.275049,-0.601,0.391,-0.601,-0.0,-0.0
11,cycle2_8chip,25,cycle2/11.csv,TemperatureRaw16,1482,target_mean_plus_stability,901,1301,400,-1147.247577,0.022107,-136.190937,-1147.25,5.885073,-1011.059063,-154.27537,-0.561001,0.431,-0.561,-1e-06,-0.001
12,cycle2_8chip,25,cycle2/12.csv,TemperatureRaw16,1278,target_mean_plus_stability,785,1185,400,-1076.960217,3.0752,-136.190937,-1073.905,5.916798,-937.714063,-143.083811,-0.520305,0.47,-0.522,0.001695,1.695
13,cycle2_8chip,25,cycle2/13.csv,TemperatureRaw16,1162,target_mean_plus_stability,762,1162,400,-1004.870617,1.381883,-136.190937,-1006.2325,5.932658,-870.041563,-132.757807,-0.482756,0.51,-0.482,-0.000756,-0.756
14,cycle2_8chip,25,cycle2/14.csv,TemperatureRaw16,747,target_mean_plus_stability,336,736,400,-934.583257,0.305562,-136.190937,-934.87,5.741124,-798.679063,-121.868753,-0.443159,0.549,-0.443,-0.000159,-0.159
15,cycle2_8chip,25,cycle2/15.csv,TemperatureRaw16,557,target_mean_plus_stability,157,557,400,-862.493657,3.628459,-136.190937,-866.1025,5.681346,-729.911563,-111.375666,-0.405002,0.589,-0.403,-0.002002,-2.002
16,cycle2_8chip,25,cycle2/16.csv,TemperatureRaw16,400,target_mean_plus_stability,0,400,400,-790.404057,1.706557,-136.190937,-788.7175,6.12507,-652.526563,-99.567652,-0.362064,0.629,-0.363,0.000936,0.936
17,cycle2_8chip,25,cycle2/17.csv,TemperatureRaw16,400,target_mean_plus_stability,0,400,400,-718.314457,1.163043,-136.190937,-719.4575,5.914868,-583.266563,-88.999415,-0.323634,0.669,-0.323,-0.000634,-0.634
18,cycle2_8chip,25,cycle2/18.csv,TemperatureRaw16,400,target_mean_plus_stability,0,400,400,-646.224857,6.584857,-136.190937,-639.66,6.3253,-503.469063,-76.823282,-0.279357,0.709,-0.283,0.003643,3.643
19,cycle2_8chip,25,cycle2/19.csv,TemperatureRaw16,400,target_mean_plus_stability,0,400,400,-574.135257,5.235257,-136.190937,-568.92,6.169177,-432.729063,-66.029215,-0.240106,0.749,-0.243,0.002894,2.894
20,cycle2_8chip,25,cycle2/20.csv,TemperatureRaw16,400,target_mean_plus_stability,0,400,400,-500.243417,0.125917,-136.190937,-500.1375,6.151683,-363.946563,-55.533838,-0.201941,0.79,-0.202,5.9e-05,0.059
21,cycle2_8chip,25,cycle2/21.csv,TemperatureRaw16,400,target_mean_plus_stability,0,400,400,-428.153817,6.613683,-136.190937,-434.7475,6.127202,-298.556563,-45.556116,-0.165659,0.83,-0.162,-0.003659,-3.659
22,cycle2_8chip,25,cycle2/22.csv,TemperatureRaw16,400,target_mean_plus_stability,0,400,400,-356.064217,3.581717,-136.190937,-352.5025,6.126486,-216.311563,-33.006525,-0.120024,0.87,-0.122,0.001976,1.976
23,cycle2_8chip,25,cycle2/23.csv,TemperatureRaw16,400,target_mean_plus_stability,0,400,400,-282.172377,0.434877,-136.190937,-281.7575,6.084509,-145.566563,-22.211695,-0.08077,0.911,-0.081,0.00023,0.23
24,cycle2_8chip,25,cycle2/24.csv,TemperatureRaw16,400,target_mean_plus_stability,0,400,400,-210.082777,2.629723,-136.190937,-212.6925,5.934306,-76.501563,-11.673212,-0.042448,0.951,-0.041,-0.001448,-1.448
25,cycle2_8chip,25,cycle2/25.csv,TemperatureRaw16,400,target_mean_plus_stability,0,400,400,-136.190937,2.456563,-136.190937,-138.6275,5.81578,-2.436563,-0.37179,-0.001352,0.992,0.0,-0.001352,-1.352
26,cycle2_8chip,25,cycle2/26.csv,TemperatureRaw16,400,target_mean_plus_stability,0,400,400,-62.299097,6.131597,-136.190937,-56.1875,6.258215,80.003437,12.207556,0.044391,1.033,0.041,0.003391,3.391
27,cycle2_8chip,25,cycle2/27.csv,TemperatureRaw16,400,target_mean_plus_stability,0,400,400,11.592743,1.622743,-136.190937,9.99,5.767413,146.180937,22.305441,0.081111,1.074,0.082,-0.000889,-0.889
28,cycle2_8chip,25,cycle2/28.csv,TemperatureRaw16,400,target_mean_plus_stability,0,400,400,83.682343,10.550157,-136.190937,94.2125,5.57135,230.403437,35.156774,0.127843,1.114,0.122,0.005843,5.843
29,cycle2_8chip,25,cycle2/29.csv,TemperatureRaw16,400,target_mean_plus_stability,0,400,400,157.574183,2.840817,-136.190937,160.395,5.617639,296.585937,45.255423,0.164565,1.155,0.163,0.001565,1.565
30,cycle2_8chip,25,cycle2/30.csv,TemperatureRaw16,400,target_mean_plus_stability,0,400,400,231.466023,1.528523,-136.190937,229.9575,6.200145,366.148437,55.869818,0.203163,1.196,0.204,-0.000837,-0.837
31,cycle2_8chip,25,cycle2/31.csv,TemperatureRaw16,400,target_mean_plus_stability,0,400,400,307.160103,1.749897,-136.190937,308.89,6.041038,445.080937,67.913961,0.24696,1.238,0.246,0.00096,0.96
32,cycle2_8chip,25,cycle2/32.csv,TemperatureRaw16,400,target_mean_plus_stability,0,400,400,381.051943,3.723057,-136.190937,384.755,5.963546,520.945937,79.490042,0.289055,1.279,0.287,0.002055,2.055
33,cycle2_8chip,25,cycle2/33.csv,TemperatureRaw16,400,target_mean_plus_stability,0,400,400,454.943783,5.766217,-136.190937,460.69,5.889449,596.880937,91.076803,0.331188,1.32,0.328,0.003188,3.188
34,cycle2_8chip,25,cycle2/34.csv,TemperatureRaw16,400,target_mean_plus_stability,0,400,400,530.637863,4.769637,-136.190937,535.3875,5.625073,671.578437,102.474737,0.372635,1.362,0.37,0.002635,2.635
35,cycle2_8chip,25,cycle2/35.csv,TemperatureRaw16,400,target_mean_plus_stability,0,400,400,604.529703,1.067203,-136.190937,603.4825,5.897172,739.673437,112.86521,0.410419,1.403,0.411,-0.000581,-0.581
36,cycle2_8chip,25,cycle2/36.csv,TemperatureRaw16,400,target_mean_plus_stability,0,400,400,680.223783,1.733717,-136.190937,681.9375,5.541694,818.128437,124.836492,0.453951,1.445,0.453,0.000951,0.951
37,cycle2_8chip,25,cycle2/37.csv,TemperatureRaw16,400,target_mean_plus_stability,0,400,400,754.115623,10.313123,-136.190937,743.8225,5.912138,880.013437,134.279394,0.488289,1.486,0.494,-0.005711,-5.711
38,cycle2_8chip,25,cycle2/38.csv,TemperatureRaw16,400,target_mean_plus_stability,0,400,400,829.809703,0.055297,-136.190937,829.845,6.784249,966.035937,147.405386,0.53602,1.528,0.536,2e-05,0.02
39,cycle2_8chip,25,cycle2/39.csv,TemperatureRaw16,400,target_mean_plus_stability,0,400,400,905.503783,0.483717,-136.190937,905.9675,5.62009,1042.158437,159.020758,0.578257,1.57,0.578,0.000257,0.257
40,cycle2_8chip,25,cycle2/40.csv,TemperatureRaw16,400,target_mean_plus_stability,0,400,400,981.197863,5.869637,-136.190937,987.0475,5.94294,1123.238437,171.392584,0.623246,1.612,0.62,0.003246,3.246
41,cycle2_8chip,25,cycle2/41.csv,TemperatureRaw16,400,target_mean_plus_stability,0,400,400,1056.891943,3.876943,-136.190937,1053.035,5.917882,1189.225937,181.461477,0.65986,1.654,0.662,-0.00214,-2.14
42,cycle2_8chip,25,cycle2/42.csv,TemperatureRaw16,410,target_mean_plus_stability,9,409,400,1132.586023,1.27615,-136.190937,1131.33,6.385769,1267.520937,193.408346,0.703303,1.696,0.704,-0.000697,-0.697
43,cycle2_8chip,25,cycle2/43.csv,TemperatureRaw16,409,target_mean_plus_stability,0,400,400,1208.280103,2.150142,-136.190937,1206.15,6.380775,1342.340937,204.824972,0.744818,1.738,0.746,-0.001182,-1.182
44,cycle2_8chip,25,cycle2/44.csv,TemperatureRaw16,482,target_mean_plus_stability,0,400,400,1283.974183,5.056837,-136.190937,1278.9375,6.045242,1415.128437,215.931463,0.785205,1.78,0.788,-0.002795,-2.795
45,cycle2_8chip,25,cycle2/45.csv,TemperatureRaw16,565,target_mean_plus_stability,163,563,400,1361.470503,3.820067,-136.190937,1365.27,5.957839,1501.460937,229.104757,0.833108,1.823,0.831,0.002108,2.108
46,cycle2_8chip,25,cycle2/46.csv,TemperatureRaw16,802,target_mean_plus_stability,132,532,400,1437.164583,0.027929,-136.190937,1437.1575,6.044753,1573.348437,240.073919,0.872996,1.865,0.873,-4e-06,-0.004
47,cycle2_8chip,25,cycle2/47.csv,TemperatureRaw16,948,target_mean_plus_stability,373,773,400,1514.660903,0.079932,-136.190937,1514.6,5.979916,1650.790937,251.890707,0.915966,1.908,0.916,-3.4e-05,-0.034
48,cycle2_8chip,25,cycle2/48.csv,TemperatureRaw16,1061,target_mean_plus_stability,202,602,400,1590.354983,0.022443,-136.190937,1590.3525,6.06756,1726.543437,263.449621,0.957999,1.95,0.958,-1e-06,-0.001
49,cycle2_8chip,25,cycle2/49.csv,TemperatureRaw16,1003,target_mean_plus_stability,111,511,400,1667.851303,1.345913,-136.190937,1669.1775,5.671102,1805.368437,275.477362,1.001736,1.993,1.001,0.000736,0.736
50,cycle2_8chip,25,cycle2/50.csv,TemperatureRaw16,847,target_mean_plus_stability,0,400,400,1745.347623,5.455273,-136.190937,1739.9125,12.998741,1876.103437,286.270666,1.040984,2.036,1.044,-0.003016,-3.016
51,cycle2_8chip,25,cycle2/51.csv,TemperatureRaw16,783,target_mean_plus_stability,6,406,400,1822.843943,13.750627,-136.190937,1836.575,12.267052,1972.765937,301.020193,1.094619,2.079,1.087,0.007619,7.619
52,cycle2_8chip,25,cycle2/52.csv,TemperatureRaw16,629,target_mean_plus_stability,229,629,400,1900.340263,20.612057,-136.190937,1920.9325,12.991725,2057.123437,313.892126,1.141426,2.122,1.13,0.011426,11.426
53,cycle2_8chip,25,cycle2/53.csv,TemperatureRaw16,897,target_mean_plus_stability,407,807,400,1977.836583,0.029493,-136.190937,1977.8275,13.900388,2114.018437,322.573614,1.172995,2.165,1.173,-5e-06,-0.005
54,cycle2_8chip,25,cycle2/54.csv,TemperatureRaw16,810,target_mean_plus_stability,70,470,400,2055.332903,15.372019,-136.190937,2070.685,12.86622,2206.875937,336.742544,1.224518,2.208,1.216,0.008518,8.518
55,cycle2_8chip,25,cycle2/55.csv,TemperatureRaw16,474,target_mean_plus_stability,74,474,400,2132.829223,0.528162,-136.190937,2133.3375,13.065234,2269.528437,346.302557,1.259282,2.251,1.259,0.000282,0.282
56,cycle2_8chip,25,cycle2/56.csv,TemperatureRaw16,1067,target_mean_plus_stability,667,1067,400,2210.325543,0.201803,-136.190937,2210.5075,12.972496,2346.698437,358.077764,1.302101,2.294,1.302,0.000101,0.101
57,cycle2_8chip,25,cycle2/57.csv,TemperatureRaw16,741,target_mean_plus_stability,17,417,400,2289.624103,17.576696,-136.190937,2272.065,13.323647,2408.255937,367.470694,1.336257,2.338,1.346,-0.009743,-9.743
58,cycle2_8chip,25,cycle2/58.csv,TemperatureRaw16,498,target_mean_plus_stability,0,400,400,2367.120423,8.118215,-136.190937,2359.02,14.415934,2495.210937,380.738974,1.384505,2.381,1.389,-0.004495,-4.495
59,cycle2_8chip,25,cycle2/59.csv,TemperatureRaw16,331,target_mean_plus_stability,0,331,331,2446.418983,0.055297,-136.190937,2446.383686,13.627098,2582.574623,394.069614,1.43298,2.425,1.433,-2e-05,-0.02
60,cycle2_8chip,25,cycle2/60.csv,TemperatureRaw16,599,target_mean_plus_stability,0,400,400,2523.915303,12.707413,-136.190937,2536.6025,13.369418,2672.793437,407.835913,1.48304,2.468,1.476,0.00704,7.04
61,cycle2_8chip,25,cycle2/61.csv,TemperatureRaw16,516,target_mean_plus_stability,114,514,400,2603.213863,18.816747,-136.190937,2622.01,13.603954,2758.200937,420.868063,1.530429,2.512,1.52,0.010429,10.429
62,cycle2_8chip,25,cycle2/62.csv,TemperatureRaw16,474,target_mean_plus_stability,40,440,400,2682.512423,0.049881,-136.190937,2682.4825,15.623377,2818.673437,430.095434,1.563983,2.556,1.564,-1.7e-05,-0.017
63,cycle2_8chip,25,cycle2/63.csv,TemperatureRaw16,441,target_mean_plus_stability,0,400,400,2761.810983,0.850887,-136.190937,2760.98,14.108054,2897.170937,442.073202,1.607539,2.6,1.608,-0.000461,-0.461
64,cycle2_8chip,25,cycle2/64.csv,TemperatureRaw16,434,target_mean_plus_stability,20,420,400,2839.307303,31.724801,-136.190937,2807.6025,13.194116,2943.793437,449.187231,1.633408,2.643,1.651,-0.017592,-17.592
65,cycle2_8chip,25,cycle2/65.csv,TemperatureRaw16,614,target_mean_plus_stability,29,429,400,2918.605863,38.070763,-136.190937,2880.555,11.75361,3016.745937,460.318899,1.673887,2.687,1.695,-0.021113,-21.113
66,cycle2_8chip,25,cycle2/66.csv,TemperatureRaw16,443,target_mean_plus_stability,1,401,400,2999.706663,16.626168,-136.190937,2983.1,13.723733,3119.290937,475.966024,1.730786,2.732,1.74,-0.009214,-9.214
67,cycle2_8chip,25,cycle2/67.csv,TemperatureRaw16,627,target_mean_plus_stability,1,401,400,3079.005223,14.959124,-136.190937,3064.065,13.329477,3200.255937,488.320303,1.77571,2.776,1.784,-0.00829,-8.29
68,cycle2_8chip,25,cycle2/68.csv,TemperatureRaw16,376,target_mean_plus_stability,0,376,376,3158.303783,8.685485,-136.190937,3149.638298,14.18025,3285.829235,501.377752,1.823192,2.82,1.828,-0.004808,-4.808
69,cycle2_8chip,25,cycle2/69.csv,TemperatureRaw16,530,target_mean_plus_stability,0,400,400,3237.602343,13.670181,-136.190937,3223.9525,13.974924,3360.143437,512.717199,1.864426,2.864,1.872,-0.007574,-7.574
70,cycle2_8chip,25,cycle2/70.csv,TemperatureRaw16,466,target_mean_plus_stability,64,464,400,3318.703143,0.214281,-136.190937,3318.8975,13.459938,3455.088437,527.204657,1.917108,2.909,1.917,0.000108,0.108
71,cycle2_8chip,25,cycle2/71.csv,TemperatureRaw16,450,target_mean_plus_stability,6,406,400,3398.001703,0.020664,-136.190937,3398.0025,14.524804,3534.193437,539.275122,1.961,2.953,1.961,0.0,0.0
72,cycle2_8chip,25,cycle2/72.csv,TemperatureRaw16,324,target_mean_plus_stability,0,324,324,3479.102503,23.579293,-136.190937,3455.54321,12.757611,3591.734147,548.055137,1.992928,2.998,2.006,-0.013072,-13.072
73,cycle2_8chip,25,cycle2/73.csv,TemperatureRaw16,341,target_mean_plus_stability,0,341,341,3560.203303,8.869483,-136.190937,3569.052786,15.447354,3705.243723,565.375324,2.05591,3.043,2.051,0.00491,4.91
74,cycle2_8chip,25,cycle2/74.csv,TemperatureRaw16,411,target_mean_plus_stability,11,411,400,3639.501863,30.543244,-136.190937,3670.025,13.755814,3806.215937,580.782461,2.111936,3.087,2.095,0.016936,16.936
75,cycle2_8chip,25,cycle2/75.csv,TemperatureRaw16,387,target_mean_plus_stability,0,387,387,3720.602663,35.285554,-136.190937,3755.868217,21.284301,3892.059154,593.881097,2.159568,3.132,2.14,0.019568,19.568
76,cycle2_8chip,25,cycle2/76.csv,TemperatureRaw16,402,target_mean_plus_stability,1,401,400,3801.703463,6.151537,-136.190937,3807.835,6.130803,3944.025937,601.810598,2.188402,3.177,2.185,0.003402,3.402
77,cycle2_8chip,25,cycle2/77.csv,TemperatureRaw16,279,target_mean_plus_stability,0,279,279,3882.804263,53.480177,-136.190937,3829.344086,16.605339,3965.535023,605.092624,2.200337,3.222,2.23,-0.029663,-29.663
78,cycle2_8chip,25,cycle2/78.csv,TemperatureRaw16,320,target_mean_plus_stability,0,320,320,3963.905063,37.000063,-136.190937,3926.925,15.210972,4063.115937,619.98229,2.254481,3.267,2.275,-0.020519,-20.519
79,cycle2_8chip,25,cycle2/79.csv,TemperatureRaw16,395,target_mean_plus_stability,0,395,395,4045.005863,7.322065,-136.190937,4037.703797,15.857419,4173.894735,636.885793,2.315948,3.312,2.32,-0.004052,-4.052
80,cycle2_8chip,25,cycle2/80.csv,TemperatureRaw16,258,target_mean_plus_stability,0,258,258,4127.908903,15.634353,-136.190937,4143.523256,12.601396,4279.714193,653.032561,2.374664,3.358,2.366,0.008664,8.664
81,cycle2_8chip,25,cycle2/81.csv,TemperatureRaw16,400,target_mean_plus_stability,0,400,400,4209.009703,1.547203,-136.190937,4207.4825,6.048649,4343.673437,662.791967,2.410153,3.403,2.411,-0.000847,-0.847
82,cycle2_8chip,25,cycle2/82.csv,TemperatureRaw16,228,target_mean_plus_stability,0,228,228,4290.110503,44.919977,-136.190937,4245.210526,13.516818,4381.401463,668.548807,2.431087,3.448,2.456,-0.024913,-24.913
83,cycle2_8chip,25,cycle2/83.csv,TemperatureRaw16,407,target_mean_plus_stability,0,400,400,4373.013543,55.958646,-136.190937,4317.075,17.289642,4453.265937,679.514456,2.470962,3.494,2.502,-0.031038,-31.038
84,cycle2_8chip,25,cycle2/84.csv,TemperatureRaw16,284,target_mean_plus_stability,0,284,284,4454.114343,14.504061,-136.190937,4439.630282,18.374989,4575.821219,698.214908,2.538963,3.539,2.547,-0.008037,-8.037
85,cycle2_8chip,25,cycle2/85.csv,TemperatureRaw16,349,target_mean_plus_stability,0,349,349,4537.017383,6.515511,-136.190937,4543.512894,23.866077,4679.703831,714.066136,2.596604,3.585,2.593,0.003604,3.604
86,cycle2_8chip,25,cycle2/86.csv,TemperatureRaw16,269,target_mean_plus_stability,0,269,269,4619.920423,52.649763,-136.190937,4672.550186,12.570484,4808.741123,733.755665,2.668202,3.631,2.639,0.029202,29.202
87,cycle2_8chip,25,cycle2/87.csv,TemperatureRaw16,210,target_mean_plus_stability,0,210,210,4702.823463,87.748918,-136.190937,4790.552381,14.392303,4926.743318,751.761371,2.733678,3.677,2.685,0.048678,48.678
88,cycle2_8chip,25,cycle2/88.csv,TemperatureRaw16,247,target_mean_plus_stability,0,247,247,4783.924263,160.832579,-136.190937,4944.736842,17.512121,5080.927779,775.288052,2.819229,3.722,2.73,0.089229,89.229
