Temperature_degC,Device,Source_File,Raw_Column,Samples,Window_Mode,Window_Start,Window_End,Window_Size,Target_Mean_Raw16,Selection_Score,Ambient_Baseline_Raw16,Measured_Mean_Raw16,Measured_Std_Raw16,Corrected_Raw16,Corrected_Visual_mV,Corrected_Thermocouple_mV,T_Table_Absolute_mV,Reference_Thermocouple_mV,Error_mV,Error_uV
5,cold_device_1,1_cleaned/5.csv,TemperatureRaw16,1122,target_mean_plus_stability,6,406,400,-1188.22594,3.449503,174.2675,-1184.795,16.880324,-1359.0625,-207.37648,-0.754096,0.195,-0.756,0.001904,1.904
6,cold_device_1,1_cleaned/6.csv,TemperatureRaw16,2066,target_mean_plus_stability,0,400,400,-1117.93858,12.004133,174.2675,-1105.955,17.111106,-1280.2225,-195.346451,-0.710351,0.234,-0.717,0.006649,6.649
7,cold_device_1,1_cleaned/7.csv,TemperatureRaw16,1203,target_mean_plus_stability,715,1115,400,-1047.65122,0.213785,174.2675,-1047.845,16.845189,-1222.1125,-186.479568,-0.678108,0.273,-0.678,-0.000108,-0.108
8,cold_device_1,1_cleaned/8.csv,TemperatureRaw16,1137,target_mean_plus_stability,731,1131,400,-977.36386,22.938378,174.2675,-1000.2825,16.748552,-1174.55,-179.222107,-0.651717,0.312,-0.639,-0.012717,-12.717
9,cold_device_1,1_cleaned/9.csv,TemperatureRaw16,1252,target_mean_plus_stability,850,1250,400,-905.27426,28.293014,174.2675,-933.5475,16.750498,-1107.815,-169.039154,-0.614688,0.352,-0.599,-0.015688,-15.688
10,cold_device_1,1_cleaned/10.csv,TemperatureRaw16,515,target_mean_plus_stability,114,514,400,-834.9869,21.935398,174.2675,-856.9025,16.635801,-1031.17,-157.344055,-0.57216,0.391,-0.56,-0.01216,-12.16
11,cold_device_1,1_cleaned/11.csv,TemperatureRaw16,2484,target_mean_plus_stability,2082,2482,400,-762.8973,0.120043,174.2675,-762.9975,17.012085,-937.265,-143.015289,-0.520056,0.431,-0.52,-5.6e-05,-0.056
12,cold_device_1,1_cleaned/12.csv,TemperatureRaw16,1217,target_mean_plus_stability,811,1211,400,-692.60994,18.279585,174.2675,-710.87,17.373765,-885.1375,-135.061264,-0.491132,0.47,-0.481,-0.010132,-10.132
13,cold_device_1,1_cleaned/13.csv,TemperatureRaw16,1194,target_mean_plus_stability,167,567,400,-620.52034,0.019612,174.2675,-620.52,5.36718,-794.7875,-121.274948,-0.441,0.51,-0.441,0.0,0.0
14,cold_device_1,1_cleaned/14.csv,TemperatureRaw16,312,target_mean_plus_stability,0,312,312,-550.23298,17.322276,174.2675,-567.535256,10.777434,-741.802756,-113.190118,-0.4116,0.549,-0.402,-0.0096,-9.6
15,cold_device_1,1_cleaned/15.csv,TemperatureRaw16,446,target_mean_plus_stability,3,403,400,-478.14338,3.995846,174.2675,-474.1675,6.393092,-648.435,-98.943329,-0.359794,0.589,-0.362,0.002206,2.206
16,cold_device_1,1_cleaned/16.csv,TemperatureRaw16,210,target_mean_plus_stability,0,210,210,-406.05378,5.837649,174.2675,-411.871429,18.216603,-586.138929,-89.437703,-0.325228,0.629,-0.322,-0.003228,-3.228
17,cold_device_1,1_cleaned/17.csv,TemperatureRaw16,253,target_mean_plus_stability,0,253,253,-333.96418,5.36412,174.2675,-339.3083,16.306824,-513.5758,-78.365448,-0.284965,0.669,-0.282,-0.002965,-2.965
18,cold_device_1,1_cleaned/18.csv,TemperatureRaw16,178,target_mean_plus_stability,0,178,178,-261.87458,4.083622,174.2675,-265.938202,17.029439,-440.205702,-67.17006,-0.244255,0.709,-0.242,-0.002255,-2.255
19,cold_device_1,1_cleaned/19.csv,TemperatureRaw16,400,target_mean_plus_stability,0,400,400,-189.78498,1.32498,174.2675,-188.48,6.165195,-362.7475,-55.350876,-0.201276,0.749,-0.202,0.000724,0.724
20,cold_device_1,1_cleaned/20.csv,TemperatureRaw16,301,target_mean_plus_stability,0,301,301,-115.89314,30.605265,174.2675,-146.478405,17.138953,-320.745905,-48.941941,-0.177971,0.79,-0.161,-0.016971,-16.971
21,cold_device_1,1_cleaned/21.csv,TemperatureRaw16,400,target_mean_plus_stability,0,400,400,-43.80354,2.00354,174.2675,-41.82,5.68669,-216.0875,-32.972336,-0.119899,0.83,-0.121,0.001101,1.101
22,cold_device_1,1_cleaned/22.csv,TemperatureRaw16,400,target_mean_plus_stability,0,400,400,28.28606,0.35106,174.2675,27.955,5.997324,-146.3125,-22.325516,-0.081184,0.87,-0.081,-0.000184,-0.184
23,cold_device_1,1_cleaned/23.csv,TemperatureRaw16,400,target_mean_plus_stability,0,400,400,102.1779,0.8279,174.2675,101.37,5.723635,-72.8975,-11.123276,-0.040448,0.911,-0.04,-0.000448,-0.448
24,cold_device_1,1_cleaned/24.csv,TemperatureRaw16,400,target_mean_plus_stability,0,400,400,174.2675,0.485,174.2675,174.7325,5.547782,0.465,0.070953,0.000258,0.951,0.0,0.000258,0.258
25,hot_device_2,1_cleaned/25.csv,Raw16,400,target_mean_plus_stability,0,400,400,303.88,53.54,303.88,250.36,7.087735,-53.52,-8.166504,-0.029696,0.992,0.0,-0.029696,-29.696
26,hot_device_2,1_cleaned/26.csv,Raw16,400,target_mean_plus_stability,0,400,400,377.77184,61.39184,303.88,316.4,7.58841,12.52,1.9104,0.006947,1.033,0.041,-0.034053,-34.053
27,hot_device_2,1_cleaned/27.csv,Raw16,400,target_mean_plus_stability,0,400,400,451.66368,58.72368,303.88,392.96,6.233421,89.08,13.592529,0.049427,1.074,0.082,-0.032573,-32.573
28,hot_device_2,1_cleaned/28.csv,Raw16,400,target_mean_plus_stability,0,400,400,523.75328,56.61328,303.88,467.16,7.69952,163.28,24.914551,0.090598,1.114,0.122,-0.031402,-31.402
29,hot_device_2,1_cleaned/29.csv,Raw16,400,target_mean_plus_stability,0,400,400,597.64512,55.62512,303.88,542.04,7.848081,238.16,36.340332,0.132147,1.155,0.163,-0.030853,-30.853
30,hot_device_2,1_cleaned/30.csv,Raw16,400,target_mean_plus_stability,0,400,400,671.53696,52.55696,303.88,619.0,7.382157,315.12,48.083496,0.174849,1.196,0.204,-0.029151,-29.151
31,hot_device_2,1_cleaned/31.csv,Raw16,400,target_mean_plus_stability,0,400,400,747.23104,62.29104,303.88,684.96,7.580373,381.08,58.148193,0.211448,1.238,0.246,-0.034552,-34.552
32,hot_device_2,1_cleaned/32.csv,Raw16,400,target_mean_plus_stability,0,400,400,821.12288,60.54288,303.88,760.6,6.528902,456.72,69.689941,0.253418,1.279,0.287,-0.033582,-33.582
33,hot_device_2,1_cleaned/33.csv,Raw16,400,target_mean_plus_stability,0,400,400,895.01472,60.11472,303.88,834.92,7.956876,531.04,81.030273,0.294656,1.32,0.328,-0.033344,-33.344
34,hot_device_2,1_cleaned/34.csv,Raw16,400,target_mean_plus_stability,0,400,400,970.7088,57.2888,303.88,913.44,8.119805,609.56,93.011475,0.338224,1.362,0.37,-0.031776,-31.776
35,hot_device_2,1_cleaned/35.csv,Raw16,400,target_mean_plus_stability,0,400,400,1044.60064,52.70064,303.88,991.92,8.009618,688.04,104.986572,0.381769,1.403,0.411,-0.029231,-29.231
36,hot_device_2,1_cleaned/36.csv,Raw16,400,target_mean_plus_stability,0,400,400,1120.29472,58.15472,303.88,1062.16,6.542278,758.28,115.704346,0.420743,1.445,0.453,-0.032257,-32.257
37,hot_device_2,1_cleaned/37.csv,Raw16,400,target_mean_plus_stability,0,400,400,1194.18656,59.72656,303.88,1134.48,7.945276,830.6,126.739502,0.460871,1.486,0.494,-0.033129,-33.129
38,hot_device_2,1_cleaned/38.csv,Raw16,400,target_mean_plus_stability,0,400,400,1269.88064,53.06064,303.88,1216.84,8.20382,912.96,139.306641,0.50657,1.528,0.536,-0.02943,-29.43
39,hot_device_2,1_cleaned/39.csv,Raw16,400,target_mean_plus_stability,0,400,400,1345.57472,57.79472,303.88,1287.8,5.937013,983.92,150.134277,0.545943,1.57,0.578,-0.032057,-32.057
40,hot_device_2,1_cleaned/40.csv,Raw16,400,target_mean_plus_stability,0,400,400,1421.2688,54.4488,303.88,1366.84,6.744488,1062.96,162.194824,0.589799,1.612,0.62,-0.030201,-30.201
41,hot_device_2,1_cleaned/41.csv,Raw16,400,target_mean_plus_stability,0,400,400,1496.96288,52.74288,303.88,1444.24,7.51022,1140.36,174.005127,0.632746,1.654,0.662,-0.029254,-29.254
42,hot_device_2,1_cleaned/42.csv,Raw16,400,target_mean_plus_stability,0,400,400,1572.65696,56.67696,303.88,1516.0,7.807201,1212.12,184.954834,0.672563,1.696,0.704,-0.031437,-31.437
43,hot_device_2,1_cleaned/43.csv,Raw16,400,target_mean_plus_stability,0,400,400,1648.35104,59.33104,303.88,1589.04,7.441562,1285.16,196.099854,0.71309,1.738,0.746,-0.03291,-32.91
44,hot_device_2,1_cleaned/44.csv,Raw16,505,target_mean_plus_stability,104,504,400,1724.04512,57.785009,303.88,1666.28,7.924557,1362.4,207.885742,0.755948,1.78,0.788,-0.032052,-32.052
45,hot_device_2,1_cleaned/45.csv,Raw16,322,target_mean_plus_stability,0,322,322,1801.54144,62.027279,303.88,1739.534161,11.58957,1435.654161,219.06344,0.796594,1.823,0.831,-0.034406,-34.406
46,hot_device_2,1_cleaned/46.csv,Raw16,1043,target_mean_plus_stability,0,400,400,1877.23552,61.775288,303.88,1815.48,12.149841,1511.6,230.651855,0.838734,1.865,0.873,-0.034266,-34.266
47,hot_device_2,1_cleaned/47.csv,Raw16,1108,target_mean_plus_stability,0,400,400,1954.73184,54.189922,303.88,1900.56,11.813352,1596.68,243.634033,0.885942,1.908,0.916,-0.030058,-30.058
48,hot_device_2,1_cleaned/48.csv,Raw16,1314,target_mean_plus_stability,0,400,400,2030.42592,55.446997,303.88,1975.0,11.197923,1671.12,254.992676,0.927246,1.95,0.958,-0.030754,-30.754
49,hot_device_2,1_cleaned/49.csv,Raw16,1004,target_mean_plus_stability,0,400,400,2107.92224,23.781909,303.88,2084.16,14.305454,1780.28,271.64917,0.987815,1.993,1.001,-0.013185,-13.185
50,hot_device_2,1_cleaned/50.csv,Raw16,975,target_mean_plus_stability,422,822,400,2185.41856,54.87742,303.88,2130.56,7.588832,1826.68,278.729248,1.013561,2.036,1.044,-0.030439,-30.439
51,hot_device_2,1_cleaned/51.csv,Raw16,888,target_mean_plus_stability,0,400,400,2262.91488,61.173289,303.88,2201.76,12.250616,1897.88,289.593506,1.053067,2.079,1.087,-0.033933,-33.933
52,hot_device_2,1_cleaned/52.csv,Raw16,721,target_mean_plus_stability,0,400,400,2340.4112,62.670554,303.88,2277.76,12.855955,1973.88,301.190186,1.095237,2.122,1.13,-0.034763,-34.763
53,hot_device_2,1_cleaned/53.csv,Raw16,200,target_mean_plus_stability,0,200,200,2417.90752,63.24752,303.88,2354.68,12.517228,2050.8,312.927246,1.137917,2.165,1.173,-0.035083,-35.083
54,hot_device_2,1_cleaned/54.csv,Raw16,200,target_mean_plus_stability,0,200,200,2495.40384,63.18384,303.88,2432.24,11.543338,2128.36,324.761963,1.180953,2.208,1.216,-0.035047,-35.047
55,hot_device_2,1_cleaned/55.csv,Raw16,400,target_mean_plus_stability,0,400,400,2572.90016,63.60016,303.88,2509.32,13.694028,2205.44,336.523438,1.223722,2.251,1.259,-0.035278,-35.278
56,hot_device_2,1_cleaned/56.csv,Raw16,271,target_mean_plus_stability,0,271,271,2650.39648,63.493971,303.88,2586.922509,10.786372,2283.042509,348.364641,1.266781,2.294,1.302,-0.035219,-35.219
57,hot_device_2,1_cleaned/57.csv,Raw16,300,target_mean_plus_stability,0,300,300,2729.69504,63.448373,303.88,2666.266667,12.810252,2362.386667,360.471598,1.310806,2.338,1.346,-0.035194,-35.194
58,hot_device_2,1_cleaned/58.csv,Raw16,250,target_mean_plus_stability,0,250,250,2807.19136,63.77936,303.88,2743.432,12.934395,2439.552,372.246094,1.353622,2.381,1.389,-0.035378,-35.378
59,hot_device_2,1_cleaned/59.csv,Raw16,400,target_mean_plus_stability,0,400,400,2886.48992,64.54992,303.88,2821.96,12.313304,2518.08,384.228516,1.397195,2.425,1.433,-0.035805,-35.805
60,hot_device_2,1_cleaned/60.csv,Raw16,400,target_mean_plus_stability,0,400,400,2963.98624,64.48624,303.88,2899.52,12.346282,2595.64,396.063232,1.44023,2.468,1.476,-0.03577,-35.77
61,hot_device_2,1_cleaned/61.csv,Raw16,200,target_mean_plus_stability,0,200,200,3043.2848,64.4248,303.88,2978.88,11.970886,2675.0,408.172607,1.484264,2.512,1.52,-0.035736,-35.736
62,hot_device_2,1_cleaned/62.csv,Raw16,200,target_mean_plus_stability,0,200,200,3122.58336,64.88336,303.88,3057.72,12.7615,2753.84,420.202637,1.52801,2.556,1.564,-0.03599,-35.99
63,hot_device_2,1_cleaned/63.csv,Raw16,300,target_mean_plus_stability,0,300,300,3201.88192,64.235253,303.88,3137.666667,12.263913,2833.786667,432.40153,1.572369,2.6,1.608,-0.035631,-35.631
64,hot_device_2,1_cleaned/64.csv,Raw16,350,target_mean_plus_stability,0,350,350,3279.37824,65.301097,303.88,3214.097143,11.691681,2910.217143,444.063895,1.614778,2.643,1.651,-0.036222,-36.222
65,hot_device_2,1_cleaned/65.csv,Raw16,200,target_mean_plus_stability,0,200,200,3358.6768,65.1768,303.88,3293.52,14.605348,2989.64,456.182861,1.658847,2.687,1.695,-0.036153,-36.153
66,hot_device_2,1_cleaned/66.csv,Raw16,250,target_mean_plus_stability,0,250,250,3439.7776,65.3176,303.88,3374.48,11.928569,3070.6,468.536377,1.703769,2.732,1.74,-0.036231,-36.231
67,hot_device_2,1_cleaned/67.csv,Raw16,200,target_mean_plus_stability,0,200,200,3519.07616,67.17616,303.88,3451.92,12.787934,3148.04,480.352783,1.746737,2.776,1.784,-0.037263,-37.263
68,hot_device_2,1_cleaned/68.csv,Raw16,322,target_mean_plus_stability,0,322,322,3598.37472,66.717701,303.88,3531.677019,13.215493,3227.797019,492.522738,1.790992,2.82,1.828,-0.037008,-37.008
69,hot_device_2,1_cleaned/69.csv,Raw16,350,target_mean_plus_stability,0,350,350,3677.67328,67.258994,303.88,3610.434286,13.826389,3306.554286,504.540144,1.834691,2.864,1.872,-0.037309,-37.309
70,hot_device_2,1_cleaned/70.csv,Raw16,250,target_mean_plus_stability,0,250,250,3758.77408,66.81808,303.88,3691.976,13.864788,3388.096,516.982422,1.879936,2.909,1.917,-0.037064,-37.064
71,hot_device_2,1_cleaned/71.csv,Raw16,350,target_mean_plus_stability,0,350,350,3838.07264,66.961211,303.88,3771.131429,14.932125,3467.251429,529.060582,1.923857,2.953,1.961,-0.037143,-37.143
72,hot_device_2,1_cleaned/72.csv,Raw16,250,target_mean_plus_stability,0,250,250,3919.17344,67.59344,303.88,3851.6,16.28659,3547.72,541.339111,1.968506,2.998,2.006,-0.037494,-37.494
73,hot_device_2,1_cleaned/73.csv,Raw16,245,target_mean_plus_stability,0,245,245,4000.27424,67.89424,303.88,3932.4,14.148626,3628.52,553.668213,2.013339,3.043,2.051,-0.037661,-37.661
74,hot_device_2,1_cleaned/74.csv,Raw16,271,target_mean_plus_stability,0,271,271,4079.5728,62.434128,303.88,4017.158672,18.351322,3713.278672,566.60136,2.060369,3.087,2.095,-0.034631,-34.631
75,hot_device_2,1_cleaned/75.csv,Raw16,200,target_mean_plus_stability,0,200,200,4160.6736,67.4136,303.88,4093.28,13.638609,3789.4,578.216553,2.102606,3.132,2.14,-0.037394,-37.394
76,hot_device_2,1_cleaned/76.csv,Raw16,300,target_mean_plus_stability,0,300,300,4241.7744,69.0744,303.88,4172.72,13.796961,3868.84,590.338135,2.146684,3.177,2.185,-0.038316,-38.316
77,hot_device_2,1_cleaned/77.csv,Raw16,200,target_mean_plus_stability,0,200,200,4322.8752,70.2152,303.88,4252.68,16.647018,3948.8,602.539062,2.191051,3.222,2.23,-0.038949,-38.949
78,hot_device_2,1_cleaned/78.csv,Raw16,300,target_mean_plus_stability,0,300,300,4403.976,69.556,303.88,4334.44,13.546146,4030.56,615.014648,2.236417,3.267,2.275,-0.038583,-38.583
79,hot_device_2,1_cleaned/79.csv,Raw16,200,target_mean_plus_stability,0,200,200,4485.0768,70.2168,303.88,4414.88,14.570073,4111.0,627.288818,2.28105,3.312,2.32,-0.03895,-38.95
80,hot_device_2,1_cleaned/80.csv,Raw16,200,target_mean_plus_stability,0,200,200,4567.97984,69.47984,303.88,4498.52,15.267452,4194.64,640.05127,2.327459,3.358,2.366,-0.038541,-38.541
81,hot_device_2,1_cleaned/81.csv,Raw16,464,target_mean_plus_stability,0,400,400,4649.08064,59.580851,303.88,4589.52,25.71425,4285.64,653.936768,2.377952,3.403,2.411,-0.033048,-33.048
82,hot_device_2,1_cleaned/82.csv,Raw16,300,target_mean_plus_stability,0,300,300,4730.18144,63.254773,303.88,4666.946667,17.936263,4363.066667,665.751139,2.420913,3.448,2.456,-0.035087,-35.087
83,hot_device_2,1_cleaned/83.csv,Raw16,200,target_mean_plus_stability,0,200,200,4813.08448,61.74448,303.88,4751.36,16.868108,4447.48,678.631592,2.467751,3.494,2.502,-0.034249,-34.249
84,hot_device_2,1_cleaned/84.csv,Raw16,271,target_mean_plus_stability,0,271,271,4894.18528,61.913767,303.88,4832.291513,16.794176,4528.411513,690.980761,2.512657,3.539,2.547,-0.034343,-34.343
85,hot_device_2,1_cleaned/85.csv,Raw16,200,target_mean_plus_stability,0,200,200,4977.08832,64.42832,303.88,4912.68,16.151842,4608.8,703.24707,2.557262,3.585,2.593,-0.035738,-35.738
86,hot_device_2,1_cleaned/86.csv,Raw16,284,target_mean_plus_stability,0,284,284,5059.99136,61.940937,303.88,4998.070423,19.802076,4694.190423,716.276615,2.604642,3.631,2.639,-0.034358,-34.358
87,hot_device_2,1_cleaned/87.csv,Raw16,200,target_mean_plus_stability,0,200,200,5142.8944,63.3944,303.88,5079.52,17.435872,4775.64,728.704834,2.649836,3.677,2.685,-0.035164,-35.164
88,hot_device_2,1_cleaned/88.csv,Raw16,142,target_mean_plus_stability,0,142,142,5223.9952,63.310975,303.88,5160.704225,22.138439,4856.824225,741.092564,2.694882,3.722,2.73,-0.035118,-35.118
