cycle_id,source_dir,output_dir,T_ambient,T_std,Baseline_Raw16,Column,Original_Count,Kept_Count,Kept_Start,Kept_End,Theory_Raw16,Mean_Before_Raw16,Mean_After_Raw16,Error_Before_Raw16,Error_After_Raw16,Std_After_Raw16,Drift_After_Raw16,Status
cycle1,cycle1_25,1_cleaned,25,8,247.88,TemperatureRaw16,1137,250,886,1136,-977.6432,-1011.655,-998.116,34.0118,20.4728,16.411089,1.56,trimmed
cycle1,cycle1_25,1_cleaned,25,9,247.88,TemperatureRaw16,1252,400,850,1250,-905.5536,-942.665,-933.5475,37.1114,27.9939,16.750498,0.175,trimmed
cycle1,cycle1_25,1_cleaned,25,10,247.88,TemperatureRaw16,515,400,114,514,-835.26624,-856.945,-856.9025,21.67876,21.63626,16.635801,1.8125,trimmed
cycle1,cycle1_25,1_cleaned,25,20,247.88,TemperatureRaw16,301,300,1,301,-116.17248,-146.478405,-146.443333,30.305925,30.270853,17.156767,5.433333,trimmed
cycle1,cycle1_25,1_cleaned,25,37,247.88,Raw16,400,400,0,400,1138.18656,1134.48,1134.48,3.70656,3.70656,7.945276,0.6,trimmed
cycle1,cycle1_25,1_cleaned,25,57,247.88,Raw16,824,300,1,301,2673.69504,2590.12,2596.266667,83.57504,77.428373,12.810252,5.6,trimmed
cycle1,cycle1_25,1_cleaned,25,64,247.88,Raw16,464,350,1,351,3223.37824,3127.96,3129.097143,95.41824,94.281097,11.691681,4.114286,trimmed
cycle1,cycle1_25,1_cleaned,25,65,247.88,Raw16,412,200,5,205,3302.6768,3204.76,3207.52,97.9168,95.1568,14.605348,0.8,trimmed
cycle1,cycle1_25,1_cleaned,25,66,247.88,Raw16,618,250,0,250,3383.7776,3288.4,3292.48,95.3776,91.2976,11.928569,5.44,trimmed
cycle1,cycle1_25,1_cleaned,25,67,247.88,Raw16,400,200,0,200,3463.07616,3350.24,3353.92,112.83616,109.15616,12.787934,4.0,trimmed
cycle1,cycle1_25,1_cleaned,25,69,247.88,Raw16,438,350,0,350,3621.67328,3507.44,3508.434286,114.23328,113.238994,13.826389,5.485714,trimmed
cycle1,cycle1_25,1_cleaned,25,72,247.88,Raw16,696,250,1,251,3863.17344,3738.4,3745.6,124.77344,117.57344,16.28659,7.68,trimmed
cycle1,cycle1_25,1_cleaned,25,74,247.88,Raw16,271,200,61,261,4023.5728,3955.158672,3958.96,68.414128,64.6128,16.828977,0.0,trimmed
cycle1,cycle1_25,1_cleaned,25,77,247.88,Raw16,245,200,1,201,4266.8752,4122.155102,4123.68,144.720098,143.1952,16.647018,4.4,trimmed
cycle1,cycle1_25,1_cleaned,25,78,247.88,Raw16,438,300,0,300,4347.976,4209.8,4213.44,138.176,134.536,13.546146,8.266667,trimmed
cycle1,cycle1_25,1_cleaned,25,82,247.88,Raw16,463,300,8,308,4674.18144,4601.52,4603.946667,72.66144,70.234773,17.936263,2.133333,trimmed
cycle1,cycle1_25,1_cleaned,25,83,247.88,Raw16,425,200,0,200,4757.08448,4680.12,4699.36,76.96448,57.72448,16.868108,13.2,trimmed
cycle1,cycle1_25,1_cleaned,25,86,247.88,Raw16,284,200,0,200,5003.99136,4941.070423,4945.76,62.920937,58.23136,18.691422,22.0,trimmed
cycle1,cycle1_25,1_cleaned,25,87,247.88,Raw16,219,200,0,200,5086.8944,5009.278539,5011.52,77.615861,75.3744,17.435872,18.4,trimmed
cycle1,cycle1_25,1_cleaned,25,88,247.88,Raw16,142,142,0,142,5167.9952,5098.704225,5098.704225,69.290975,69.290975,22.138439,36.571429,trimmed
cycle2,cycle2,2_cleaned,25,8,-136.190937,TemperatureRaw16,1263,400,785,1185,-1361.714137,-1357.365,-1361.0225,4.349137,0.691637,6.006012,0.05,trimmed
cycle2,cycle2,2_cleaned,25,9,-136.190937,TemperatureRaw16,1256,400,837,1237,-1289.624537,-1295.1475,-1291.79,5.522963,2.165463,6.160827,0.925,trimmed
cycle2,cycle2,2_cleaned,25,10,-136.190937,TemperatureRaw16,1205,400,379,779,-1219.337177,-1220.3825,-1219.325,1.045323,0.012177,6.076321,0.05,trimmed
cycle2,cycle2,2_cleaned,25,20,-136.190937,TemperatureRaw16,400,400,0,400,-500.243417,-500.1375,-500.1375,0.105917,0.105917,6.151683,3.25,trimmed
cycle2,cycle2,2_cleaned,25,37,-136.190937,TemperatureRaw16,400,400,0,400,754.115623,743.8225,743.8225,10.293123,10.293123,5.912138,0.975,trimmed
cycle2,cycle2,2_cleaned,25,57,-136.190937,TemperatureRaw16,741,400,3,403,2289.624103,2272.025,2272.03,17.599103,17.594103,13.309092,0.0,trimmed
cycle2,cycle2,2_cleaned,25,64,-136.190937,TemperatureRaw16,434,400,23,423,2839.307303,2807.4675,2807.5575,31.839803,31.749803,13.18869,0.1625,trimmed
cycle2,cycle2,2_cleaned,25,65,-136.190937,TemperatureRaw16,614,400,32,432,2918.605863,2880.4425,2880.5525,38.163363,38.053363,11.757459,0.3375,trimmed
cycle2,cycle2,2_cleaned,25,66,-136.190937,TemperatureRaw16,443,250,1,251,2999.706663,2983.1,2987.044,16.606663,12.662663,12.48429,2.58,trimmed
cycle2,cycle2,2_cleaned,25,67,-136.190937,TemperatureRaw16,627,300,0,300,3079.005223,3064.045,3065.933333,14.960223,13.07189,13.073073,0.683333,trimmed
cycle2,cycle2,2_cleaned,25,69,-136.190937,TemperatureRaw16,530,200,2,202,3237.602343,3220.1375,3228.08,17.464843,9.522343,12.513454,4.05,trimmed
cycle2,cycle2,2_cleaned,25,72,-136.190937,TemperatureRaw16,324,200,0,200,3479.102503,3455.54321,3457.44,23.559293,21.662503,13.183529,4.875,trimmed
cycle2,cycle2,2_cleaned,25,74,-136.190937,TemperatureRaw16,411,200,211,411,3639.501863,3670.55,3665.285,31.048137,25.783137,13.489761,12.475,trimmed
cycle2,cycle2,2_cleaned,25,77,-136.190937,TemperatureRaw16,279,200,0,200,3882.804263,3829.344086,3834.53,53.460177,48.274263,14.76275,19.45,trimmed
cycle2,cycle2,2_cleaned,25,78,-136.190937,TemperatureRaw16,320,200,0,200,3963.905063,3926.925,3931.615,36.980063,32.290063,14.208667,9.275,trimmed
cycle2,cycle2,2_cleaned,25,82,-136.190937,TemperatureRaw16,228,200,0,200,4290.110503,4245.210526,4245.685,44.899977,44.425503,13.479401,0.4,trimmed
cycle2,cycle2,2_cleaned,25,83,-136.190937,TemperatureRaw16,407,200,0,200,4373.013543,4316.705,4322.26,56.308543,50.753543,18.233891,30.0,trimmed
cycle2,cycle2,2_cleaned,25,86,-136.190937,TemperatureRaw16,269,250,19,269,4619.920423,4672.550186,4672.368,52.629763,52.447577,12.552243,6.22,trimmed
cycle2,cycle2,2_cleaned,25,87,-136.190937,TemperatureRaw16,210,200,10,210,4702.823463,4790.552381,4789.85,87.728918,87.026537,14.145244,14.3,trimmed
cycle2,cycle2,2_cleaned,25,88,-136.190937,TemperatureRaw16,247,200,46,246,4783.924263,4944.736842,4941.505,160.812579,157.580737,16.55507,21.575,trimmed
cycle3,cycle3,3_cleaned,24,8,25.77198,TemperatureRaw16,1259,200,1059,1259,-1125.85938,-1145.1,-1136.705,19.24062,10.84562,5.906982,6.225,trimmed
cycle3,cycle3,3_cleaned,24,9,25.77198,TemperatureRaw16,1266,400,670,1070,-1053.76978,-1059.355,-1057.745,5.58522,3.97522,6.487696,3.5,trimmed
cycle3,cycle3,3_cleaned,24,10,25.77198,TemperatureRaw16,1235,350,5,355,-983.48242,-1000.1,-983.471429,16.61758,0.010991,7.422033,11.2,trimmed
cycle3,cycle3,3_cleaned,24,20,25.77198,TemperatureRaw16,400,400,0,400,-264.38866,-264.4175,-264.4175,0.02884,0.02884,5.970957,6.5625,trimmed
cycle3,cycle3,3_cleaned,24,37,25.77198,TemperatureRaw16,400,400,0,400,989.97038,989.9375,989.9375,0.03288,0.03288,8.485198,13.75,trimmed
cycle3,cycle3,3_cleaned,24,57,25.77198,TemperatureRaw16,682,350,332,682,2525.47886,2514.0025,2525.185714,11.47636,0.293146,14.487316,29.942857,trimmed
cycle3,cycle3,3_cleaned,24,64,25.77198,TemperatureRaw16,494,200,170,370,3075.16206,3080.0675,3075.16,4.90544,0.00206,6.672858,9.65,trimmed
cycle3,cycle3,3_cleaned,24,65,25.77198,TemperatureRaw16,501,400,39,439,3154.46062,3163.9775,3154.4925,9.51688,0.03188,22.784155,54.725,trimmed
cycle3,cycle3,3_cleaned,24,66,25.77198,TemperatureRaw16,491,200,141,341,3235.56142,3231.8375,3235.61,3.72392,0.04858,14.958499,40.025,trimmed
cycle3,cycle3,3_cleaned,24,67,25.77198,TemperatureRaw16,482,300,182,482,3314.85998,3325.56,3314.886667,10.70002,0.026687,18.957984,47.266667,trimmed
cycle3,cycle3,3_cleaned,24,69,25.77198,TemperatureRaw16,471,350,101,451,3473.4571,3477.21,3473.285714,3.7529,0.171386,34.457708,82.328571,trimmed
cycle3,cycle3,3_cleaned,24,72,25.77198,TemperatureRaw16,450,250,86,336,3714.95726,3711.695,3714.96,3.26226,0.00274,8.65297,18.82,trimmed
cycle3,cycle3,3_cleaned,24,74,25.77198,TemperatureRaw16,401,200,193,393,3875.35662,3902.44,3875.38,27.08338,0.02338,13.101291,33.875,trimmed
cycle3,cycle3,3_cleaned,24,77,25.77198,TemperatureRaw16,400,200,200,400,4118.65902,4140.5325,4119.585,21.87348,0.92598,9.630499,18.625,trimmed
cycle3,cycle3,3_cleaned,24,78,25.77198,TemperatureRaw16,400,200,193,393,4199.75982,4220.7,4200.21,20.94018,0.45018,8.834941,0.4,trimmed
cycle3,cycle3,3_cleaned,24,82,25.77198,TemperatureRaw16,400,200,200,400,4525.96526,4555.4575,4537.32,29.49224,11.35474,7.446803,9.525,trimmed
cycle3,cycle3,3_cleaned,24,83,25.77198,TemperatureRaw16,400,200,199,399,4608.8683,4645.4675,4623.115,36.5992,14.2467,10.118979,0.275,trimmed
cycle3,cycle3,3_cleaned,24,86,25.77198,TemperatureRaw16,400,200,0,200,4855.77518,4908.2475,4893.635,52.47232,37.85982,14.559246,34.625,trimmed
cycle3,cycle3,3_cleaned,24,87,25.77198,TemperatureRaw16,400,200,200,400,4938.67822,4981.2525,4957.26,42.57428,18.58178,11.753857,29.45,trimmed
cycle3,cycle3,3_cleaned,24,88,25.77198,TemperatureRaw16,400,200,200,400,5019.77902,5061.125,5037.335,41.34598,17.55598,10.915057,21.75,trimmed
