cycle_id,output_file,T_std,Baseline_Raw16,Theory_Raw16,Mean_Before_Raw16,Mean_After_Raw16,Full_Error_Raw16,Applied_Shift_Raw16,Correction_Fraction,Remaining_Error_Raw16,Samples,Target_Source,Status
cycle1,1_cleaned/5.csv,5,247.88,-1188.50528,-1184.665,-1186.665,-3.84028,-2.112154,0.55,-1.84028,1122,band,offset_applied
cycle1,1_cleaned/6.csv,6,247.88,-1118.21792,-1093.3975,-1107.3975,-24.82042,-13.651231,0.55,-10.82042,2066,band,offset_applied
cycle1,1_cleaned/7.csv,7,247.88,-1047.93056,-1057.54,-1052.54,9.60944,5.285192,0.55,4.60944,1203,band,offset_applied
cycle1,1_cleaned/8.csv,8,247.88,-977.6432,-998.116,-987.116,20.4728,11.26004,0.55,9.4728,250,band,offset_applied
cycle1,1_cleaned/9.csv,9,247.88,-905.5536,-933.5475,-918.5475,27.9939,15.396645,0.55,12.9939,400,band,offset_applied
cycle1,1_cleaned/10.csv,10,247.88,-835.26624,-856.9025,-844.9025,21.63626,11.899943,0.55,9.63626,400,band,offset_applied
cycle1,1_cleaned/11.csv,11,247.88,-763.17664,-779.5175,-770.5175,16.34086,8.987473,0.55,7.34086,2484,band,offset_applied
cycle1,1_cleaned/12.csv,12,247.88,-692.88928,-710.87,-700.87,17.98072,9.889396,0.55,7.98072,1217,band,offset_applied
cycle1,1_cleaned/13.csv,13,247.88,-620.79968,-620.3525,-620.3525,-0.44718,-0.245949,0.55,-0.44718,1194,band,offset_applied
cycle1,1_cleaned/14.csv,14,247.88,-550.51232,-567.535256,-558.535256,17.022936,9.362615,0.55,8.022936,312,band,offset_applied
cycle1,1_cleaned/15.csv,15,247.88,-478.42272,-473.6525,-476.6525,-4.77022,-2.623621,0.55,-1.77022,446,band,offset_applied
cycle1,1_cleaned/16.csv,16,247.88,-406.33312,-462.871429,-431.871429,56.538309,31.09607,0.55,25.538309,210,band,offset_applied
cycle1,1_cleaned/17.csv,17,247.88,-334.24352,-385.3083,-357.3083,51.06478,28.085629,0.55,23.06478,253,band,offset_applied
cycle1,1_cleaned/18.csv,18,247.88,-262.15392,-265.938202,-263.938202,3.784282,2.081355,0.55,1.784282,178,band,offset_applied
cycle1,1_cleaned/19.csv,19,247.88,-190.06432,-188.48,-189.48,-1.58432,-0.871376,0.55,-0.58432,400,band,offset_applied
cycle1,1_cleaned/20.csv,20,247.88,-116.17248,-146.443333,-123.443333,30.270853,22.70314,0.75,7.270853,300,band,offset_applied
cycle1,1_cleaned/21.csv,21,247.88,-44.08288,-41.82,-43.82,-2.26288,-1.69716,0.75,-0.26288,400,band,offset_applied
cycle1,1_cleaned/22.csv,22,247.88,28.00672,27.955,27.955,0.05172,0.03879,0.75,0.05172,400,band,offset_applied
cycle1,1_cleaned/23.csv,23,247.88,101.89856,101.37,101.37,0.52856,0.39642,0.75,0.52856,400,band,offset_applied
cycle1,1_cleaned/24.csv,24,247.88,173.98816,174.7325,173.7325,-0.74434,-0.558255,0.75,0.25566,400,band,offset_applied
cycle1,1_cleaned/25.csv,25,247.88,247.88,250.36,248.36,-2.48,-1.86,0.75,-0.48,400,band,offset_applied
cycle1,1_cleaned/26.csv,26,247.88,321.77184,316.4,320.4,5.37184,4.02888,0.75,1.37184,400,band,offset_applied
cycle1,1_cleaned/27.csv,27,247.88,395.66368,392.96,394.96,2.70368,2.02776,0.75,0.70368,400,band,offset_applied
cycle1,1_cleaned/28.csv,28,247.88,467.75328,467.16,467.16,0.59328,0.44496,0.75,0.59328,400,band,offset_applied
cycle1,1_cleaned/29.csv,29,247.88,541.64512,542.04,542.04,-0.39488,-0.29616,0.75,-0.39488,400,band,offset_applied
cycle1,1_cleaned/30.csv,30,247.88,615.53696,619.0,616.0,-3.46304,-2.59728,0.75,-0.46304,400,band,offset_applied
cycle1,1_cleaned/31.csv,31,247.88,691.23104,684.96,689.96,6.27104,4.70328,0.75,1.27104,400,band,offset_applied
cycle1,1_cleaned/32.csv,32,247.88,765.12288,760.6,763.6,4.52288,3.39216,0.75,1.52288,400,band,offset_applied
cycle1,1_cleaned/33.csv,33,247.88,839.01472,834.92,836.92,4.09472,1.637888,0.4,2.09472,400,band,offset_applied
cycle1,1_cleaned/34.csv,34,247.88,914.7088,913.44,914.44,1.2688,0.50752,0.4,0.2688,400,band,offset_applied
cycle1,1_cleaned/35.csv,35,247.88,988.60064,991.92,990.92,-3.31936,-1.327744,0.4,-2.31936,400,band,offset_applied
cycle1,1_cleaned/36.csv,36,247.88,1064.29472,1062.16,1063.16,2.13472,0.853888,0.4,1.13472,400,band,offset_applied
cycle1,1_cleaned/37.csv,37,247.88,1138.18656,1134.48,1135.48,3.70656,1.482624,0.4,2.70656,400,band,offset_applied
cycle1,1_cleaned/38.csv,38,247.88,1213.88064,1216.84,1215.84,-2.95936,-1.183744,0.4,-1.95936,400,band,offset_applied
cycle1,1_cleaned/39.csv,39,247.88,1289.57472,1287.8,1288.8,1.77472,0.709888,0.4,0.77472,400,band,offset_applied
cycle1,1_cleaned/40.csv,40,247.88,1365.2688,1366.84,1365.84,-1.5712,-0.62848,0.4,-0.5712,400,band,offset_applied
cycle1,1_cleaned/41.csv,41,247.88,1440.96288,1444.24,1443.24,-3.27712,-1.310848,0.4,-2.27712,400,band,offset_applied
cycle1,1_cleaned/42.csv,42,247.88,1516.65696,1516.0,1516.0,0.65696,0.262784,0.4,0.65696,400,band,offset_applied
cycle1,1_cleaned/43.csv,43,247.88,1592.35104,1589.04,1590.04,3.31104,1.324416,0.4,2.31104,400,band,offset_applied
cycle1,1_cleaned/44.csv,44,247.88,1668.04512,1666.28,1667.28,1.76512,0.706048,0.4,0.76512,505,band,offset_applied
cycle1,1_cleaned/45.csv,45,247.88,1745.54144,1682.534161,1707.534161,63.007279,25.202911,0.4,38.007279,322,band,offset_applied
cycle1,1_cleaned/46.csv,46,247.88,1821.23552,1754.56,1781.56,66.67552,26.670208,0.4,39.67552,1043,band,offset_applied
cycle1,1_cleaned/47.csv,47,247.88,1898.73184,1900.56,1899.56,-1.82816,-0.731264,0.4,-0.82816,1108,band,offset_applied
cycle1,1_cleaned/48.csv,48,247.88,1974.42592,1965.64,1969.64,8.78592,3.514368,0.4,4.78592,1314,band,offset_applied
cycle1,1_cleaned/49.csv,49,247.88,2051.92224,2081.96,2061.96,-30.03776,-19.524544,0.65,-10.03776,1004,band,offset_applied
cycle1,1_cleaned/50.csv,50,247.88,2129.41856,2130.56,2129.56,-1.14144,-0.741936,0.65,-0.14144,975,band,offset_applied
cycle1,1_cleaned/51.csv,51,247.88,2206.91488,2137.92,2182.92,68.99488,44.846672,0.65,23.99488,888,band,offset_applied
cycle1,1_cleaned/52.csv,52,247.88,2284.4112,2222.76,2262.76,61.6512,40.07328,0.65,21.6512,721,band,offset_applied
cycle1,1_cleaned/53.csv,53,247.88,2361.90752,2282.92,2333.92,78.98752,51.341888,0.65,27.98752,811,band,offset_applied
cycle1,1_cleaned/54.csv,54,247.88,2439.40384,2359.2,2411.2,80.20384,52.132496,0.65,28.20384,722,band,offset_applied
cycle1,1_cleaned/55.csv,55,247.88,2516.90016,2437.52,2489.52,79.38016,51.597104,0.65,27.38016,798,band,offset_applied
cycle1,1_cleaned/56.csv,56,247.88,2594.39648,2514.922509,2566.922509,79.473971,51.658081,0.65,27.473971,271,band,offset_applied
cycle1,1_cleaned/57.csv,57,247.88,2673.69504,2596.266667,2646.266667,77.428373,50.328443,0.65,27.428373,300,band,offset_applied
cycle1,1_cleaned/58.csv,58,247.88,2751.19136,2668.6,2722.6,82.59136,53.684384,0.65,28.59136,799,band,offset_applied
cycle1,1_cleaned/59.csv,59,247.88,2830.48992,2744.28,2800.28,86.20992,56.036448,0.65,30.20992,657,band,offset_applied
cycle1,1_cleaned/60.csv,60,247.88,2907.98624,2822.0,2878.0,85.98624,55.891056,0.65,29.98624,593,band,offset_applied
cycle1,1_cleaned/61.csv,61,247.88,2987.2848,2895.16,2955.16,92.1248,59.88112,0.65,32.1248,554,band,offset_applied
cycle1,1_cleaned/62.csv,62,247.88,3066.58336,2969.6,3032.6,96.98336,63.039184,0.65,33.98336,682,band,offset_applied
cycle1,1_cleaned/63.csv,63,247.88,3145.88192,3064.56,3117.56,81.32192,52.859248,0.65,28.32192,528,band,offset_applied
cycle1,1_cleaned/64.csv,64,247.88,3223.37824,3129.097143,3195.097143,94.281097,65.996768,0.7,28.281097,350,band,offset_applied
cycle1,1_cleaned/65.csv,65,247.88,3302.6768,3207.52,3274.52,95.1568,66.60976,0.7,28.1568,200,band,offset_applied
cycle1,1_cleaned/66.csv,66,247.88,3383.7776,3292.48,3356.48,91.2976,63.90832,0.7,27.2976,250,band,offset_applied
cycle1,1_cleaned/67.csv,67,247.88,3463.07616,3353.92,3429.92,109.15616,76.409312,0.7,33.15616,200,band,offset_applied
cycle1,1_cleaned/68.csv,68,247.88,3542.37472,3435.677019,3510.677019,106.697701,74.688391,0.7,31.697701,322,band,offset_applied
cycle1,1_cleaned/69.csv,69,247.88,3621.67328,3508.434286,3587.434286,113.238994,79.267296,0.7,34.238994,350,band,offset_applied
cycle1,1_cleaned/70.csv,70,247.88,3702.77408,3583.56,3666.56,119.21408,83.449856,0.7,36.21408,541,band,offset_applied
cycle1,1_cleaned/71.csv,71,247.88,3782.07264,3664.68,3764.68,117.39264,99.783744,0.85,17.39264,593,band,offset_applied
cycle1,1_cleaned/72.csv,72,247.88,3863.17344,3745.6,3845.6,117.57344,99.937424,0.85,17.57344,250,band,offset_applied
cycle1,1_cleaned/73.csv,73,247.88,3944.27424,3822.4,3926.4,121.87424,103.593104,0.85,17.87424,245,band,offset_applied
cycle1,1_cleaned/74.csv,74,247.88,4023.5728,3958.96,4013.96,64.6128,54.92088,0.85,9.6128,200,band,offset_applied
cycle1,1_cleaned/75.csv,75,247.88,4104.6736,3970.36,4084.36,134.3136,114.16656,0.85,20.3136,683,band,offset_applied
cycle1,1_cleaned/76.csv,76,247.88,4185.7744,4056.96,4165.96,128.8144,109.49224,0.85,19.8144,464,band,offset_applied
cycle1,1_cleaned/77.csv,77,247.88,4266.8752,4123.68,4245.68,143.1952,121.71592,0.85,21.1952,200,band,offset_applied
cycle1,1_cleaned/78.csv,78,247.88,4347.976,4213.44,4327.44,134.536,114.3556,0.85,20.536,300,band,offset_applied
cycle1,1_cleaned/79.csv,79,247.88,4429.0768,4286.206897,4407.206897,142.869903,121.439418,0.85,21.869903,232,band,offset_applied
cycle1,1_cleaned/80.csv,80,247.88,4511.97984,4373.72973,4491.72973,138.25011,117.512594,0.85,20.25011,296,band,offset_applied
cycle1,1_cleaned/81.csv,81,247.88,4593.08064,4504.8,4557.8,88.28064,52.968384,0.6,35.28064,464,band,offset_applied
cycle1,1_cleaned/82.csv,82,247.88,4674.18144,4603.946667,4645.946667,70.234773,42.140864,0.6,28.234773,300,band,offset_applied
cycle1,1_cleaned/83.csv,83,247.88,4757.08448,4699.36,4734.36,57.72448,34.634688,0.6,22.72448,200,band,offset_applied
cycle1,1_cleaned/84.csv,84,247.88,4838.18528,4775.291513,4813.291513,62.893767,37.73626,0.6,24.893767,271,band,offset_applied
cycle1,1_cleaned/85.csv,85,247.88,4921.08832,4841.236715,4889.236715,79.851605,47.910963,0.6,31.851605,207,band,offset_applied
cycle1,1_cleaned/86.csv,86,247.88,5003.99136,4945.76,4980.76,58.23136,34.938816,0.6,23.23136,200,band,offset_applied
cycle1,1_cleaned/87.csv,87,247.88,5086.8944,5011.52,5056.52,75.3744,45.22464,0.6,30.3744,200,band,offset_applied
cycle1,1_cleaned/88.csv,88,247.88,5167.9952,5098.704225,5140.704225,69.290975,41.574585,0.6,27.290975,142,band,offset_applied
