cycle_id,T_ambient,T_target,T_std,ADC_mean,V_TC_mV,V_cold_mV,V_total_mV,T_hot,residual_C
cycle1,25,5,5,-1184.795,-0.794941,0.992,0.197059,5.052787,0.052787
cycle1,25,6,6,-1105.955,-0.751196,0.992,0.240804,6.174468,0.174468
cycle1,25,7,7,-1047.93,-0.719,0.992,0.273,7.000008,8e-06
cycle1,25,8,8,-1000.2825,-0.692562,0.992,0.299438,7.677904,-0.322096
cycle1,25,9,9,-933.5475,-0.655533,0.992,0.336467,8.611679,-0.388321
cycle1,25,10,10,-856.9025,-0.613005,0.992,0.378995,9.692174,-0.307826
cycle1,25,11,11,-763.1775,-0.561,0.992,0.431,10.999988,-1.2e-05
cycle1,25,12,12,-710.87,-0.531977,0.992,0.460023,11.744183,-0.255817
cycle1,25,13,13,-620.6625,-0.481924,0.992,0.510076,13.001952,0.001952
cycle1,25,14,14,-567.535256,-0.452445,0.992,0.539555,13.757809,-0.242191
cycle1,25,15,15,-474.1675,-0.400639,0.992,0.591361,15.059027,0.059027
cycle1,25,16,16,-411.871429,-0.366073,0.992,0.625927,15.923175,-0.076825
cycle1,25,17,17,-339.3083,-0.32581,0.992,0.66619,16.929743,-0.070257
cycle1,25,18,18,-265.938202,-0.2851,0.992,0.7069,17.947506,-0.052494
cycle1,25,19,19,-188.48,-0.242121,0.992,0.749879,19.021441,0.021441
cycle1,25,20,20,-146.478405,-0.218816,0.992,0.773184,19.589861,-0.410139
cycle1,25,21,21,-41.82,-0.160744,0.992,0.831256,21.03139,0.03139
cycle1,25,22,22,27.955,-0.122029,0.992,0.869971,21.999283,-0.000717
cycle1,25,23,23,101.37,-0.081293,0.992,0.910707,22.992847,-0.007153
cycle1,25,24,24,174.7325,-0.040587,0.992,0.951413,24.010073,0.010073
cycle1,25,25,25,250.36,0.001376,0.992,0.993376,25.033563,0.033563
cycle1,25,26,26,316.4,0.038019,0.992,1.030019,25.927301,-0.072699
cycle1,25,27,27,392.96,0.0805,0.992,1.0725,26.96341,-0.03659
cycle1,25,28,28,467.16,0.121671,0.992,1.113671,27.99177,-0.00823
cycle1,25,29,29,542.04,0.163219,0.992,1.155219,29.005344,0.005344
cycle1,25,30,30,619.0,0.205922,0.992,1.197922,30.04575,0.04575
cycle1,25,31,31,684.96,0.24252,0.992,1.23452,30.917153,-0.082847
cycle1,25,32,32,760.6,0.28449,0.992,1.27649,31.938791,-0.061209
cycle1,25,33,33,834.92,0.325728,0.992,1.317728,32.944585,-0.055415
cycle1,25,34,34,913.44,0.369296,0.992,1.361296,33.983238,-0.016762
cycle1,25,35,35,991.92,0.412842,0.992,1.404842,35.043852,0.043852
cycle1,25,36,36,1062.16,0.451816,0.992,1.443816,35.971798,-0.028202
cycle1,25,37,37,1134.48,0.491943,0.992,1.483943,36.949838,-0.050162
cycle1,25,38,38,1216.84,0.537642,0.992,1.529642,38.039096,0.039096
cycle1,25,39,39,1287.8,0.577015,0.992,1.569015,38.976554,-0.023446
cycle1,25,40,40,1366.84,0.620872,0.992,1.612872,40.020757,0.020757
cycle1,25,41,41,1444.24,0.663818,0.992,1.655818,41.043294,0.043294
cycle1,25,42,42,1516.0,0.703635,0.992,1.695635,41.991321,-0.008679
cycle1,25,43,43,1589.04,0.744163,0.992,1.736163,42.956258,-0.043742
cycle1,25,44,44,1666.28,0.787021,0.992,1.779021,43.976681,-0.023319
cycle1,25,45,45,1739.534161,0.827667,0.992,1.819667,44.922483,-0.077517
cycle1,25,46,46,1815.48,0.869806,0.992,1.861806,45.923963,-0.076037
cycle1,25,47,47,1898.72,0.915993,0.992,1.907993,46.999847,-0.000153
cycle1,25,48,48,1974.44,0.958008,0.992,1.950008,48.000182,0.000182
cycle1,25,49,49,2053.0,1.001598,0.992,1.993598,49.013907,0.013907
cycle1,25,50,50,2129.4,1.04399,0.992,2.03599,49.999761,-0.000239
cycle1,25,51,51,2201.76,1.08414,0.992,2.07614,50.933482,-0.066518
cycle1,25,52,52,2277.76,1.126309,0.992,2.118309,51.914174,-0.085826
cycle1,25,53,53,2354.68,1.16899,0.992,2.16099,52.906737,-0.093263
cycle1,25,54,54,2432.24,1.212025,0.992,2.204025,53.907559,-0.092441
cycle1,25,55,55,2509.32,1.254794,0.992,2.246794,54.902187,-0.097813
cycle1,25,56,56,2586.922509,1.297853,0.992,2.289853,55.903557,-0.096443
cycle1,25,57,57,2666.266667,1.341878,0.992,2.333878,56.906324,-0.093676
cycle1,25,58,58,2743.432,1.384695,0.992,2.376695,57.899874,-0.100126
cycle1,25,59,59,2821.96,1.428267,0.992,2.420267,58.892433,-0.107567
cycle1,25,60,60,2899.52,1.471302,0.992,2.463302,59.890753,-0.109247
cycle1,25,61,61,2978.88,1.515336,0.992,2.507336,60.894011,-0.105989
cycle1,25,62,62,3057.72,1.559082,0.992,2.551082,61.888228,-0.111772
cycle1,25,63,63,3137.666667,1.603442,0.992,2.595442,62.896401,-0.103599
cycle1,25,64,64,3214.097143,1.64585,0.992,2.63785,63.880238,-0.119762
cycle1,25,65,65,3293.52,1.689919,0.992,2.681919,64.884528,-0.115472
cycle1,25,66,66,3374.48,1.734841,0.992,2.726841,65.885357,-0.114643
cycle1,25,67,67,3451.92,1.77781,0.992,2.76981,66.859314,-0.140686
cycle1,25,68,68,3531.677019,1.822064,0.992,2.814064,67.865096,-0.134904
cycle1,25,69,69,3610.434286,1.865764,0.992,2.857764,68.85827,-0.14173
cycle1,25,70,70,3691.976,1.911009,0.992,2.903009,69.866856,-0.133144
cycle1,25,71,71,3771.131429,1.954929,0.992,2.946929,70.862025,-0.137975
cycle1,25,72,72,3851.6,1.999578,0.992,2.991578,71.857296,-0.142704
cycle1,25,73,73,3932.4,2.044411,0.992,3.036411,72.853587,-0.146413
cycle1,25,74,74,4017.158672,2.091441,0.992,3.083441,73.919114,-0.080886
cycle1,25,75,75,4093.28,2.133678,0.992,3.125678,74.859513,-0.140487
cycle1,25,76,76,4172.72,2.177757,0.992,3.169757,75.839035,-0.160965
cycle1,25,77,77,4252.68,2.222124,0.992,3.214124,76.824968,-0.175032
cycle1,25,78,78,4334.44,2.267489,0.992,3.259489,77.833097,-0.166903
cycle1,25,79,79,4414.88,2.312123,0.992,3.304123,78.824949,-0.175051
cycle1,25,80,80,4498.52,2.358532,0.992,3.350532,79.837644,-0.162356
cycle1,25,81,81,4589.52,2.409024,0.992,3.401024,80.956096,-0.043904
cycle1,25,82,82,4666.946667,2.451986,0.992,3.443986,81.910793,-0.089207
cycle1,25,83,83,4751.36,2.498824,0.992,3.490824,82.93095,-0.06905
cycle1,25,84,84,4832.291513,2.54373,0.992,3.53573,83.927328,-0.072672
cycle1,25,85,85,4912.68,2.588335,0.992,3.580335,84.898576,-0.101424
cycle1,25,86,86,4998.070423,2.635715,0.992,3.627715,85.92858,-0.07142
cycle1,25,87,87,5079.52,2.680908,0.992,3.672908,86.911048,-0.088952
cycle1,25,88,88,5160.704225,2.725954,0.992,3.717954,87.9101,-0.0899
cycle2,25,5,5,-1572.0325,-0.796699,0.992,0.195301,5.007706,0.007706
cycle2,25,6,6,-1506.1275,-0.760131,0.992,0.231869,5.945356,-0.054644
cycle2,25,7,7,-1431.92,-0.718956,0.992,0.273044,7.00113,0.00113
cycle2,25,8,8,-1361.0625,-0.67964,0.992,0.31236,8.00901,0.00901
cycle2,25,9,9,-1291.765,-0.641189,0.992,0.350811,8.970279,-0.029721
cycle2,25,10,10,-1219.335,-0.601,0.992,0.391,10.000001,1e-06
cycle2,25,11,11,-1147.25,-0.561003,0.992,0.430997,10.999937,-6.3e-05
cycle2,25,12,12,-1073.905,-0.520306,0.992,0.471694,12.042352,0.042352
cycle2,25,13,13,-1006.2325,-0.482757,0.992,0.509243,12.981079,-0.018921
cycle2,25,14,14,-934.87,-0.44316,0.992,0.54884,13.99589,-0.00411
cycle2,25,15,15,-866.1025,-0.405004,0.992,0.586996,14.94991,-0.05009
cycle2,25,16,16,-788.7175,-0.362065,0.992,0.629935,16.023366,0.023366
cycle2,25,17,17,-719.4575,-0.323635,0.992,0.668365,16.984115,-0.015885
cycle2,25,18,18,-639.66,-0.279359,0.992,0.712641,18.091036,0.091036
cycle2,25,19,19,-568.92,-0.240107,0.992,0.751893,19.070551,0.070551
cycle2,25,20,20,-500.1375,-0.201942,0.992,0.790058,20.00144,0.00144
cycle2,25,21,21,-434.7475,-0.16566,0.992,0.82634,20.908506,-0.091494
cycle2,25,22,22,-352.5025,-0.120025,0.992,0.871975,22.048173,0.048173
cycle2,25,23,23,-281.7575,-0.080771,0.992,0.911229,23.005726,0.005726
cycle2,25,24,24,-212.6925,-0.042449,0.992,0.949551,23.96377,-0.03623
cycle2,25,25,25,-138.6275,-0.001353,0.992,0.990647,24.966997,-0.033003
cycle2,25,26,26,-56.1875,0.04439,0.992,1.03639,26.082682,0.082682
cycle2,25,27,27,9.99,0.08111,0.992,1.07311,26.978281,-0.021719
cycle2,25,28,28,94.2125,0.127842,0.992,1.119842,28.142479,0.142479
cycle2,25,29,29,160.395,0.164564,0.992,1.156564,29.038146,0.038146
cycle2,25,30,30,229.9575,0.203162,0.992,1.195162,29.979556,-0.020444
cycle2,25,31,31,308.89,0.246959,0.992,1.238959,31.023383,0.023383
cycle2,25,32,32,384.755,0.289054,0.992,1.281054,32.050086,0.050086
cycle2,25,33,33,460.69,0.331187,0.992,1.323187,33.075886,0.075886
cycle2,25,34,34,535.3875,0.372634,0.992,1.364634,34.06425,0.06425
cycle2,25,35,35,603.4825,0.410418,0.992,1.402418,34.985799,-0.014201
cycle2,25,36,36,681.9375,0.45395,0.992,1.44595,36.023164,0.023164
cycle2,25,37,37,743.8225,0.488288,0.992,1.480288,36.860672,-0.139328
cycle2,25,38,38,829.845,0.536018,0.992,1.528018,38.000438,0.000438
cycle2,25,39,39,905.9675,0.578256,0.992,1.570256,39.006098,0.006098
cycle2,25,40,40,987.0475,0.623245,0.992,1.615245,40.077252,0.077252
cycle2,25,41,41,1053.035,0.659859,0.992,1.651859,40.949018,-0.050982
cycle2,25,42,42,1131.33,0.703302,0.992,1.695302,41.983379,-0.016621
cycle2,25,43,43,1206.15,0.744817,0.992,1.736817,42.971831,-0.028169
cycle2,25,44,44,1278.9375,0.785204,0.992,1.777204,43.933432,-0.066568
cycle2,25,45,45,1365.27,0.833107,0.992,1.825107,45.050168,0.050168
cycle2,25,46,46,1437.1575,0.872995,0.992,1.864995,45.999879,-0.000121
cycle2,25,47,47,1514.6,0.915965,0.992,1.907965,46.999187,-0.000813
cycle2,25,48,48,1590.3525,0.957997,0.992,1.949997,47.999939,-6.1e-05
cycle2,25,49,49,1669.1775,1.001735,0.992,1.993735,49.017086,0.017086
cycle2,25,50,50,1739.9125,1.040983,0.992,2.032983,49.929839,-0.070161
cycle2,25,51,51,1836.575,1.094618,0.992,2.086618,51.177156,0.177156
cycle2,25,52,52,1920.9325,1.141425,0.992,2.133425,52.265692,0.265692
cycle2,25,53,53,1977.86,1.173012,0.992,2.165012,53.000275,0.000275
cycle2,25,54,54,2066.815,1.22237,0.992,2.21437,54.148136,0.148136
cycle2,25,55,55,2133.3375,1.259281,0.992,2.251281,55.006532,0.006532
cycle2,25,56,56,2210.52,1.302107,0.992,2.294107,56.002426,0.002426
cycle2,25,57,57,2272.03,1.336236,0.992,2.328236,56.778102,-0.221898
cycle2,25,58,58,2362.2,1.386269,0.992,2.378269,57.93648,-0.06352
cycle2,25,59,59,2446.383686,1.432979,0.992,2.424979,58.999528,-0.000472
cycle2,25,60,60,2533.16,1.481128,0.992,2.473128,60.116554,0.116554
cycle2,25,61,61,2622.01,1.530428,0.992,2.522428,61.237003,0.237003
cycle2,25,62,62,2682.4625,1.563971,0.992,2.555971,61.999344,-0.000656
cycle2,25,63,63,2761.891429,1.608043,0.992,2.600043,63.001011,0.001011
cycle2,25,64,64,2807.5575,1.633382,0.992,2.625382,63.590278,-0.409722
cycle2,25,65,65,2880.5525,1.673884,0.992,2.665884,64.520099,-0.479901
cycle2,25,66,66,2987.044,1.732973,0.992,2.724973,65.843839,-0.156161
cycle2,25,67,67,3065.933333,1.776746,0.992,2.768746,66.835129,-0.164871
cycle2,25,68,68,3153.675,1.82543,0.992,2.81743,67.941602,-0.058398
cycle2,25,69,69,3228.08,1.866715,0.992,2.858715,68.879891,-0.120109
cycle2,25,70,70,3318.905,1.917111,0.992,2.909111,70.002519,0.002519
cycle2,25,71,71,3397.9825,1.960988,0.992,2.952988,70.999731,-0.000269
cycle2,25,72,72,3457.44,1.993979,0.992,2.985979,71.732868,-0.267132
cycle2,25,73,73,3563.895,2.053047,0.992,3.045047,73.046528,0.046528
cycle2,25,74,74,3670.025,2.111935,0.992,3.103935,74.376335,0.376335
cycle2,25,75,75,3741.875,2.151802,0.992,3.143802,75.262269,0.262269
cycle2,25,76,76,3807.835,2.188401,0.992,3.180401,76.075578,0.075578
cycle2,25,77,77,3834.53,2.203213,0.992,3.195213,76.404736,-0.595264
cycle2,25,78,78,3931.615,2.257082,0.992,3.249082,77.601827,-0.398173
cycle2,25,79,79,4043.305,2.319055,0.992,3.311055,78.979002,-0.020998
cycle2,25,80,80,4141.425,2.373498,0.992,3.365498,80.166632,0.166632
cycle2,25,81,81,4207.4825,2.410151,0.992,3.402151,80.981143,-0.018857
cycle2,25,82,82,4245.685,2.431349,0.992,3.423349,81.452193,-0.547807
cycle2,25,83,83,4322.26,2.473837,0.992,3.465837,82.387771,-0.612229
cycle2,25,84,84,4439.630282,2.538962,0.992,3.530962,83.821381,-0.178619
cycle2,25,85,85,4536.972,2.592974,0.992,3.584974,84.999427,-0.000573
cycle2,25,86,86,4672.550186,2.668201,0.992,3.660201,86.63481,0.63481
cycle2,25,87,87,4789.85,2.733287,0.992,3.725287,88.071453,1.071453
cycle2,25,88,88,4941.505,2.817435,0.992,3.809435,89.900758,1.900758
cycle3,24,5,5,-1338.8625,-0.757402,0.951,0.193598,4.964063,-0.035937
cycle3,24,6,6,-1266.05,-0.717,0.951,0.234,5.999989,-1.1e-05
cycle3,24,7,7,-1195.775,-0.678007,0.951,0.272993,6.999813,-0.000187
cycle3,24,8,8,-1124.9575,-0.638713,0.951,0.312287,8.007172,0.007172
cycle3,24,9,9,-1058.5925,-0.601889,0.951,0.349111,8.927763,-0.072237
cycle3,24,10,10,-981.2375,-0.558968,0.951,0.392032,10.025802,0.025802
cycle3,24,11,11,-913.475,-0.521369,0.951,0.429631,10.965778,-0.034222
cycle3,24,12,12,-840.72,-0.481,0.951,0.47,12.000008,8e-06
cycle3,24,13,13,-767.82,-0.44055,0.951,0.51045,13.011538,0.011538
cycle3,24,14,14,-694.7325,-0.399996,0.951,0.551004,14.050093,0.050093
cycle3,24,15,15,-628.125,-0.363038,0.951,0.587962,14.974047,-0.025953
cycle3,24,16,16,-552.9125,-0.321305,0.951,0.629695,16.017367,0.017367
cycle3,24,17,17,-475.9825,-0.27862,0.951,0.67238,17.084511,0.084511
cycle3,24,18,18,-401.8025,-0.23746,0.951,0.71354,18.113508,0.113508
cycle3,24,19,19,-331.3125,-0.198347,0.951,0.752653,19.089092,0.089092
cycle3,24,20,20,-260.4575,-0.159032,0.951,0.791968,20.049193,0.049193
cycle3,24,21,21,-192.1725,-0.121143,0.951,0.829857,20.996417,-0.003583
cycle3,24,22,22,-126.6025,-0.084761,0.951,0.866239,21.90598,-0.09402
cycle3,24,23,23,-54.0175,-0.044486,0.951,0.906514,22.890587,-0.109413
cycle3,24,24,24,22.555,-0.001999,0.951,0.949001,23.950037,-0.049963
cycle3,24,25,25,94.3725,0.03785,0.951,0.98885,24.923183,-0.076817
cycle3,24,26,26,178.7075,0.084645,0.951,1.035645,26.064513,0.064513
cycle3,24,27,27,247.375,0.122746,0.951,1.073746,26.993811,-0.006189
cycle3,24,28,28,322.54,0.164453,0.951,1.115453,28.035431,0.035431
cycle3,24,29,29,390.02,0.201895,0.951,1.152895,28.948658,-0.051342
cycle3,24,30,30,463.0925,0.24244,0.951,1.19344,29.937569,-0.062431
cycle3,24,31,31,549.725,0.29051,0.951,1.24151,31.085602,0.085602
cycle3,24,32,32,618.715,0.32879,0.951,1.27979,32.019264,0.019264
cycle3,24,33,33,693.7625,0.370431,0.951,1.321431,33.034073,0.034073
cycle3,24,34,34,761.2625,0.407884,0.951,1.358884,33.92582,-0.07418
cycle3,24,35,35,844.735,0.4542,0.951,1.4052,35.052391,0.052391
cycle3,24,36,36,915.0775,0.493231,0.951,1.444231,35.981691,-0.018309
cycle3,24,37,37,984.5875,0.5318,0.951,1.4828,36.921944,-0.078056
cycle3,24,38,38,1071.17,0.579841,0.951,1.530841,38.06765,0.06765
cycle3,24,39,39,1148.9975,0.623025,0.951,1.574025,39.095835,0.095835
cycle3,24,40,40,1214.535,0.65939,0.951,1.61039,39.961655,-0.038345
cycle3,24,41,41,1291.1125,0.70188,0.951,1.65288,40.973326,-0.026674
cycle3,24,42,42,1376.6225,0.749326,0.951,1.700326,42.103005,0.103005
cycle3,24,43,43,1442.915,0.78611,0.951,1.73711,42.9788,-0.0212
cycle3,24,44,44,1520.155,0.828967,0.951,1.779967,43.999223,-0.000777
cycle3,24,45,45,1600.4025,0.873494,0.951,1.824494,45.035569,0.035569
cycle3,24,46,46,1674.4475,0.914579,0.951,1.865579,46.013463,0.013463
cycle3,24,47,47,1744.805,0.953618,0.951,1.904618,46.921345,-0.078655
cycle3,24,48,48,1833.445,1.002801,0.951,1.953801,48.088397,0.088397
cycle3,24,49,49,1904.09,1.041999,0.951,1.992999,48.999988,-1.2e-05
cycle3,24,50,50,1981.5875,1.085,0.951,2.036,50.000003,3e-06
cycle3,24,51,51,2056.08,1.126333,0.951,2.077333,50.961243,-0.038757
cycle3,24,52,52,2136.5825,1.171001,0.951,2.122001,52.000034,3.4e-05
cycle3,24,53,53,2216.093333,1.215119,0.951,2.166119,53.026029,0.026029
cycle3,24,54,54,2293.34,1.257981,0.951,2.208981,54.022807,0.022807
cycle3,24,55,55,2372.325,1.301807,0.951,2.252807,55.042017,0.042017
cycle3,24,56,56,2445.9875,1.342679,0.951,2.293679,55.992546,-0.007454
cycle3,24,57,57,2525.9275,1.387035,0.951,2.338035,57.000823,0.000823
cycle3,24,58,58,2606.0425,1.431488,0.951,2.382488,58.033827,0.033827
cycle3,24,59,59,2678.9775,1.471957,0.951,2.422957,58.953579,-0.046421
cycle3,24,60,60,2766.5275,1.520536,0.951,2.471536,60.080362,0.080362
cycle3,24,61,61,2846.3125,1.564806,0.951,2.515806,61.086496,0.086496
cycle3,24,62,62,2918.5675,1.604898,0.951,2.555898,61.997673,-0.002327
cycle3,24,63,63,2998.82,1.649427,0.951,2.600427,63.009928,0.009928
cycle3,24,64,64,3073.7775,1.691018,0.951,2.642018,63.977168,-0.022832
cycle3,24,65,65,3154.7475,1.735946,0.951,2.686946,64.998765,-0.001235
cycle3,24,66,66,3238.4325,1.78238,0.951,2.73338,66.031353,0.031353
cycle3,24,67,67,3320.9075,1.828142,0.951,2.779142,67.071409,0.071409
cycle3,24,68,68,3394.22,1.868821,0.951,2.819821,67.995922,-0.004078
cycle3,24,69,69,3474.8375,1.913552,0.951,2.864552,69.012275,0.012275
cycle3,24,70,70,3553.6725,1.957295,0.951,2.908295,69.984337,-0.015663
cycle3,24,71,71,3634.735,2.002274,0.951,2.953274,71.006087,0.006087
cycle3,24,72,72,3717.01,2.047925,0.951,2.998925,72.020566,0.020566
cycle3,24,73,73,3794.88,2.091133,0.951,3.042133,72.980729,-0.019271
cycle3,24,74,74,3881.795,2.139359,0.951,3.090359,74.074642,0.074642
cycle3,24,75,75,3959.274286,2.182349,0.951,3.133349,75.029988,0.029988
cycle3,24,76,76,4036.0275,2.224937,0.951,3.175937,75.97638,-0.02362
cycle3,24,77,77,4108.765,2.265297,0.951,3.216297,76.873258,-0.126742
cycle3,24,78,78,4199.9125,2.315871,0.951,3.266871,77.997137,-0.002863
cycle3,24,79,79,4285.02,2.363094,0.951,3.314094,79.045529,0.045529
cycle3,24,80,80,4358.302857,2.403756,0.951,3.354756,79.929488,-0.070512
cycle3,24,81,81,4452.0875,2.455794,0.951,3.406794,81.084317,0.084317
cycle3,24,82,82,4525.348571,2.496444,0.951,3.447444,81.987651,-0.012349
cycle3,24,83,83,4609.105,2.542918,0.951,3.493918,82.998213,-0.001787
cycle3,24,84,84,4693.435,2.58971,0.951,3.54071,84.037164,0.037164
cycle3,24,85,85,4773.51,2.63414,0.951,3.58514,85.003052,0.003052
cycle3,24,86,86,4855.765,2.679781,0.951,3.630781,85.995235,-0.004765
cycle3,24,87,87,4941.6625,2.727442,0.951,3.678442,87.032052,0.032052
cycle3,24,88,88,5019.61,2.770693,0.951,3.721693,87.993171,-0.006829
