Volume,SourceFile,Index,L_P1_R1C1,L_P1_R1C2,L_P1_R1C3,L_P1_R1C4,L_P1_R1C5,L_P1_R1C6,L_P1_R2C1,L_P1_R2C2,L_P1_R2C3,L_P1_R2C4,L_P1_R2C5,L_P1_R2C6,L_P1_R3C1,L_P1_R3C2,L_P1_R3C3,L_P1_R3C4,L_P1_R3C5,L_P1_R3C6,L_P1_R4C1,L_P1_R4C2,L_P1_R4C3,L_P1_R4C4,L_P1_R4C5,L_P1_R4C6,L_P1_R5C1,L_P1_R5C2,L_P1_R5C3,L_P1_R5C4,L_P1_R5C5,L_P1_R5C6,L_P1_R6C1,L_P1_R6C2,L_P1_R6C3,L_P1_R6C4,L_P1_R6C5,L_P1_R6C6,L_P2_R1C1,L_P2_R1C2,L_P2_R1C3,L_P2_R1C4,L_P2_R1C5,L_P2_R1C6,L_P2_R2C1,L_P2_R2C2,L_P2_R2C3,L_P2_R2C4,L_P2_R2C5,L_P2_R2C6,L_P2_R3C1,L_P2_R3C2,L_P2_R3C3,L_P2_R3C4,L_P2_R3C5,L_P2_R3C6,L_P2_R4C1,L_P2_R4C2,L_P2_R4C3,L_P2_R4C4,L_P2_R4C5,L_P2_R4C6,L_P2_R5C1,L_P2_R5C2,L_P2_R5C3,L_P2_R5C4,L_P2_R5C5,L_P2_R5C6,L_P2_R6C1,L_P2_R6C2,L_P2_R6C3,L_P2_R6C4,L_P2_R6C5,L_P2_R6C6,L_P3a_R1C1,L_P3a_R1C2,L_P3a_R1C3,L_P3a_R1C4,L_P3a_R1C5,L_P3a_R1C6,L_P3a_R2C1,L_P3a_R2C2,L_P3a_R2C3,L_P3a_R2C4,L_P3a_R2C5,L_P3a_R2C6,L_P3a_R3C1,L_P3a_R3C2,L_P3a_R3C3,L_P3a_R3C4,L_P3a_R3C5,L_P3a_R3C6,L_P3a_R4C1,L_P3a_R4C2,L_P3a_R4C3,L_P3a_R4C4,L_P3a_R4C5,L_P3a_R4C6,L_P3a_R5C1,L_P3a_R5C2,L_P3a_R5C3,L_P3a_R5C4,L_P3a_R5C5,L_P3a_R5C6,L_P3a_R6C1,L_P3a_R6C2,L_P3a_R6C3,L_P3a_R6C4,L_P3a_R6C5,L_P3a_R6C6,L_P3b_R1C1,L_P3b_R1C2,L_P3b_R1C3,L_P3b_R1C4,L_P3b_R1C5,L_P3b_R1C6,L_P3b_R2C1,L_P3b_R2C2,L_P3b_R2C3,L_P3b_R2C4,L_P3b_R2C5,L_P3b_R2C6,L_P3b_R3C1,L_P3b_R3C2,L_P3b_R3C3,L_P3b_R3C4,L_P3b_R3C5,L_P3b_R3C6,L_P3b_R4C1,L_P3b_R4C2,L_P3b_R4C3,L_P3b_R4C4,L_P3b_R4C5,L_P3b_R4C6,L_P3b_R5C1,L_P3b_R5C2,L_P3b_R5C3,L_P3b_R5C4,L_P3b_R5C5,L_P3b_R5C6,L_P3b_R6C1,L_P3b_R6C2,L_P3b_R6C3,L_P3b_R6C4,L_P3b_R6C5,L_P3b_R6C6,R_P1_R1C1,R_P1_R1C2,R_P1_R1C3,R_P1_R1C4,R_P1_R1C5,R_P1_R1C6,R_P1_R2C1,R_P1_R2C2,R_P1_R2C3,R_P1_R2C4,R_P1_R2C5,R_P1_R2C6,R_P1_R3C1,R_P1_R3C2,R_P1_R3C3,R_P1_R3C4,R_P1_R3C5,R_P1_R3C6,R_P1_R4C1,R_P1_R4C2,R_P1_R4C3,R_P1_R4C4,R_P1_R4C5,R_P1_R4C6,R_P1_R5C1,R_P1_R5C2,R_P1_R5C3,R_P1_R5C4,R_P1_R5C5,R_P1_R5C6,R_P1_R6C1,R_P1_R6C2,R_P1_R6C3,R_P1_R6C4,R_P1_R6C5,R_P1_R6C6,R_P2_R1C1,R_P2_R1C2,R_P2_R1C3,R_P2_R1C4,R_P2_R1C5,R_P2_R1C6,R_P2_R2C1,R_P2_R2C2,R_P2_R2C3,R_P2_R2C4,R_P2_R2C5,R_P2_R2C6,R_P2_R3C1,R_P2_R3C2,R_P2_R3C3,R_P2_R3C4,R_P2_R3C5,R_P2_R3C6,R_P2_R4C1,R_P2_R4C2,R_P2_R4C3,R_P2_R4C4,R_P2_R4C5,R_P2_R4C6,R_P2_R5C1,R_P2_R5C2,R_P2_R5C3,R_P2_R5C4,R_P2_R5C5,R_P2_R5C6,R_P2_R6C1,R_P2_R6C2,R_P2_R6C3,R_P2_R6C4,R_P2_R6C5,R_P2_R6C6,R_P3a_R1C1,R_P3a_R1C2,R_P3a_R1C3,R_P3a_R1C4,R_P3a_R1C5,R_P3a_R1C6,R_P3a_R2C1,R_P3a_R2C2,R_P3a_R2C3,R_P3a_R2C4,R_P3a_R2C5,R_P3a_R2C6,R_P3a_R3C1,R_P3a_R3C2,R_P3a_R3C3,R_P3a_R3C4,R_P3a_R3C5,R_P3a_R3C6,R_P3a_R4C1,R_P3a_R4C2,R_P3a_R4C3,R_P3a_R4C4,R_P3a_R4C5,R_P3a_R4C6,R_P3a_R5C1,R_P3a_R5C2,R_P3a_R5C3,R_P3a_R5C4,R_P3a_R5C5,R_P3a_R5C6,R_P3a_R6C1,R_P3a_R6C2,R_P3a_R6C3,R_P3a_R6C4,R_P3a_R6C5,R_P3a_R6C6,R_P3b_R1C1,R_P3b_R1C2,R_P3b_R1C3,R_P3b_R1C4,R_P3b_R1C5,R_P3b_R1C6,R_P3b_R2C1,R_P3b_R2C2,R_P3b_R2C3,R_P3b_R2C4,R_P3b_R2C5,R_P3b_R2C6,R_P3b_R3C1,R_P3b_R3C2,R_P3b_R3C3,R_P3b_R3C4,R_P3b_R3C5,R_P3b_R3C6,R_P3b_R4C1,R_P3b_R4C2,R_P3b_R4C3,R_P3b_R4C4,R_P3b_R4C5,R_P3b_R4C6,R_P3b_R5C1,R_P3b_R5C2,R_P3b_R5C3,R_P3b_R5C4,R_P3b_R5C5,R_P3b_R5C6,R_P3b_R6C1,R_P3b_R6C2,R_P3b_R6C3,R_P3b_R6C4,R_P3b_R6C5,R_P3b_R6C6,AD1_TemperatureRaw16,AD1_Temperature_mV,AD2_TemperatureRaw16,AD2_Temperature_mV,AD3_TemperatureRaw16,AD3_Temperature_mV,AD4_TemperatureRaw16,AD4_Temperature_mV,AD5_TemperatureRaw16,AD5_Temperature_mV,AD6_TemperatureRaw16,AD6_Temperature_mV,AD7_TemperatureRaw16,AD7_Temperature_mV,AD8_TemperatureRaw16,AD8_Temperature_mV
200ml,VET6_8chips_raw_stream_20260527_221430.bin,1,-0.350211,0.658228,1.506329,-0.544304,-0.392405,0.658228,-0.303797,0.607595,0.793249,1.607595,-1.341772,0.696203,1.016878,6.848101,-1.084388,0.502110,0.864979,-0.236287,7.345992,13.822785,-0.881857,1.333333,1.578059,-1.810127,-0.611814,2.164557,1.506329,1.354430,-2.679325,-0.594937,54.881857,44.367089,-0.181435,-5.481013,1.987342,-0.118143,-430.527426,-2263.700422,-3225.367089,-3677.751055,-2510.645570,-2681.603376,-173.957806,-1101.797468,-1956.814346,-1446.839662,-351.776371,-231.936709,-15.312236,-81.443038,-117.810127,-72.329114,-27.535865,-20.316456,0.915612,-0.936709,-0.843882,0.978903,1.025316,1.004219,0.067511,0.143460,0.962025,0.101266,0.244726,-0.911392,0.729958,0.835443,-0.286920,-1.194093,0.725738,0.827004,0.092827,0.198312,0.240506,0.147679,-1.734177,0.156118,1.122363,1.092827,20.434599,8.924051,-0.021097,1.037975,1.164557,0.075949,12.156118,1.940928,0.029536,0.189873,-0.565401,-0.510549,18.451477,-0.008439,-0.417722,-1.645570,1.126582,1.033755,39.202532,6.666667,0.016878,0.974684,-0.734177,0.312236,-1.109705,-0.037975,1.151899,-0.936709,0.295359,0.312236,0.253165,-1.835443,0.092827,0.274262,0.000000,-0.008439,2.033755,-44.135021,-7.282700,-0.919831,0.244726,-0.818565,-0.831224,-2.616034,-0.797468,0.215190,-2.691983,2.337553,-0.691983,-0.700422,-0.734177,0.282700,-0.223629,0.776371,-0.101266,-0.101266,-1.295359,-1.113924,2.004219,-2.004219,-1.033755,23.881857,-0.953586,-2.983122,0.130802,0.139241,-1.877637,1.168776,-0.789030,0.088608,0.886076,-1.227848,1.831224,0.797468,0.713080,-0.253165,0.928270,5.375527,-0.953586,1.780591,5.835443,-0.759494,0.459916,0.729958,0.396624,-0.367089,-2.282700,1.565401,0.084388,-0.932489,0.974684,3.054852,-0.869198,0.046414,-1.185654,0.746835,-1.067511,0.784810,-1.227848,-0.265823,-3474.843882,-3657.126582,-4276.953586,-3112.991561,-2219.852321,-5173.907173,-590.042194,-578.113924,-713.936709,-1054.004219,-1256.995781,-4935.016878,-6.620253,-8.472574,-11.147679,-27.075949,-50.556962,-738.544304,0.312236,-0.548523,-2.759494,-0.645570,-0.776371,1.362869,-2.042194,-1.978903,-0.995781,1.037975,0.983122,-0.059072,1.295359,-0.502110,-0.691983,-0.632911,2.350211,0.388186,3.620253,0.447257,0.616034,0.531646,1.594937,-1.405063,-0.130802,0.839662,-0.295359,0.759494,0.780591,-0.113924,-3.341772,-2.194093,-0.210970,-0.261603,-0.194093,0.616034,-1.084388,-1.029536,0.970464,0.877637,-0.143460,-0.067511,0.700422,-0.510549,1.556962,0.700422,1.561181,0.620253,-1.084388,0.873418,-1.139241,0.751055,-1.278481,1.810127,-1.565401,-0.628692,-0.590717,-3.506329,0.371308,0.468354,-0.109705,-0.223629,-1.236287,-0.257384,-0.156118,0.755274,0.143460,0.016878,1.101266,0.135021,0.063291,2.270042,-0.751055,0.371308,-1.624473,-0.810127,1.388186,-0.704641,-1.029536,1.080169,3.059072,0.151899,1.139241,1.021097,1.029536,2.004219,1.084388,-0.949367,-0.966245,0.991561,942,143.737793,1670,254.821777,1901,290.069580,2196,335.083008,-28480,-4345.703125,146,22.277832,-28167,-4297.943115,-28395,-4332.733154
200ml,VET6_8chips_raw_stream_20260527_221430.bin,2,1.649789,1.658228,1.506329,-0.544304,1.607595,0.658228,0.696203,0.607595,0.793249,0.607595,-0.341772,-1.303797,3.016878,5.848101,0.915612,-0.497890,1.864979,0.763713,5.345992,16.822785,-0.881857,1.333333,3.578059,-0.810127,1.388186,-0.835443,-0.493671,-0.645570,-0.679325,1.405063,54.881857,47.367089,0.818565,-6.481013,-1.012658,-2.118143,-429.527426,-2275.700422,-3230.367089,-3685.751055,-2517.645570,-2679.603376,-176.957806,-1098.797468,-1950.814346,-1450.839662,-351.776371,-231.936709,-15.312236,-80.443038,-115.810127,-71.329114,-27.535865,-23.316456,1.915612,-3.936709,0.156118,0.978903,0.025316,2.004219,2.067511,-0.856540,0.962025,0.101266,0.244726,0.088608,1.729958,1.835443,-0.286920,1.805907,-1.274262,-1.172996,0.092827,2.198312,-0.759494,0.147679,1.265823,0.156118,1.122363,0.092827,22.434599,6.924051,-1.021097,-0.962025,0.164557,0.075949,12.156118,0.940928,0.029536,-2.810127,-1.565401,1.489451,14.451477,2.991561,-1.417722,-0.645570,-1.873418,0.033755,36.202532,5.666667,-0.983122,0.974684,-0.734177,0.312236,-1.109705,-2.037975,-0.848101,-2.936709,1.295359,-0.687764,0.253165,-1.835443,-1.907173,-0.725738,-1.000000,-1.008439,1.033755,-39.135021,-7.282700,0.080169,-0.755274,0.181435,-0.831224,0.383966,-1.797468,-0.784810,0.308017,0.337553,-0.691983,-1.700422,-1.734177,-0.717300,-0.223629,-1.223629,0.898734,-0.101266,-0.295359,-1.113924,-0.995781,-2.004219,-0.033755,35.881857,-0.953586,-0.983122,0.130802,0.139241,1.122363,1.168776,1.210970,-0.911392,-1.113924,0.772152,0.831224,-2.202532,-2.286920,0.746835,-0.071730,3.375527,-0.953586,-1.219409,3.835443,1.240506,-0.540084,0.729958,0.396624,0.632911,-1.282700,0.565401,0.084388,0.067511,-1.025316,0.054852,0.130802,0.046414,1.814346,1.746835,2.932489,0.784810,1.772152,0.734177,-3474.843882,-3651.126582,-4267.953586,-3116.991561,-2220.852321,-5178.907173,-589.042194,-573.113924,-715.936709,-1054.004219,-1253.995781,-4941.016878,-8.620253,-7.472574,-11.147679,-29.075949,-53.556962,-741.544304,-0.687764,1.451477,1.240506,-0.645570,2.223629,1.362869,-1.042194,-0.978903,1.004219,0.037975,2.983122,-0.059072,-0.704641,-1.502110,-0.691983,0.367089,0.350211,0.388186,0.620253,-0.552743,-2.383966,-0.468354,1.594937,-1.405063,0.869198,0.839662,-0.295359,-0.240506,0.780591,-0.113924,-0.341772,1.805907,-0.210970,1.738397,-0.194093,0.616034,0.915612,1.970464,0.970464,-2.122363,-1.143460,-1.067511,0.700422,-0.510549,-0.443038,-0.299578,-0.438819,-2.379747,-1.084388,-1.126582,0.860759,-1.248945,-2.278481,-3.189873,-0.565401,0.371308,0.409283,2.493671,-0.628692,-1.531646,0.890295,-1.223629,-0.236287,0.742616,-1.156118,-0.244726,0.143460,2.016878,0.101266,0.135021,0.063291,0.270042,-0.751055,0.371308,-0.624473,0.189873,2.388186,0.295359,-0.029536,-0.919831,1.059072,1.151899,1.139241,1.021097,-0.970464,1.004219,0.084388,1.050633,1.033755,-0.008439,940,143.432617,1672,255.126953,1918,292.663574,2188,333.862305,-28483,-4346.160889,151,23.040771,-28174,-4299.011230,-28399,-4333.343506
200ml,VET6_8chips_raw_stream_20260527_221430.bin,3,0.649789,1.658228,-0.493671,-1.544304,1.607595,-0.341772,0.696203,-2.392405,-0.206751,-0.392405,-0.341772,0.696203,0.016878,4.848101,-2.084388,0.502110,1.864979,-0.236287,5.345992,13.822785,0.118143,-1.666667,4.578059,-1.810127,0.388186,-0.835443,-2.493671,1.354430,-0.679325,-0.594937,52.881857,46.367089,-0.181435,-6.481013,1.987342,-0.118143,-428.527426,-2263.700422,-3203.367089,-3677.751055,-2512.645570,-2674.603376,-172.957806,-1094.797468,-1955.814346,-1440.839662,-351.776371,-229.936709,-15.312236,-81.443038,-116.810127,-68.329114,-27.535865,-21.316456,-0.084388,-0.936709,1.156118,1.978903,-0.974684,1.004219,0.067511,0.143460,-1.037975,0.101266,-0.755274,3.088608,1.729958,0.835443,-1.286920,0.805907,-0.274262,-0.172996,0.092827,3.198312,0.240506,0.147679,-0.734177,0.156118,1.122363,-0.907173,20.434599,8.924051,-0.021097,-1.962025,0.164557,-1.924051,10.156118,1.940928,3.029536,1.189873,-1.565401,-1.510549,17.451477,1.991561,0.582278,0.354430,0.126582,-0.966245,37.202532,8.666667,-1.983122,0.974684,-1.734177,-0.687764,-1.109705,0.962025,-0.848101,-1.936709,0.295359,-1.687764,0.253165,0.164557,2.092827,0.274262,-2.000000,-1.008439,-0.966245,-33.135021,-12.282700,0.080169,1.244726,-0.818565,2.168776,-1.616034,-0.797468,-0.784810,0.308017,0.337553,0.308017,-2.700422,0.265823,-0.717300,0.776371,-0.223629,0.898734,-0.101266,-0.295359,1.886076,0.004219,-0.004219,0.966245,34.881857,-9.953586,1.016878,1.130802,-1.860759,0.122363,1.168776,0.210970,1.088608,0.886076,0.772152,-1.168776,0.797468,-1.286920,0.746835,2.928270,3.375527,-0.953586,1.780591,3.835443,-0.759494,0.459916,-0.270042,0.396624,0.632911,0.717300,2.565401,0.084388,-0.932489,-0.025316,0.054852,2.130802,-0.953586,-1.185654,1.746835,0.932489,0.784810,-1.227848,-0.265823,-3471.843882,-3657.126582,-4254.953586,-3120.991561,-2220.852321,-5185.907173,-586.042194,-576.113924,-718.936709,-1051.004219,-1252.995781,-4956.016878,-7.620253,-9.472574,-11.147679,-29.075949,-49.556962,-736.544304,-2.687764,1.451477,-1.759494,1.354430,0.223629,1.362869,-1.042194,1.021097,1.004219,0.037975,-1.016878,0.940928,0.295359,0.497890,0.308017,2.367089,1.350211,1.388186,0.620253,0.447257,0.616034,-0.468354,1.594937,0.594937,0.869198,-0.160338,0.704641,-1.240506,-0.219409,-0.113924,-1.341772,0.805907,0.789030,-0.261603,-1.194093,-0.383966,-3.084388,0.970464,-2.029536,0.877637,-1.143460,-0.067511,-0.299578,0.489451,-2.443038,0.700422,-0.438819,-1.379747,0.915612,-1.126582,-1.139241,-1.248945,-0.278481,1.810127,0.434599,-2.628692,0.409283,1.493671,-0.628692,-0.531646,0.890295,2.776371,-0.236287,0.742616,-0.156118,0.755274,0.143460,0.016878,0.101266,-0.864979,0.063291,0.270042,1.248945,-1.628692,0.375527,-0.810127,1.388186,-2.704641,-0.029536,1.080169,0.059072,-0.848101,1.139241,1.021097,1.029536,1.004219,2.084388,0.050633,-0.966245,0.991561,941,143.585205,1676,255.737305,1915,292.205811,2198,335.388184,-28482,-4346.008301,152,23.193359,-28169,-4298.248291,-28397,-4333.038330
200ml,VET6_8chips_raw_stream_20260527_221430.bin,4,-2.350211,1.658228,-1.493671,-1.544304,-0.392405,0.658228,0.696203,0.607595,0.793249,-2.392405,-1.341772,-1.303797,2.016878,6.848101,-0.084388,0.502110,0.864979,-1.236287,5.345992,12.822785,2.118143,2.333333,3.578059,-1.810127,0.388186,1.164557,0.506329,-0.645570,-0.679325,-1.594937,53.881857,47.367089,-0.181435,-4.481013,-1.012658,-0.118143,-433.527426,-2273.700422,-3209.367089,-3685.751055,-2520.645570,-2679.603376,-174.957806,-1100.797468,-1960.814346,-1442.839662,-353.776371,-231.936709,-15.312236,-81.443038,-113.810127,-69.329114,-31.535865,-21.316456,1.915612,-0.936709,-0.843882,1.978903,0.025316,2.004219,0.067511,0.143460,-0.037975,1.101266,1.244726,0.088608,-0.270042,-1.164557,0.713080,0.805907,0.725738,-1.172996,1.092827,0.198312,1.240506,0.147679,-0.734177,0.156118,1.122363,0.092827,22.434599,7.924051,0.978903,-0.962025,1.164557,2.075949,10.156118,1.940928,0.029536,0.189873,0.434599,1.489451,18.451477,2.991561,0.582278,-0.645570,-1.873418,-1.966245,39.202532,7.666667,-1.983122,0.974684,1.265823,-0.687764,-1.109705,-1.037975,1.151899,-0.936709,0.295359,0.312236,-0.746835,0.164557,1.092827,-1.725738,-1.000000,-1.008439,-0.966245,-41.135021,-7.282700,1.080169,-0.755274,0.181435,1.168776,-1.616034,-0.797468,-0.784810,-0.691983,-1.662447,-1.691983,-0.700422,-2.734177,0.282700,0.776371,0.776371,-0.101266,-0.101266,-0.295359,0.886076,-1.995781,-1.004219,-0.033755,23.881857,0.046414,0.016878,-1.869198,-0.860759,-2.877637,2.168776,0.210970,2.088608,1.886076,1.772152,1.831224,0.797468,1.713080,0.746835,0.928270,5.375527,-0.953586,1.780591,4.835443,0.240506,0.459916,0.729958,1.396624,-2.367089,1.717300,-0.434599,-1.915612,0.067511,0.974684,0.054852,0.130802,-0.953586,1.814346,-0.253165,-0.067511,1.784810,-1.227848,0.734177,-3480.843882,-3650.126582,-4254.953586,-3118.991561,-2221.852321,-5171.907173,-588.042194,-575.113924,-714.936709,-1057.004219,-1250.995781,-4945.016878,-7.620253,-8.472574,-11.147679,-28.075949,-50.556962,-734.544304,0.312236,0.451477,-0.759494,-0.645570,-0.776371,-0.637131,-0.042194,2.021097,0.004219,1.037975,1.983122,-2.059072,-0.704641,1.497890,0.308017,0.367089,0.350211,1.388186,1.620253,0.447257,-0.383966,-0.468354,-0.405063,1.594937,0.869198,-0.160338,-2.295359,0.759494,-1.219409,-1.113924,2.658228,0.805907,-0.210970,0.738397,-0.194093,-0.383966,-0.084388,-1.029536,0.970464,-1.122363,0.856540,0.932489,-0.299578,-0.510549,1.556962,-0.299578,-0.438819,0.620253,-0.084388,-1.126582,-2.139241,-1.248945,-1.278481,-0.189873,1.434599,-2.628692,1.409283,-1.506329,1.371308,-0.531646,1.890295,-0.223629,-0.236287,-0.257384,-0.156118,1.755274,-2.856540,0.016878,0.101266,0.135021,-0.936709,-0.729958,1.248945,2.371308,-0.624473,1.189873,0.388186,-0.704641,0.970464,-0.919831,0.059072,1.151899,1.139241,-0.978903,0.029536,1.004219,-0.915612,-0.949367,1.033755,-0.008439,951,145.111084,1674,255.432129,1912,291.748047,2199,335.540771,-28484,-4346.313477,146,22.277832,-28174,-4299.011230,-28398,-4333.190918
200ml,VET6_8chips_raw_stream_20260527_221430.bin,5,-0.350211,-1.341772,-1.493671,0.455696,-1.392405,-0.341772,-2.303797,-0.392405,2.793249,-0.392405,0.658228,-2.303797,4.016878,6.848101,1.915612,0.502110,0.864979,0.763713,6.345992,17.822785,0.118143,1.333333,2.578059,0.189873,-0.611814,-1.835443,-0.493671,-0.645570,-0.679325,0.405063,53.881857,48.367089,-0.181435,-6.481013,1.987342,-0.118143,-430.527426,-2272.700422,-3212.367089,-3673.751055,-2521.645570,-2681.603376,-174.957806,-1097.797468,-1950.814346,-1450.839662,-354.776371,-231.936709,-17.312236,-79.443038,-114.810127,-72.329114,-28.535865,-22.316456,-0.084388,-0.936709,-0.843882,-0.021097,-0.974684,1.004219,-0.932489,0.143460,0.962025,-0.898734,1.244726,0.088608,-0.270042,-0.164557,-0.286920,0.805907,-0.274262,0.827004,0.092827,0.198312,0.240506,1.147679,0.265823,-0.843882,0.122363,-1.907173,20.434599,7.924051,2.978903,-1.962025,-0.835443,0.075949,10.156118,-1.059072,-0.970464,0.189873,0.434599,-0.510549,17.451477,2.991561,-0.417722,-0.645570,-0.873418,0.033755,35.202532,6.666667,-0.983122,0.974684,0.265823,0.312236,-0.109705,-1.037975,-0.848101,1.063291,-0.704641,0.312236,-2.746835,-0.835443,1.092827,1.274262,-1.000000,0.991561,-1.966245,-24.135021,-9.282700,1.080169,-0.755274,-0.818565,0.168776,-1.616034,0.202532,-0.784810,0.308017,0.337553,-0.691983,0.299578,-0.734177,1.282700,1.776371,-0.223629,-1.101266,-1.101266,-1.295359,0.886076,0.004219,-0.004219,-2.033755,63.881857,-5.953586,0.016878,0.130802,1.139241,1.122363,-1.831224,0.210970,0.088608,0.886076,1.772152,1.831224,1.797468,0.713080,-1.253165,-1.071730,4.375527,-0.953586,-1.219409,5.835443,-0.759494,1.459916,-0.270042,0.396624,0.632911,0.717300,2.565401,0.084388,0.067511,-0.025316,-0.945148,-0.869198,-0.953586,-1.185654,0.746835,-1.067511,-0.215190,1.772152,1.734177,-3481.843882,-3657.126582,-4257.953586,-3110.991561,-2227.852321,-5173.907173,-590.042194,-578.113924,-720.936709,-1060.004219,-1256.995781,-4951.016878,-6.620253,-10.472574,-11.147679,-30.075949,-47.556962,-733.544304,-0.687764,1.451477,-0.759494,0.354430,-0.776371,-1.637131,-1.042194,0.021097,1.004219,0.037975,-0.016878,0.940928,1.295359,0.497890,0.308017,-2.632911,-0.649789,0.388186,-0.379747,-0.552743,-1.383966,-0.468354,0.594937,0.594937,0.869198,-0.160338,-1.295359,1.759494,0.780591,0.886076,-0.341772,-0.194093,-0.210970,0.738397,0.805907,2.616034,-0.084388,-0.029536,-2.029536,0.877637,0.856540,0.932489,-0.299578,2.489451,-0.443038,-1.299578,-0.438819,-1.379747,0.915612,-1.126582,1.860759,0.751055,-0.278481,-0.189873,0.434599,-1.628692,0.409283,0.493671,0.371308,0.468354,-0.109705,-0.223629,-0.236287,0.742616,-1.156118,-1.244726,0.143460,-0.983122,0.101266,2.135021,-2.936709,1.270042,0.248945,1.371308,0.375527,0.189873,-0.611814,0.295359,1.970464,1.080169,1.059072,-0.848101,0.139241,1.021097,1.029536,1.004219,1.084388,-0.949367,1.033755,-1.008439,945,144.195557,1670,254.821777,1917,292.510986,2186,333.557129,-28484,-4346.313477,151,23.040771,-28176,-4299.316406,-28400,-4333.496094
200ml,VET6_8chips_raw_stream_20260527_221430.bin,6,1.649789,-0.341772,1.506329,-1.544304,1.607595,0.658228,-1.303797,0.607595,0.793249,0.607595,0.658228,0.696203,2.016878,5.848101,1.915612,2.502110,0.864979,-0.236287,6.345992,15.822785,-1.881857,1.333333,2.578059,0.189873,-1.611814,1.164557,0.506329,-0.645570,0.320675,0.405063,54.881857,45.367089,-0.181435,-5.481013,1.987342,-2.118143,-434.527426,-2258.700422,-3216.367089,-3679.751055,-2518.645570,-2682.603376,-175.957806,-1100.797468,-1951.814346,-1452.839662,-354.776371,-230.936709,-16.312236,-80.443038,-116.810127,-71.329114,-27.535865,-22.316456,-0.084388,1.063291,-1.843882,1.978903,0.025316,-0.995781,0.067511,0.143460,-2.037975,0.101266,-0.755274,0.088608,0.729958,-0.164557,-1.286920,-1.194093,0.725738,-1.172996,0.092827,-0.801688,1.240506,-0.852321,0.265823,1.156118,1.122363,-0.907173,21.434599,8.924051,-1.021097,0.037975,-0.835443,2.075949,11.156118,1.940928,-0.970464,0.189873,-1.565401,1.489451,16.451477,2.991561,-1.417722,-1.645570,-1.873418,0.033755,36.202532,5.666667,1.016878,-1.025316,0.265823,2.312236,-1.109705,-2.037975,-0.848101,-0.936709,0.295359,-1.687764,-0.746835,0.164557,-0.907173,1.274262,-1.000000,-1.008439,-0.966245,-30.135021,-9.282700,-0.919831,-0.755274,-0.818565,-0.831224,-1.616034,0.202532,0.215190,-1.691983,-1.662447,-1.691983,0.299578,0.265823,-1.717300,0.776371,-1.223629,0.898734,-1.101266,-1.295359,1.886076,-1.995781,-2.004219,-2.033755,45.881857,-3.953586,-1.983122,0.130802,1.139241,-0.877637,0.168776,0.210970,-1.911392,0.886076,0.772152,1.831224,1.797468,1.713080,-0.253165,-1.071730,4.375527,-0.953586,-0.219409,2.835443,-0.759494,0.459916,1.729958,1.396624,0.632911,0.717300,0.565401,-0.915612,0.067511,-1.025316,-1.945148,0.130802,-0.953586,-0.185654,1.746835,0.932489,1.784810,-1.227848,-0.265823,-3474.843882,-3650.126582,-4260.953586,-3107.991561,-2222.852321,-5169.907173,-588.042194,-579.113924,-715.936709,-1060.004219,-1255.995781,-4950.016878,-7.620253,-10.472574,-12.147679,-27.075949,-49.556962,-735.544304,0.312236,0.451477,1.240506,0.354430,1.223629,1.362869,-1.042194,1.021097,1.004219,2.037975,0.983122,-0.059072,3.295359,-0.502110,0.308017,0.367089,0.350211,-1.611814,0.620253,-1.552743,1.616034,1.531646,1.594937,-1.405063,-1.130802,0.839662,-2.295359,-0.240506,-0.219409,-0.113924,0.658228,1.805907,0.789030,-0.261603,-2.194093,-0.383966,-1.084388,-0.029536,0.970464,-0.122363,-1.143460,-2.067511,-0.299578,1.489451,1.556962,-0.299578,0.561181,0.620253,-0.084388,-1.126582,-1.139241,-1.248945,-1.278481,0.810127,0.434599,-0.628692,-1.590717,0.493671,-1.628692,0.468354,-1.109705,-0.223629,-0.236287,0.742616,0.843882,-0.244726,-1.856540,-1.983122,0.101266,-0.864979,1.063291,0.270042,-0.751055,-0.628692,2.375527,0.189873,-0.611814,-0.704641,0.970464,1.080169,1.059072,-0.848101,0.139241,1.021097,1.029536,0.004219,1.084388,1.050633,1.033755,-1.008439,943,143.890381,1685,257.110596,1921,293.121338,2203,336.151123,-28479,-4345.550537,155,23.651123,-28167,-4297.943115,-28394,-4332.580566
200ml,VET6_8chips_raw_stream_20260527_221430.bin,7,1.649789,-0.341772,0.506329,0.455696,-1.392405,1.658228,-0.303797,-0.392405,0.793249,0.607595,-1.341772,0.696203,2.016878,6.848101,-1.084388,-0.497890,-0.135021,0.763713,6.345992,12.822785,1.118143,1.333333,2.578059,0.189873,2.388186,1.164557,-0.493671,-0.645570,1.320675,-1.594937,53.881857,45.367089,-1.181435,-5.481013,-0.012658,-0.118143,-432.527426,-2257.700422,-3212.367089,-3676.751055,-2519.645570,-2678.603376,-174.957806,-1103.797468,-1962.814346,-1449.839662,-354.776371,-229.936709,-16.312236,-83.443038,-116.810127,-70.329114,-29.535865,-22.316456,-0.084388,2.063291,-0.843882,1.978903,-1.974684,0.004219,0.067511,0.143460,-1.037975,1.101266,-1.755274,1.088608,1.729958,-1.164557,0.713080,0.805907,0.725738,0.827004,1.092827,0.198312,-1.759494,-1.852321,-0.734177,0.156118,1.122363,1.092827,20.434599,7.924051,0.978903,1.037975,2.164557,0.075949,10.156118,1.940928,-0.970464,0.189873,1.434599,-0.510549,14.451477,2.991561,0.582278,-0.645570,1.126582,0.033755,36.202532,6.666667,0.016878,-2.025316,-0.734177,-0.687764,-0.109705,-1.037975,-0.848101,-0.936709,-2.704641,0.312236,1.253165,-2.835443,1.092827,0.274262,1.000000,1.991561,0.033755,-41.135021,-9.282700,0.080169,1.244726,1.181435,-0.831224,-4.616034,-0.797468,-0.784810,-0.691983,0.337553,0.308017,0.299578,0.265823,0.282700,-0.223629,1.776371,-1.101266,-0.101266,0.704641,-0.113924,1.004219,0.995781,0.966245,25.881857,-4.953586,1.016878,1.130802,0.139241,1.122363,1.168776,0.210970,1.088608,-1.113924,1.772152,0.831224,-1.202532,-1.286920,-1.253165,-0.071730,3.375527,-0.953586,1.780591,4.835443,0.240506,0.459916,0.729958,2.396624,0.632911,-0.282700,2.565401,-1.915612,1.067511,-0.025316,-0.945148,0.130802,0.046414,-1.185654,0.746835,-0.067511,1.784810,-1.227848,-1.265823,-3471.843882,-3645.126582,-4248.953586,-3123.991561,-2217.852321,-5174.907173,-587.042194,-578.113924,-717.936709,-1062.004219,-1257.995781,-4944.016878,-6.620253,-8.472574,-10.147679,-29.075949,-48.556962,-731.544304,0.312236,-0.548523,-0.759494,-0.645570,-0.776371,1.362869,-0.042194,1.021097,3.004219,1.037975,-0.016878,0.940928,0.295359,-0.502110,0.308017,0.367089,-2.649789,-1.611814,0.620253,-0.552743,-1.383966,1.531646,1.594937,1.594937,-1.130802,-0.160338,-0.295359,0.759494,1.780591,0.886076,1.658228,-0.194093,1.789030,-0.261603,-0.194093,-2.383966,-2.084388,-0.029536,0.970464,-1.122363,0.856540,0.932489,0.700422,-0.510549,-0.443038,-0.299578,0.561181,0.620253,-1.084388,-1.126582,-0.139241,0.751055,-0.278481,-1.189873,-0.565401,0.371308,-1.590717,-0.506329,-0.628692,1.468354,-0.109705,1.776371,-0.236287,-0.257384,-0.156118,-0.244726,-0.856540,-2.983122,-2.898734,0.135021,0.063291,1.270042,0.248945,-0.628692,-0.624473,1.189873,-0.611814,-1.704641,-0.029536,0.080169,1.059072,-1.848101,2.139241,0.021097,-0.970464,1.004219,0.084388,0.050633,0.033755,-0.008439,939,143.280029,1664,253.906250,1916,292.358398,2189,334.014893,-28477,-4345.245361,141,21.514893,-28167,-4297.943115,-28392,-4332.275391
200ml,VET6_8chips_raw_stream_20260527_221430.bin,8,-3.350211,2.658228,-0.493671,0.455696,-1.392405,-1.341772,-0.303797,0.607595,-0.206751,0.607595,1.658228,-2.303797,4.016878,6.848101,-1.084388,0.502110,0.864979,-1.236287,5.345992,12.822785,0.118143,1.333333,2.578059,1.189873,-0.611814,-0.835443,1.506329,-1.645570,0.320675,1.405063,53.881857,45.367089,0.818565,-4.481013,0.987342,-0.118143,-434.527426,-2266.700422,-3215.367089,-3682.751055,-2522.645570,-2680.603376,-176.957806,-1100.797468,-1960.814346,-1437.839662,-353.776371,-231.936709,-18.312236,-80.443038,-117.810127,-73.329114,-30.535865,-22.316456,-0.084388,0.063291,0.156118,0.978903,0.025316,-0.995781,-0.932489,1.143460,-1.037975,0.101266,0.244726,1.088608,-1.270042,-1.164557,0.713080,-1.194093,0.725738,-2.172996,0.092827,-0.801688,2.240506,-2.852321,0.265823,-0.843882,-1.877637,-0.907173,20.434599,6.924051,-1.021097,-2.962025,0.164557,0.075949,10.156118,2.940928,1.029536,0.189873,-0.565401,0.489451,11.451477,2.991561,-1.417722,2.354430,1.126582,-0.966245,33.202532,5.666667,0.016878,0.974684,-1.734177,-0.687764,-0.109705,-0.037975,-2.848101,-1.936709,0.295359,-1.687764,0.253165,0.164557,0.092827,0.274262,1.000000,-1.008439,0.033755,-40.135021,-11.282700,-0.919831,0.244726,-0.818565,-0.831224,-0.616034,0.202532,0.215190,0.308017,-0.662447,-0.691983,0.299578,0.265823,1.282700,-2.223629,-1.223629,-0.101266,0.898734,-1.295359,-0.113924,0.004219,-1.004219,0.966245,28.881857,-6.953586,-2.983122,0.130802,0.139241,-1.877637,1.168776,-0.789030,1.088608,-0.113924,1.772152,-1.168776,-1.202532,0.713080,0.746835,-1.071730,6.375527,1.046414,0.780591,6.835443,0.240506,0.459916,1.729958,2.396624,0.632911,1.717300,-0.434599,2.084388,0.067511,0.974684,-1.945148,1.130802,0.046414,-0.185654,1.746835,1.932489,1.784810,1.772152,-0.265823,-3470.843882,-3653.126582,-4245.953586,-3106.991561,-2220.852321,-5174.907173,-593.042194,-576.113924,-718.936709,-1055.004219,-1255.995781,-4947.016878,-3.620253,-8.472574,-11.147679,-28.075949,-49.556962,-737.544304,-0.687764,1.451477,-0.759494,-0.645570,0.223629,-0.637131,-1.042194,-0.978903,1.004219,-1.962025,-0.016878,0.940928,2.295359,2.497890,0.308017,0.367089,0.350211,0.388186,0.620253,-1.552743,-1.383966,-0.468354,1.594937,-1.405063,-2.130802,0.839662,-2.295359,1.759494,-0.219409,0.886076,-1.341772,-0.194093,0.789030,-1.261603,-0.194093,-0.383966,-0.084388,1.970464,-0.029536,0.877637,-0.143460,-1.067511,-0.299578,1.489451,2.556962,-0.299578,0.561181,1.620253,-0.084388,-0.126582,0.860759,1.751055,0.721519,-0.189873,-0.565401,0.371308,0.409283,-0.506329,-0.628692,0.468354,1.890295,2.776371,-1.236287,0.742616,-1.156118,-1.244726,1.143460,0.016878,0.101266,0.135021,0.063291,0.270042,0.248945,-0.628692,1.375527,-0.810127,-0.611814,-0.704641,1.970464,1.080169,-0.940928,0.151899,2.139241,0.021097,1.029536,1.004219,1.084388,1.050633,0.033755,-1.008439,947,144.500732,1675,255.584717,1920,292.968750,2193,334.625244,-28482,-4346.008301,162,24.719238,-28174,-4299.011230,-28400,-4333.496094
200ml,VET6_8chips_raw_stream_20260527_221430.bin,9,-0.350211,-1.341772,0.506329,-1.544304,-0.392405,1.658228,-0.303797,-1.392405,-0.206751,0.607595,-1.341772,-0.303797,2.016878,5.848101,-0.084388,0.502110,2.864979,0.763713,5.345992,16.822785,-0.881857,-0.666667,2.578059,0.189873,0.388186,1.164557,-0.493671,0.354430,2.320675,0.405063,54.881857,48.367089,0.818565,-3.481013,-1.012658,1.881857,-431.527426,-2262.700422,-3209.367089,-3679.751055,-2525.645570,-2678.603376,-175.957806,-1100.797468,-1954.814346,-1451.839662,-350.776371,-230.936709,-17.312236,-79.443038,-117.810127,-72.329114,-28.535865,-24.316456,1.915612,-0.936709,0.156118,-1.021097,1.025316,-0.995781,-0.932489,-2.856540,-1.037975,0.101266,-0.755274,-0.911392,0.729958,1.835443,-0.286920,-0.194093,-0.274262,0.827004,-2.907173,0.198312,0.240506,-0.852321,-0.734177,-0.843882,-0.877637,1.092827,20.434599,7.924051,-1.021097,-1.962025,0.164557,1.075949,9.156118,1.940928,-0.970464,1.189873,1.434599,-0.510549,15.451477,4.991561,-1.417722,-1.645570,-0.873418,0.033755,36.202532,5.666667,0.016878,-0.025316,2.265823,-0.687764,-2.109705,-2.037975,-3.848101,-0.936709,-0.704641,0.312236,0.253165,-0.835443,1.092827,2.274262,-1.000000,-2.008439,0.033755,-46.135021,-8.282700,-1.919831,-0.755274,0.181435,1.168776,-3.616034,-0.797468,0.215190,0.308017,-0.662447,-0.691983,-0.700422,0.265823,-0.717300,-0.223629,0.776371,-1.101266,1.898734,-0.295359,-0.113924,0.004219,0.995781,-0.033755,13.881857,-3.953586,0.016878,1.130802,1.139241,1.122363,2.168776,1.210970,1.088608,1.886076,1.772152,1.831224,-1.202532,1.713080,-0.253165,-1.071730,6.375527,1.046414,0.780591,6.835443,0.240506,-0.540084,2.729958,0.396624,1.632911,-0.282700,2.565401,-0.915612,-1.932489,-2.025316,0.054852,0.130802,0.046414,-2.185654,-0.253165,1.932489,0.784810,1.772152,-0.265823,-3477.843882,-3662.126582,-4242.953586,-3105.991561,-2216.852321,-5170.907173,-594.042194,-580.113924,-717.936709,-1060.004219,-1256.995781,-4948.016878,-7.620253,-10.472574,-11.147679,-29.075949,-50.556962,-730.544304,1.312236,-0.548523,-0.759494,0.354430,0.223629,1.362869,0.957806,1.021097,1.004219,-1.962025,0.983122,-0.059072,0.295359,0.497890,-0.691983,0.367089,-0.649789,0.388186,1.620253,1.447257,-0.383966,0.531646,1.594937,-1.405063,-2.130802,-0.160338,0.704641,0.759494,-2.219409,0.886076,0.658228,2.805907,-2.210970,-0.261603,1.805907,-0.383966,0.915612,0.970464,-1.029536,-1.122363,-0.143460,-0.067511,0.700422,0.489451,-0.443038,-0.299578,-0.438819,-0.379747,-0.084388,-1.126582,0.860759,-0.248945,1.721519,-1.189873,-1.565401,-0.628692,2.409283,0.493671,-2.628692,-0.531646,-2.109705,0.776371,-2.236287,-0.257384,0.843882,-0.244726,0.143460,0.016878,1.101266,-0.864979,0.063291,0.270042,-0.751055,-0.628692,0.375527,-0.810127,-0.611814,-0.704641,-1.029536,1.080169,-0.940928,1.151899,1.139241,1.021097,-0.970464,1.004219,0.084388,1.050633,-2.966245,-0.008439,951,145.111084,1668,254.516602,1914,292.053223,2192,334.472656,-28480,-4345.703125,147,22.430420,-28171,-4298.553467,-28397,-4333.038330
200ml,VET6_8chips_raw_stream_20260527_221430.bin,10,-1.350211,1.658228,0.506329,-0.544304,-1.392405,-0.341772,0.696203,-1.392405,-0.206751,1.607595,-1.341772,-0.303797,0.016878,6.848101,0.915612,0.502110,-1.135021,-1.236287,5.345992,15.822785,-1.881857,2.333333,2.578059,-0.810127,-1.611814,0.164557,-0.493671,-0.645570,1.320675,2.405063,53.881857,47.367089,-0.181435,-2.481013,-1.012658,-2.118143,-433.527426,-2265.700422,-3210.367089,-3669.751055,-2534.645570,-2686.603376,-177.957806,-1098.797468,-1962.814346,-1450.839662,-354.776371,-232.936709,-15.312236,-80.443038,-117.810127,-71.329114,-30.535865,-21.316456,-1.084388,2.063291,0.156118,-0.021097,1.025316,0.004219,1.067511,-0.856540,0.962025,1.101266,0.244726,0.088608,-1.270042,0.835443,0.713080,0.805907,-0.274262,1.827004,0.092827,0.198312,0.240506,-0.852321,-0.734177,0.156118,0.122363,-0.907173,20.434599,8.924051,-1.021097,-0.962025,0.164557,-1.924051,10.156118,1.940928,0.029536,1.189873,1.434599,0.489451,17.451477,5.991561,-0.417722,0.354430,1.126582,-1.966245,34.202532,5.666667,-0.983122,0.974684,-0.734177,-1.687764,-0.109705,-0.037975,-0.848101,-0.936709,1.295359,-1.687764,0.253165,-0.835443,0.092827,0.274262,1.000000,-2.008439,1.033755,-37.135021,-8.282700,2.080169,-0.755274,0.181435,0.168776,-3.616034,-1.797468,-0.784810,1.308017,-1.662447,0.308017,-1.700422,-0.734177,0.282700,-1.223629,-1.223629,-2.101266,0.898734,-1.295359,-0.113924,1.004219,-1.004219,2.966245,42.881857,-1.953586,0.016878,0.130802,-0.860759,1.122363,1.168776,1.210970,0.088608,0.886076,-1.227848,-1.168776,-1.202532,-0.286920,0.746835,0.928270,5.375527,1.046414,2.780591,4.835443,-1.759494,0.459916,0.729958,0.396624,-2.367089,0.717300,0.565401,2.084388,1.067511,-1.025316,-1.945148,0.130802,-0.953586,-1.185654,-0.253165,1.932489,-1.215190,0.772152,1.734177,-3467.843882,-3655.126582,-4248.953586,-3108.991561,-2216.852321,-5166.907173,-591.042194,-576.113924,-718.936709,-1063.004219,-1254.995781,-4953.016878,-7.620253,-9.472574,-11.147679,-27.075949,-47.556962,-736.544304,0.312236,0.451477,-1.759494,2.354430,0.223629,-0.637131,-2.042194,0.021097,0.004219,0.037975,-0.016878,-1.059072,-0.704641,0.497890,0.308017,0.367089,-0.649789,0.388186,1.620253,1.447257,-0.383966,-1.468354,0.594937,0.594937,-2.130802,0.839662,0.704641,-0.240506,0.780591,-0.113924,0.658228,0.805907,1.789030,-1.261603,0.805907,0.616034,2.915612,-0.029536,-0.029536,-2.122363,-1.143460,0.932489,0.700422,-0.510549,-2.443038,2.700422,-0.438819,2.620253,0.915612,-0.126582,0.860759,-0.248945,-0.278481,-0.189873,-0.565401,0.371308,-0.590717,0.493671,0.371308,1.468354,2.890295,-0.223629,0.763713,-0.257384,-1.156118,-0.244726,0.143460,2.016878,0.101266,0.135021,0.063291,-0.729958,-0.751055,3.371308,-0.624473,-0.810127,-0.611814,-0.704641,0.970464,-0.919831,1.059072,0.151899,0.139241,2.021097,1.029536,-0.995781,-0.915612,-0.949367,0.033755,-3.008439,943,143.890381,1678,256.042480,1913,291.900635,2201,335.845947,-28485,-4346.466064,147,22.430420,-28172,-4298.706055,-28400,-4333.496094
200ml,VET6_8chips_raw_stream_20260527_221430.bin,11,-1.350211,-1.341772,-0.493671,-0.544304,-0.392405,-1.341772,-2.303797,0.607595,-2.206751,0.607595,-0.341772,0.696203,1.016878,5.848101,0.915612,0.502110,0.864979,-0.236287,5.345992,14.822785,-0.881857,0.333333,1.578059,-0.810127,-1.611814,-0.835443,0.506329,-0.645570,-0.679325,0.405063,53.881857,48.367089,-0.181435,-5.481013,1.987342,0.881857,-433.527426,-2258.700422,-3192.367089,-3663.751055,-2525.645570,-2685.603376,-176.957806,-1091.797468,-1965.814346,-1453.839662,-357.776371,-236.936709,-16.312236,-80.443038,-115.810127,-72.329114,-29.535865,-23.316456,0.915612,2.063291,-0.843882,1.978903,0.025316,1.004219,-1.932489,0.143460,-0.037975,0.101266,1.244726,-0.911392,-1.270042,0.835443,-0.286920,-0.194093,-1.274262,0.827004,2.092827,0.198312,2.240506,0.147679,2.265823,0.156118,1.122363,0.092827,20.434599,9.924051,-2.021097,-2.962025,-0.835443,0.075949,8.156118,1.940928,1.029536,-0.810127,-0.565401,0.489451,18.451477,3.991561,-0.417722,-1.645570,-0.873418,1.033755,35.202532,5.666667,1.016878,-2.025316,-0.734177,0.312236,0.890295,-1.037975,-1.848101,-3.936709,1.295359,-0.687764,0.253165,-1.835443,-0.907173,0.274262,0.000000,-1.008439,0.033755,-39.135021,-7.282700,1.080169,-0.755274,0.181435,-0.831224,-1.616034,-1.797468,-0.784810,1.308017,-0.662447,-1.691983,0.299578,0.265823,-0.717300,-0.223629,-3.223629,0.898734,-0.101266,-1.295359,1.886076,-0.995781,-2.004219,-2.033755,32.881857,4.046414,0.016878,-0.869198,0.139241,-1.877637,1.168776,0.210970,-1.911392,-0.113924,0.772152,-1.168776,1.797468,-0.286920,-1.253165,2.928270,5.375527,1.046414,1.780591,5.835443,-0.759494,-1.540084,0.729958,-1.603376,0.632911,0.717300,-0.434599,-1.915612,-1.932489,-0.025316,1.054852,0.130802,2.046414,-0.185654,-0.253165,-1.067511,-1.215190,0.772152,-0.265823,-3470.843882,-3651.126582,-4233.953586,-3106.991561,-2212.852321,-5170.907173,-593.042194,-575.113924,-717.936709,-1061.004219,-1258.995781,-4949.016878,-6.620253,-10.472574,-11.147679,-27.075949,-47.556962,-726.544304,1.312236,-0.548523,0.240506,-0.645570,0.223629,0.362869,0.957806,0.021097,1.004219,0.037975,-1.016878,-0.059072,0.295359,0.497890,0.308017,0.367089,0.350211,-0.611814,-1.379747,0.447257,1.616034,0.531646,1.594937,0.594937,-2.130802,-0.160338,-1.295359,-1.240506,-0.219409,-0.113924,0.658228,-0.194093,-0.210970,-3.261603,-0.194093,-0.383966,-1.084388,-2.029536,-0.029536,-0.122363,0.856540,-2.067511,-0.299578,-0.510549,1.556962,0.700422,-0.438819,-0.379747,0.915612,-0.126582,0.860759,-0.248945,0.721519,-1.189873,-0.565401,1.371308,0.409283,-0.506329,0.371308,0.468354,-0.109705,0.776371,-1.236287,0.742616,-0.156118,0.755274,-0.856540,0.016878,0.101266,-2.864979,1.063291,-0.729958,-0.751055,-0.628692,0.375527,0.189873,-0.611814,1.295359,0.970464,0.080169,0.059072,0.151899,-1.860759,0.021097,-0.970464,1.004219,1.084388,1.050633,2.033755,-0.008439,941,143.585205,1676,255.737305,1913,291.900635,2192,334.472656,-28479,-4345.550537,150,22.888184,-28168,-4298.095703,-28394,-4332.580566
200ml,VET6_8chips_raw_stream_20260527_221430.bin,12,1.649789,0.658228,1.506329,-0.544304,1.607595,0.658228,-2.303797,0.607595,0.793249,-0.392405,0.658228,0.696203,0.016878,3.848101,-0.084388,0.502110,0.864979,0.763713,8.345992,15.822785,0.118143,4.333333,3.578059,-0.810127,1.388186,-0.835443,-0.493671,0.354430,-1.679325,-1.594937,53.881857,46.367089,-1.181435,-4.481013,1.987342,-2.118143,-437.527426,-2255.700422,-3185.367089,-3666.751055,-2523.645570,-2685.603376,-176.957806,-1100.797468,-1956.814346,-1446.839662,-356.776371,-229.936709,-15.312236,-81.443038,-117.810127,-72.329114,-28.535865,-21.316456,-1.084388,-0.936709,-0.843882,0.978903,2.025316,1.004219,0.067511,1.143460,-0.037975,0.101266,-0.755274,0.088608,0.729958,0.835443,1.713080,0.805907,-1.274262,2.827004,-0.907173,-0.801688,0.240506,-1.852321,0.265823,1.156118,1.122363,1.092827,19.434599,6.924051,0.978903,1.037975,1.164557,0.075949,10.156118,3.940928,1.029536,-1.810127,-1.565401,1.489451,14.451477,3.991561,-1.417722,1.354430,1.126582,-1.966245,31.202532,5.666667,1.016878,0.974684,0.265823,-0.687764,-1.109705,-1.037975,1.151899,-0.936709,-1.704641,0.312236,0.253165,-1.835443,0.092827,-1.725738,0.000000,0.991561,0.033755,-39.135021,3.717300,-0.919831,0.244726,-0.818565,-0.831224,-4.616034,0.202532,1.215190,1.308017,0.337553,0.308017,-0.700422,0.265823,-0.717300,1.776371,-3.223629,0.898734,-1.101266,-1.295359,-2.113924,1.004219,-3.004219,0.966245,31.881857,21.046414,0.016878,1.130802,0.139241,0.122363,-0.831224,-0.789030,0.088608,-0.113924,-1.227848,-0.168776,1.797468,-1.286920,1.746835,-1.071730,5.375527,0.046414,0.780591,5.835443,-0.759494,0.459916,0.729958,0.396624,0.632911,0.717300,1.565401,0.084388,-0.932489,-0.025316,-0.945148,0.130802,0.046414,1.814346,1.746835,-1.067511,-1.215190,-1.227848,1.734177,-3478.843882,-3661.126582,-4251.953586,-3117.991561,-2213.852321,-5173.907173,-590.042194,-577.113924,-716.936709,-1062.004219,-1259.995781,-4952.016878,-7.620253,-7.472574,-11.147679,-27.075949,-45.556962,-727.544304,-0.687764,-2.548523,0.240506,-0.645570,-0.776371,-0.637131,1.957806,-0.978903,1.004219,-0.962025,0.983122,-1.059072,-0.704641,0.497890,0.308017,0.367089,-0.649789,-0.611814,-0.379747,0.447257,-1.383966,-1.468354,-0.405063,-0.405063,0.869198,-0.160338,-2.295359,-1.240506,0.780591,0.886076,-0.341772,-1.194093,-1.210970,-1.261603,0.805907,-1.383966,0.915612,0.970464,0.970464,-0.122363,0.856540,0.932489,-0.299578,-0.510549,-0.443038,-0.299578,1.561181,-0.379747,0.915612,-1.126582,-1.139241,1.751055,1.721519,0.810127,0.434599,1.371308,0.409283,-0.506329,-1.628692,0.468354,-0.109705,-0.223629,-0.236287,-0.257384,0.843882,0.755274,0.143460,0.016878,-0.898734,1.135021,0.063291,0.270042,2.248945,-0.628692,0.375527,-0.810127,0.388186,1.295359,-0.029536,1.080169,1.059072,-0.848101,-0.860759,2.021097,1.029536,2.004219,0.084388,1.050633,0.033755,-1.008439,944,144.042969,1673,255.279541,1914,292.053223,2195,334.930420,-28489,-4347.076416,156,23.803711,-28177,-4299.468994,-28405,-4334.259033
200ml,VET6_8chips_raw_stream_20260527_221430.bin,13,1.649789,-1.341772,-1.493671,-1.544304,-0.392405,1.658228,0.696203,-2.392405,0.793249,0.607595,3.658228,1.696203,2.016878,4.848101,-2.084388,0.502110,-0.135021,-0.236287,8.345992,15.822785,0.118143,1.333333,2.578059,0.189873,-0.611814,1.164557,0.506329,-1.645570,1.320675,-0.594937,54.881857,45.367089,-0.181435,-4.481013,-0.012658,0.881857,-436.527426,-2251.700422,-3195.367089,-3665.751055,-2524.645570,-2689.603376,-175.957806,-1101.797468,-1953.814346,-1455.839662,-356.776371,-233.936709,-18.312236,-83.443038,-115.810127,-72.329114,-27.535865,-21.316456,1.915612,1.063291,0.156118,0.978903,-1.974684,-0.995781,0.067511,0.143460,-0.037975,0.101266,-0.755274,0.088608,0.729958,-0.164557,-1.286920,0.805907,-0.274262,-1.172996,0.092827,0.198312,-0.759494,0.147679,-0.734177,0.156118,0.122363,-0.907173,20.434599,9.924051,-0.021097,1.037975,0.164557,0.075949,10.156118,1.940928,0.029536,0.189873,-2.565401,1.489451,11.451477,3.991561,-0.417722,-0.645570,-0.873418,1.033755,32.202532,6.666667,-0.983122,0.974684,-0.734177,2.312236,-3.109705,-1.037975,-1.848101,0.063291,0.295359,-2.687764,-0.746835,0.164557,0.092827,-1.725738,1.000000,-0.008439,-1.966245,-36.135021,9.717300,-0.919831,-0.755274,1.181435,-0.831224,-1.616034,0.202532,0.215190,-0.691983,-2.662447,-0.691983,-2.700422,-0.734177,0.282700,0.776371,1.776371,0.898734,0.898734,0.704641,-1.113924,0.004219,0.995781,-2.033755,39.881857,23.046414,0.016878,1.130802,0.139241,-0.877637,-1.831224,-0.789030,0.088608,-1.113924,1.772152,-1.168776,-1.202532,1.713080,0.746835,-2.071730,6.375527,1.046414,1.780591,3.835443,0.240506,0.459916,-0.270042,0.396624,-0.367089,-0.282700,-1.434599,-2.915612,0.067511,-0.025316,1.054852,0.130802,1.046414,1.814346,-0.253165,0.932489,0.784810,-1.227848,0.734177,-3486.843882,-3661.126582,-4254.953586,-3118.991561,-2215.852321,-5163.907173,-590.042194,-578.113924,-714.936709,-1060.004219,-1257.995781,-4946.016878,-7.620253,-8.472574,-13.147679,-28.075949,-50.556962,-730.544304,-0.687764,0.451477,-1.759494,-0.645570,1.223629,1.362869,1.957806,1.021097,-1.995781,1.037975,0.983122,0.940928,0.295359,0.497890,1.308017,0.367089,0.350211,0.388186,1.620253,0.447257,0.616034,-0.468354,-1.405063,0.594937,-0.130802,0.839662,0.704641,-0.240506,-2.219409,-0.113924,-0.341772,0.805907,1.789030,0.738397,-0.194093,2.616034,-0.084388,-1.029536,0.970464,-2.122363,1.856540,-2.067511,1.700422,-0.510549,-1.443038,-0.299578,1.561181,-0.379747,-1.084388,1.873418,1.860759,-1.248945,-1.278481,1.810127,0.434599,0.371308,0.409283,0.493671,0.371308,1.468354,-0.109705,-0.223629,-0.236287,-0.257384,-0.156118,0.755274,0.143460,-0.983122,0.101266,1.135021,0.063291,1.270042,0.248945,-0.628692,1.375527,-0.810127,-0.611814,-1.704641,-1.029536,-0.919831,1.059072,1.151899,1.139241,2.021097,1.029536,1.004219,1.084388,-0.949367,1.033755,-1.008439,946,144.348145,1671,254.974365,1921,293.121338,2193,334.625244,-28481,-4345.855713,153,23.345947,-28169,-4298.248291,-28397,-4333.038330
200ml,VET6_8chips_raw_stream_20260527_221430.bin,14,-0.350211,-0.341772,-1.493671,-0.544304,1.607595,-1.341772,-1.303797,0.607595,-1.206751,-0.392405,-1.341772,0.696203,1.016878,4.848101,0.915612,0.502110,0.864979,-0.236287,7.345992,13.822785,1.118143,2.333333,3.578059,-1.810127,-0.611814,0.164557,0.506329,0.354430,-0.679325,0.405063,52.881857,47.367089,1.818565,-4.481013,1.987342,-0.118143,-433.527426,-2247.700422,-3190.367089,-3663.751055,-2524.645570,-2690.603376,-179.957806,-1100.797468,-1958.814346,-1440.839662,-356.776371,-237.936709,-13.312236,-83.443038,-115.810127,-72.329114,-29.535865,-23.316456,-3.084388,-0.936709,-0.843882,0.978903,1.025316,-0.995781,1.067511,0.143460,-0.037975,0.101266,1.244726,1.088608,0.729958,0.835443,-1.286920,0.805907,-0.274262,1.827004,-0.907173,1.198312,0.240506,0.147679,0.265823,1.156118,1.122363,0.092827,18.434599,7.924051,0.978903,1.037975,1.164557,0.075949,11.156118,1.940928,0.029536,0.189873,-1.565401,-0.510549,13.451477,3.991561,1.582278,1.354430,0.126582,-1.966245,28.202532,4.666667,0.016878,0.974684,-0.734177,-0.687764,-1.109705,-3.037975,-0.848101,0.063291,0.295359,0.312236,0.253165,0.164557,0.092827,0.274262,0.000000,-0.008439,1.033755,-28.135021,6.717300,1.080169,-1.755274,-0.818565,-0.831224,-1.616034,-1.797468,-0.784810,-0.691983,1.337553,0.308017,-1.700422,1.265823,-0.717300,0.776371,-0.223629,-0.101266,0.898734,-1.295359,-0.113924,0.004219,2.995781,-0.033755,51.881857,20.046414,0.016878,1.130802,0.139241,-1.877637,1.168776,-0.789030,0.088608,0.886076,-0.227848,-0.168776,-0.202532,0.713080,-1.253165,0.928270,5.375527,0.046414,1.780591,4.835443,2.240506,0.459916,0.729958,0.396624,0.632911,0.717300,0.565401,0.084388,0.067511,0.974684,-1.945148,-0.869198,0.046414,-0.185654,0.746835,-0.067511,0.784810,-1.227848,-0.265823,-3474.843882,-3659.126582,-4254.953586,-3116.991561,-2204.852321,-5175.907173,-590.042194,-576.113924,-715.936709,-1060.004219,-1255.995781,-4958.016878,-8.620253,-9.472574,-14.147679,-27.075949,-47.556962,-728.544304,0.312236,-0.548523,1.240506,1.354430,-0.776371,-0.637131,0.957806,-0.978903,0.004219,1.037975,-1.016878,0.940928,0.295359,0.497890,-1.691983,0.367089,-2.649789,0.388186,0.620253,1.447257,0.616034,0.531646,1.594937,-1.405063,-2.130802,-1.160338,0.704641,0.759494,-0.219409,-0.113924,-0.341772,-0.194093,0.789030,-0.261603,-3.194093,1.616034,-1.084388,-0.029536,-0.029536,0.877637,1.856540,-1.067511,-0.299578,2.489451,0.556962,-0.299578,-0.438819,-1.379747,0.915612,0.873418,0.860759,1.751055,-1.278481,-1.189873,0.434599,-0.628692,0.409283,-0.506329,0.371308,-0.531646,0.890295,-0.223629,-0.236287,-1.257384,-0.156118,-1.244726,0.143460,-0.983122,1.101266,1.135021,0.063291,0.270042,-0.751055,-0.628692,-0.624473,0.189873,0.388186,-1.704641,-0.029536,-1.919831,1.059072,-0.848101,0.139241,3.021097,1.029536,1.004219,1.084388,1.050633,1.033755,0.991561,949,144.805908,1670,254.821777,1916,292.358398,2183,333.099365,-28484,-4346.313477,155,23.651123,-28175,-4299.163818,-28400,-4333.496094
200ml,VET6_8chips_raw_stream_20260527_221430.bin,15,-0.350211,0.658228,-1.493671,1.455696,1.607595,1.658228,0.696203,0.607595,0.793249,-1.392405,-1.341772,0.696203,1.016878,3.848101,-0.084388,0.502110,-2.135021,-0.236287,4.345992,15.822785,0.118143,1.333333,0.578059,2.189873,-1.611814,1.164557,-0.493671,-1.645570,0.320675,-0.594937,54.881857,44.367089,-0.181435,-4.481013,1.987342,-1.118143,-431.527426,-2239.700422,-3195.367089,-3664.751055,-2510.645570,-2688.603376,-177.957806,-1101.797468,-1953.814346,-1449.839662,-357.776371,-233.936709,-13.312236,-81.443038,-117.810127,-72.329114,-28.535865,-21.316456,0.915612,2.063291,-0.843882,-0.021097,-0.974684,-0.995781,0.067511,0.143460,-0.037975,-1.898734,0.244726,1.088608,0.729958,-1.164557,-0.286920,1.805907,0.725738,-1.172996,-1.907173,0.198312,1.240506,0.147679,-2.734177,0.156118,1.122363,0.092827,20.434599,6.924051,-1.021097,0.037975,-1.835443,0.075949,10.156118,-0.059072,2.029536,0.189873,0.434599,-0.510549,15.451477,5.991561,1.582278,-1.645570,-0.873418,1.033755,27.202532,5.666667,-0.983122,-0.025316,1.265823,2.312236,-1.109705,-0.037975,-3.848101,1.063291,-0.704641,-0.687764,0.253165,0.164557,-0.907173,-0.725738,-1.000000,1.991561,0.033755,-30.135021,1.717300,-0.919831,-0.755274,1.181435,1.168776,-1.616034,1.202532,2.215190,0.308017,0.337553,-1.691983,-1.700422,1.265823,0.282700,1.776371,0.776371,-0.101266,-1.101266,0.704641,1.886076,1.004219,-1.004219,-0.033755,51.881857,14.046414,-1.983122,-1.869198,0.139241,0.122363,0.168776,0.210970,-0.911392,-0.113924,-1.227848,-0.168776,0.797468,0.713080,0.746835,-0.071730,6.375527,2.046414,2.780591,4.835443,1.240506,-1.540084,0.729958,0.396624,3.632911,-0.282700,0.565401,-1.915612,0.067511,-0.025316,-1.945148,0.130802,0.046414,-1.185654,1.746835,-1.067511,-1.215190,1.772152,0.734177,-3477.843882,-3663.126582,-4254.953586,-3111.991561,-2216.852321,-5171.907173,-588.042194,-577.113924,-722.936709,-1062.004219,-1262.995781,-4955.016878,-6.620253,-9.472574,-12.147679,-27.075949,-49.556962,-731.544304,2.312236,-0.548523,0.240506,0.354430,-1.776371,0.362869,0.957806,1.021097,1.004219,0.037975,-0.016878,-1.059072,1.295359,-1.502110,0.308017,0.367089,0.350211,0.388186,-0.379747,-1.552743,1.616034,-1.468354,-0.405063,0.594937,-1.130802,-0.160338,1.704641,0.759494,0.780591,0.886076,0.658228,-2.194093,-0.210970,0.738397,-1.194093,-0.383966,-0.084388,-0.029536,0.970464,-1.122363,-0.143460,2.932489,-0.299578,-0.510549,0.556962,-0.299578,-0.438819,0.620253,-1.084388,-1.126582,-1.139241,0.751055,-0.278481,-1.189873,0.434599,-1.628692,-0.590717,-1.506329,1.371308,0.468354,1.890295,0.776371,-1.236287,1.742616,-0.156118,-1.244726,-2.856540,3.016878,0.101266,-0.864979,0.063291,1.270042,2.248945,-0.628692,-0.624473,0.189873,-0.611814,-0.704641,-0.029536,1.080169,-1.940928,-0.848101,0.139241,1.021097,0.029536,-0.995781,-0.915612,2.050633,0.033755,-0.008439,942,143.737793,1669,254.669189,1917,292.510986,2197,335.235596,-28482,-4346.008301,159,24.261475,-28168,-4298.095703,-28395,-4332.733154
200ml,VET6_8chips_raw_stream_20260527_221430.bin,16,-0.350211,0.658228,-0.493671,-1.544304,1.607595,0.658228,-0.303797,-0.392405,-2.206751,0.607595,1.658228,-1.303797,2.016878,6.848101,0.915612,-0.497890,-0.135021,-0.236287,8.345992,14.822785,-0.881857,1.333333,2.578059,-0.810127,0.388186,-0.835443,0.506329,-2.645570,-0.679325,0.405063,54.881857,44.367089,-0.181435,-3.481013,-1.012658,-1.118143,-434.527426,-2240.700422,-3203.367089,-3655.751055,-2524.645570,-2685.603376,-177.957806,-1091.797468,-1968.814346,-1452.839662,-354.776371,-234.936709,-17.312236,-81.443038,-117.810127,-74.329114,-27.535865,-23.316456,-1.084388,1.063291,1.156118,0.978903,-1.974684,-0.995781,0.067511,1.143460,-0.037975,0.101266,-0.755274,2.088608,-2.270042,0.835443,0.713080,-0.194093,-0.274262,-0.172996,0.092827,-1.801688,0.240506,1.147679,0.265823,0.156118,0.122363,-0.907173,18.434599,6.924051,-2.021097,-0.962025,-0.835443,0.075949,9.156118,1.940928,0.029536,-0.810127,-0.565401,1.489451,16.451477,5.991561,-0.417722,1.354430,2.126582,-0.966245,26.202532,5.666667,-0.983122,-2.025316,-0.734177,1.312236,1.890295,-0.037975,1.151899,-1.936709,0.295359,-1.687764,0.253165,0.164557,0.092827,2.274262,-3.000000,0.991561,-1.966245,-40.135021,3.717300,1.080169,0.244726,-0.818565,-1.831224,-2.616034,-0.797468,0.215190,0.308017,0.337553,-0.691983,1.299578,3.265823,0.282700,-0.223629,-1.223629,-1.101266,1.898734,-0.295359,1.886076,1.004219,1.995781,-0.033755,29.881857,20.046414,-1.983122,1.130802,0.139241,1.122363,1.168776,1.210970,0.088608,-1.113924,-2.227848,-0.168776,0.797468,0.713080,0.746835,-0.071730,3.375527,-0.953586,0.780591,4.835443,-1.759494,0.459916,-0.270042,-0.603376,-1.367089,0.717300,-0.434599,0.084388,0.067511,-0.025316,1.054852,0.130802,0.046414,-0.185654,0.746835,-1.067511,1.784810,0.772152,-1.265823,-3486.843882,-3657.126582,-4254.953586,-3114.991561,-2210.852321,-5171.907173,-590.042194,-581.113924,-719.936709,-1060.004219,-1259.995781,-4960.016878,-5.620253,-8.472574,-11.147679,-30.075949,-48.556962,-738.544304,-0.687764,-0.548523,0.240506,-0.645570,0.223629,-0.637131,0.957806,-0.978903,-0.995781,1.037975,0.983122,-1.059072,2.295359,0.497890,-0.691983,-1.632911,0.350211,-0.611814,-1.379747,-0.552743,-1.383966,1.531646,0.594937,1.594937,-0.130802,-2.160338,-1.295359,0.759494,-0.219409,1.886076,-0.341772,0.805907,-1.210970,-0.261603,0.805907,0.616034,0.915612,-1.029536,0.970464,-2.122363,-1.143460,0.932489,-0.299578,-0.510549,-1.443038,-0.299578,-0.438819,2.620253,-0.084388,-1.126582,-0.139241,-1.248945,1.721519,-1.189873,0.434599,1.371308,2.409283,-0.506329,-0.628692,1.468354,-0.109705,1.776371,0.763713,-1.257384,2.843882,-0.244726,-0.856540,0.016878,0.101266,0.135021,-1.936709,0.270042,1.248945,-1.628692,-0.624473,-0.810127,0.388186,-0.704641,1.970464,1.080169,0.059072,0.151899,1.139241,0.021097,0.029536,-0.995781,1.084388,0.050633,0.033755,-1.008439,940,143.432617,1669,254.669189,1911,291.595459,2188,333.862305,-28479,-4345.550537,153,23.345947,-28170,-4298.400879,-28394,-4332.580566
200ml,VET6_8chips_raw_stream_20260527_221430.bin,17,-1.350211,-1.341772,-0.493671,1.455696,-0.392405,-0.341772,1.696203,-2.392405,-0.206751,-0.392405,1.658228,0.696203,1.016878,4.848101,-1.084388,-1.497890,-1.135021,0.763713,5.345992,15.822785,2.118143,0.333333,3.578059,0.189873,0.388186,0.164557,0.506329,-1.645570,-0.679325,1.405063,53.881857,45.367089,-2.181435,-4.481013,-0.012658,-2.118143,-431.527426,-2243.700422,-3199.367089,-3659.751055,-2519.645570,-2692.603376,-179.957806,-1095.797468,-1976.814346,-1440.839662,-357.776371,-233.936709,-16.312236,-81.443038,-119.810127,-72.329114,-27.535865,-22.316456,0.915612,1.063291,-1.843882,0.978903,0.025316,0.004219,0.067511,-0.856540,-0.037975,0.101266,1.244726,0.088608,0.729958,-1.164557,-1.286920,0.805907,-1.274262,0.827004,-0.907173,1.198312,2.240506,0.147679,0.265823,-0.843882,0.122363,-1.907173,20.434599,8.924051,-2.021097,1.037975,-0.835443,0.075949,10.156118,1.940928,1.029536,0.189873,-1.565401,-1.510549,14.451477,8.991561,-1.417722,-0.645570,0.126582,-0.966245,23.202532,4.666667,-0.983122,1.974684,-0.734177,0.312236,1.890295,-1.037975,-1.848101,-0.936709,0.295359,-1.687764,1.253165,0.164557,0.092827,0.274262,1.000000,-2.008439,-0.966245,-24.135021,6.717300,-0.919831,0.244726,0.181435,0.168776,-1.616034,-1.797468,0.215190,-0.691983,1.337553,0.308017,0.299578,0.265823,0.282700,-0.223629,-1.223629,0.898734,0.898734,1.704641,-1.113924,-1.995781,-1.004219,-0.033755,63.881857,23.046414,0.016878,-1.869198,0.139241,1.122363,2.168776,-0.789030,-1.911392,-0.113924,0.772152,-1.168776,1.797468,-1.286920,0.746835,-0.071730,6.375527,0.046414,0.780591,3.835443,1.240506,0.459916,-1.270042,0.396624,0.632911,0.717300,0.565401,-1.915612,-0.932489,0.974684,-0.945148,0.130802,0.046414,-1.185654,1.746835,0.932489,-0.215190,-1.227848,0.734177,-3493.843882,-3651.126582,-4255.953586,-3111.991561,-2214.852321,-5197.907173,-590.042194,-581.113924,-713.936709,-1062.004219,-1257.995781,-4955.016878,-7.620253,-7.472574,-11.147679,-27.075949,-49.556962,-739.544304,-0.687764,-0.548523,-0.759494,-0.645570,0.223629,-0.637131,-1.042194,1.021097,-1.995781,1.037975,-0.016878,0.940928,1.295359,-2.502110,0.308017,0.367089,0.350211,1.388186,-0.379747,1.447257,0.616034,-0.468354,-0.405063,-1.405063,-2.130802,-0.160338,-0.295359,0.759494,0.780591,0.886076,1.658228,-0.194093,-0.210970,-2.261603,0.805907,-0.383966,0.915612,0.970464,0.970464,-2.122363,0.856540,0.932489,0.700422,0.489451,1.556962,-0.299578,0.561181,-1.379747,0.915612,-1.126582,-1.139241,1.751055,-0.278481,-2.189873,0.434599,-0.628692,-1.590717,0.493671,0.371308,-0.531646,-0.109705,-0.223629,-0.236287,-0.257384,2.843882,-1.244726,2.143460,0.016878,0.101266,0.135021,0.063291,0.270042,-0.751055,-0.628692,-0.624473,0.189873,2.388186,2.295359,0.970464,-0.919831,-1.940928,-0.848101,-1.860759,-1.978903,-0.970464,2.004219,0.084388,1.050633,1.033755,-0.008439,941,143.585205,1671,254.974365,1922,293.273926,2201,335.845947,-28487,-4346.771240,156,23.803711,-28176,-4299.316406,-28403,-4333.953857
200ml,VET6_8chips_raw_stream_20260527_221430.bin,18,1.649789,1.658228,-1.493671,1.455696,1.607595,0.658228,0.696203,0.607595,-0.206751,-1.392405,-0.341772,0.696203,5.016878,6.848101,1.915612,0.502110,0.864979,-0.236287,5.345992,14.822785,0.118143,4.333333,3.578059,2.189873,-0.611814,-0.835443,-1.493671,0.354430,0.320675,-0.594937,55.881857,45.367089,-0.181435,-2.481013,-0.012658,-1.118143,-430.527426,-2250.700422,-3189.367089,-3673.751055,-2521.645570,-2698.603376,-177.957806,-1097.797468,-1974.814346,-1459.839662,-354.776371,-231.936709,-15.312236,-80.443038,-118.810127,-73.329114,-30.535865,-23.316456,-1.084388,1.063291,2.156118,0.978903,-0.974684,0.004219,0.067511,-1.856540,-0.037975,0.101266,0.244726,-0.911392,0.729958,-0.164557,-1.286920,0.805907,0.725738,0.827004,-0.907173,0.198312,-0.759494,-0.852321,0.265823,0.156118,1.122363,-0.907173,17.434599,6.924051,0.978903,1.037975,0.164557,3.075949,9.156118,-0.059072,1.029536,0.189873,-1.565401,1.489451,10.451477,6.991561,1.582278,-0.645570,-1.873418,0.033755,23.202532,7.666667,-0.983122,-0.025316,-0.734177,1.312236,-0.109705,-1.037975,2.151899,-0.936709,0.295359,1.312236,-0.746835,-2.835443,2.092827,0.274262,-1.000000,-2.008439,1.033755,-34.135021,6.717300,1.080169,0.244726,2.181435,-0.831224,-1.616034,2.202532,-1.784810,-1.691983,-0.662447,0.308017,-0.700422,0.265823,0.282700,-1.223629,1.776371,-1.101266,-1.101266,-0.295359,0.886076,0.004219,0.995781,-1.033755,45.881857,24.046414,0.016878,3.130802,0.139241,-0.877637,0.168776,0.210970,0.088608,0.886076,0.772152,1.831224,-0.202532,-0.286920,1.746835,0.928270,4.375527,1.046414,1.780591,6.835443,-0.759494,0.459916,0.729958,0.396624,0.632911,0.717300,0.565401,0.084388,0.067511,-0.025316,0.054852,-1.869198,-1.953586,0.814346,-1.253165,-0.067511,-0.215190,1.772152,-2.265823,-3481.843882,-3648.126582,-4257.953586,-3103.991561,-2213.852321,-5185.907173,-593.042194,-580.113924,-717.936709,-1063.004219,-1259.995781,-4969.016878,-5.620253,-9.472574,-14.147679,-28.075949,-50.556962,-736.544304,-0.687764,0.451477,3.240506,-0.645570,0.223629,-0.637131,0.957806,-0.978903,-1.995781,0.037975,0.983122,-0.059072,-1.704641,0.497890,-0.691983,0.367089,-0.649789,1.388186,-0.379747,1.447257,-0.383966,1.531646,1.594937,0.594937,1.869198,-1.160338,-1.295359,-1.240506,0.780591,1.886076,-0.341772,2.805907,0.789030,0.738397,0.805907,-0.383966,-0.084388,0.970464,-0.029536,-1.122363,-2.143460,0.932489,-0.299578,-0.510549,-1.443038,-0.299578,-1.438819,-0.379747,1.915612,0.873418,-1.139241,-0.248945,-1.278481,-0.189873,-0.565401,0.371308,-1.590717,-0.506329,0.371308,-1.531646,-0.109705,-0.223629,-1.236287,1.742616,-0.156118,0.755274,1.143460,0.016878,0.101266,0.135021,2.063291,0.270042,-0.751055,-0.628692,-0.624473,-0.810127,-0.611814,-1.704641,-2.029536,-1.919831,0.059072,-0.848101,1.139241,-0.978903,1.029536,1.004219,0.084388,-3.949367,1.033755,-0.008439,949,144.805908,1684,256.958008,1915,292.205811,2186,333.557129,-28480,-4345.703125,153,23.345947,-28171,-4298.553467,-28397,-4333.038330
200ml,VET6_8chips_raw_stream_20260527_221430.bin,19,0.649789,1.658228,-1.493671,0.455696,-0.392405,-514.341772,-1.303797,0.607595,-2.206751,0.607595,0.658228,1019.696203,2.016878,4.848101,-0.084388,0.502110,-2.135021,1264.763713,8.345992,15.822785,1.118143,-0.666667,1.578059,3838.189873,0.388186,-0.835443,-0.493671,-0.645570,-0.679325,1023.405063,54.881857,47.367089,-0.181435,-2.481013,-2.012658,760.881857,-434.527426,-2251.700422,-3206.367089,-3658.751055,-2531.645570,-2691.603376,-1203.957806,-1095.797468,-1969.814346,-1451.839662,-358.776371,-232.936709,1780.687764,-81.443038,-117.810127,-73.329114,-27.535865,-21.316456,251.915612,-0.936709,1.156118,0.978903,0.025316,-0.995781,255.067511,0.143460,-1.037975,-0.898734,0.244726,1.088608,-257.270042,-1.164557,-1.286920,-0.194093,0.725738,-1.172996,0.092827,-1.801688,-2.759494,-0.852321,-1.734177,-2.843882,0.122363,0.092827,20.434599,8.924051,-1.021097,-2.962025,-2.835443,0.075949,9.156118,3.940928,-1.970464,1016.189873,1.434599,-1.510549,9.451477,5.991561,0.582278,2040.354430,-1.873418,-1.966245,17.202532,5.666667,-0.983122,2301.974684,-0.734177,-0.687764,2.890295,-3.037975,0.151899,511.063291,1019.295359,2.312236,0.253165,-2.835443,0.092827,0.274262,509.000000,-3.008439,1.033755,-30.135021,3.717300,-1.919831,2045.244726,-0.818565,1.168776,-3.616034,0.202532,1.215190,1014.308017,0.337553,0.308017,0.299578,0.265823,-0.717300,-5.223629,-1.223629,0.898734,-1.101266,-0.295359,-0.113924,-511.995781,-2.004219,-0.033755,48.881857,20.046414,0.016878,-1.869198,1.139241,0.122363,1.168776,1.210970,-1.911392,-0.113924,-0.227848,-1.168776,-1.202532,1.713080,1.746835,0.928270,4.375527,-0.953586,-1.219409,3.835443,2.240506,-0.540084,-0.270042,0.396624,0.632911,1.717300,-1.434599,0.084388,1.067511,1.974684,-1.945148,-0.869198,0.046414,-0.185654,-1.253165,0.932489,1.784810,-0.227848,1.734177,-3486.843882,-3651.126582,-4240.953586,-3115.991561,-2213.852321,-21266.907173,-589.042194,-580.113924,-714.936709,-1069.004219,-1264.995781,9441.983122,-5.620253,-7.472574,-12.147679,-27.075949,-47.556962,2043.455696,1.312236,-0.548523,0.240506,-0.645570,-1.776371,1017.362869,-1.042194,-1.978903,1.004219,1.037975,-2.016878,764.940928,-0.704641,0.497890,0.308017,-0.632911,0.350211,764.388186,-1.379747,-1.552743,1.616034,-0.468354,-0.405063,2293.594937,0.869198,-0.160338,0.704641,0.759494,0.780591,503.886076,-0.341772,-0.194093,1.789030,0.738397,-0.194093,3069.616034,0.915612,0.970464,0.970464,-0.122363,-1.143460,2292.932489,-0.299578,-0.510549,1.556962,-0.299578,-0.438819,-9.379747,-0.084388,-1.126582,0.860759,-1.248945,-2.278481,-1.189873,0.434599,2.371308,-0.590717,0.493671,0.371308,1.468354,2.890295,0.776371,-0.236287,-1.257384,-0.156118,-0.244726,2.143460,0.016878,3.101266,0.135021,0.063291,0.270042,0.248945,0.371308,2.375527,2.189873,-0.611814,-0.704641,-1.029536,1.080169,0.059072,0.151899,1.139241,1.021097,1.029536,1.004219,-0.915612,-0.949367,-0.966245,-1.008439,944,144.042969,1678,256.042480,1031,157.318115,-13560,-2069.091797,2704,412.597656,2304,351.562500,145,22.125244,-5999,-915.374756
200ml,VET6_8chips_raw_stream_20260527_221430.bin,20,-1.350211,-0.341772,1.506329,-0.544304,-0.392405,-1.341772,0.696203,0.607595,-2.206751,-1.392405,-0.341772,-1.303797,0.016878,4.848101,0.915612,0.502110,0.864979,-3.236287,5.345992,15.822785,1.118143,1.333333,2.578059,0.189873,0.388186,0.164557,1.506329,1.354430,0.320675,-0.594937,54.881857,46.367089,-0.181435,-4.481013,-2.012658,-0.118143,-433.527426,-2234.700422,-3188.367089,-3657.751055,-2519.645570,-2693.603376,-179.957806,-1090.797468,-1977.814346,-1449.839662,-356.776371,-237.936709,-15.312236,-83.443038,-119.810127,-74.329114,-29.535865,-21.316456,-2.084388,0.063291,2.156118,-0.021097,0.025316,-0.995781,0.067511,-0.856540,-2.037975,-2.898734,0.244726,0.088608,0.729958,-2.164557,-0.286920,0.805907,-1.274262,0.827004,0.092827,1.198312,0.240506,-1.852321,-0.734177,-0.843882,0.122363,1.092827,18.434599,9.924051,0.978903,3.037975,0.164557,3.075949,10.156118,1.940928,-1.970464,-2.810127,0.434599,1.489451,8.451477,4.991561,0.582278,0.354430,0.126582,-0.966245,20.202532,3.666667,0.016878,-1.025316,-0.734177,-0.687764,-1.109705,-2.037975,-0.848101,-0.936709,-0.704641,2.312236,1.253165,0.164557,-0.907173,0.274262,1.000000,0.991561,1.033755,-38.135021,5.717300,-1.919831,-0.755274,-0.818565,-0.831224,-1.616034,1.202532,1.215190,-0.691983,0.337553,0.308017,2.299578,0.265823,0.282700,0.776371,0.776371,1.898734,-1.101266,2.704641,0.886076,-0.995781,-2.004219,-3.033755,32.881857,23.046414,0.016878,1.130802,1.139241,0.122363,0.168776,0.210970,-0.911392,-0.113924,1.772152,-1.168776,0.797468,0.713080,0.746835,0.928270,4.375527,-2.953586,0.780591,5.835443,1.240506,0.459916,-2.270042,0.396624,0.632911,0.717300,0.565401,-1.915612,-1.932489,-0.025316,0.054852,-0.869198,0.046414,0.814346,-0.253165,1.932489,-0.215190,-0.227848,-1.265823,-3482.843882,-3653.126582,-4232.953586,-3102.991561,-2210.852321,-5175.907173,-590.042194,-578.113924,-715.936709,-1066.004219,-1253.995781,-4938.016878,-5.620253,-10.472574,-12.147679,-27.075949,-50.556962,-734.544304,-0.687764,0.451477,0.240506,-0.645570,0.223629,-0.637131,-0.042194,2.021097,-1.995781,0.037975,-0.016878,-1.059072,-1.704641,-2.502110,0.308017,0.367089,1.350211,2.388186,1.620253,0.447257,-0.383966,0.531646,-1.405063,1.594937,0.869198,-0.160338,-1.295359,-0.240506,-0.219409,-1.113924,0.658228,0.805907,-0.210970,-0.261603,0.805907,-0.383966,0.915612,-1.029536,-2.029536,-0.122363,-0.143460,-0.067511,-1.299578,-0.510549,0.556962,0.700422,0.561181,-0.379747,-1.084388,0.873418,-2.139241,-0.248945,0.721519,1.810127,2.434599,-1.628692,0.409283,1.493671,3.371308,0.468354,-0.109705,-0.223629,-0.236287,-0.257384,-1.156118,1.755274,0.143460,0.016878,0.101266,0.135021,-0.936709,-2.729958,0.248945,-0.628692,1.375527,-0.810127,-0.611814,0.295359,-0.029536,-1.919831,0.059072,0.151899,0.139241,1.021097,2.029536,-0.995781,0.084388,1.050633,1.033755,0.991561,946,144.348145,1669,254.669189,1911,291.595459,2192,334.472656,-28476,-4345.092773,155,23.651123,-28165,-4297.637939,-28391,-4332.122803
200ml,VET6_8chips_raw_stream_20260527_221430.bin,21,-1.350211,-1.341772,-0.493671,0.455696,0.607595,-0.341772,0.696203,0.607595,0.793249,-1.392405,-0.341772,-0.303797,2.016878,6.848101,-0.084388,0.502110,0.864979,-1.236287,8.345992,15.822785,2.118143,0.333333,1.578059,-0.810127,0.388186,1.164557,-1.493671,1.354430,1.320675,-0.594937,54.881857,48.367089,-0.181435,-4.481013,-0.012658,0.881857,-432.527426,-2242.700422,-3203.367089,-3678.751055,-2522.645570,-2695.603376,-177.957806,-1088.797468,-1979.814346,-1446.839662,-357.776371,-238.936709,-17.312236,-81.443038,-118.810127,-74.329114,-27.535865,-22.316456,-3.084388,1.063291,-0.843882,0.978903,0.025316,0.004219,0.067511,-0.856540,0.962025,0.101266,0.244726,0.088608,-2.270042,0.835443,2.713080,0.805907,0.725738,-1.172996,0.092827,-1.801688,0.240506,0.147679,1.265823,0.156118,-0.877637,0.092827,20.434599,6.924051,-1.021097,1.037975,0.164557,0.075949,8.156118,1.940928,-1.970464,0.189873,1.434599,-1.510549,7.451477,5.991561,-1.417722,-0.645570,0.126582,2.033755,20.202532,6.666667,-1.983122,0.974684,1.265823,-1.687764,-1.109705,0.962025,0.151899,-1.936709,0.295359,0.312236,1.253165,0.164557,1.092827,1.274262,0.000000,0.991561,2.033755,-37.135021,6.717300,0.080169,0.244726,0.181435,1.168776,-2.616034,-0.797468,-0.784810,-0.691983,-0.662447,0.308017,0.299578,0.265823,1.282700,-1.223629,-1.223629,-1.101266,-0.101266,-0.295359,-1.113924,1.004219,-0.004219,0.966245,33.881857,23.046414,-1.983122,1.130802,1.139241,1.122363,-0.831224,1.210970,-1.911392,1.886076,1.772152,-1.168776,-0.202532,1.713080,-0.253165,-0.071730,4.375527,1.046414,1.780591,5.835443,-0.759494,0.459916,0.729958,0.396624,0.632911,2.717300,-0.434599,1.084388,0.067511,-2.025316,0.054852,0.130802,1.046414,-0.185654,-1.253165,-0.067511,-0.215190,0.772152,-1.265823,-3488.843882,-3652.126582,-4253.953586,-3105.991561,-2213.852321,-5169.907173,-593.042194,-579.113924,-714.936709,-1067.004219,-1262.995781,-4942.016878,-5.620253,-9.472574,-12.147679,-27.075949,-48.556962,-737.544304,0.312236,0.451477,-0.759494,-0.645570,-1.776371,0.362869,0.957806,0.021097,0.004219,-0.962025,-1.016878,-2.059072,1.295359,0.497890,0.308017,-0.632911,-0.649789,0.388186,-0.379747,-1.552743,-0.383966,-1.468354,-0.405063,0.594937,-0.130802,-0.160338,-0.295359,0.759494,0.780591,0.886076,-0.341772,-0.194093,-0.210970,0.738397,2.805907,2.616034,0.915612,1.970464,-0.029536,0.877637,-0.143460,-0.067511,-0.299578,-1.510549,0.556962,0.700422,-0.438819,-0.379747,1.915612,-1.126582,-0.139241,0.751055,-0.278481,-1.189873,-2.565401,-0.628692,1.409283,1.493671,0.371308,-1.531646,0.890295,-0.223629,0.763713,-1.257384,-0.156118,-0.244726,0.143460,-0.983122,0.101266,2.135021,0.063291,1.270042,-0.751055,-0.628692,2.375527,1.189873,-0.611814,2.295359,-2.029536,1.080169,1.059072,-0.848101,1.139241,1.021097,1.029536,0.004219,1.084388,0.050633,1.033755,-0.008439,948,144.653320,1680,256.347656,1925,293.731689,2200,335.693359,-28479,-4345.550537,159,24.261475,-28169,-4298.248291,-28397,-4333.038330
200ml,VET6_8chips_raw_stream_20260527_221430.bin,22,-1.350211,-1.341772,0.506329,0.455696,-1.392405,-1.341772,0.696203,1.607595,-2.206751,-2.392405,0.658228,-0.303797,2.016878,5.848101,-1.084388,0.502110,0.864979,-1.236287,6.345992,13.822785,-0.881857,1.333333,4.578059,-0.810127,-0.611814,-0.835443,-0.493671,0.354430,-0.679325,0.405063,54.881857,47.367089,-2.181435,-4.481013,-1.012658,-1.118143,-435.527426,-2239.700422,-3198.367089,-3662.751055,-2528.645570,-2694.603376,-177.957806,-1085.797468,-1971.814346,-1446.839662,-354.776371,-236.936709,-18.312236,-80.443038,-119.810127,-74.329114,-28.535865,-24.316456,0.915612,2.063291,-0.843882,-1.021097,0.025316,-0.995781,-0.932489,0.143460,-0.037975,-0.898734,-0.755274,0.088608,0.729958,-1.164557,-1.286920,-0.194093,-0.274262,-0.172996,0.092827,0.198312,0.240506,0.147679,0.265823,0.156118,1.122363,-1.907173,18.434599,8.924051,-1.021097,1.037975,2.164557,-2.924051,7.156118,3.940928,0.029536,-2.810127,1.434599,0.489451,8.451477,5.991561,-1.417722,1.354430,0.126582,-0.966245,13.202532,3.666667,1.016878,0.974684,0.265823,1.312236,-0.109705,-0.037975,-0.848101,-0.936709,0.295359,-0.687764,0.253165,-0.835443,0.092827,0.274262,-1.000000,0.991561,-0.966245,-41.135021,6.717300,1.080169,0.244726,-1.818565,0.168776,-4.616034,-0.797468,0.215190,-2.691983,0.337553,-0.691983,-2.700422,-1.734177,0.282700,-0.223629,-1.223629,0.898734,-1.101266,-0.295359,0.886076,0.004219,0.995781,-1.033755,27.881857,23.046414,1.016878,-1.869198,-1.860759,-0.877637,0.168776,-0.789030,1.088608,0.886076,0.772152,-1.168776,1.797468,0.713080,-0.253165,-1.071730,2.375527,0.046414,0.780591,3.835443,0.240506,0.459916,-1.270042,0.396624,0.632911,-0.282700,-1.434599,-0.915612,-0.932489,-0.025316,-0.945148,0.130802,1.046414,0.814346,-1.253165,-0.067511,-0.215190,1.772152,0.734177,-3489.843882,-3636.126582,-4244.953586,-3116.991561,-2212.852321,-5182.907173,-593.042194,-576.113924,-715.936709,-1063.004219,-1266.995781,-4926.016878,-7.620253,-9.472574,-9.147679,-28.075949,-47.556962,-729.544304,2.312236,1.451477,-2.759494,1.354430,-1.776371,-0.637131,-1.042194,1.021097,1.004219,1.037975,-3.016878,0.940928,0.295359,1.497890,0.308017,-0.632911,1.350211,0.388186,-0.379747,-1.552743,0.616034,0.531646,0.594937,1.594937,-0.130802,-0.160338,-1.295359,1.759494,0.780591,-2.113924,-0.341772,0.805907,-0.210970,-0.261603,1.805907,0.616034,0.915612,-0.029536,-1.029536,-0.122363,-1.143460,-2.067511,-1.299578,-2.510549,-0.443038,-0.299578,1.561181,-0.379747,1.915612,0.873418,-2.139241,-1.248945,-1.278481,-1.189873,-1.565401,-0.628692,-0.590717,0.493671,1.371308,1.468354,-1.109705,0.776371,-0.236287,-1.257384,-0.156118,-0.244726,0.143460,0.016878,-0.898734,-1.864979,-0.936709,0.270042,0.248945,-0.628692,-1.624473,-0.810127,-0.611814,-0.704641,-3.029536,0.080169,-0.940928,0.151899,0.139241,0.021097,-0.970464,-0.995781,-2.915612,-0.949367,1.033755,3.991561,949,144.805908,1670,254.821777,1921,293.121338,2194,334.777832,-28482,-4346.008301,156,23.803711,-28170,-4298.400879,-28400,-4333.496094
200ml,VET6_8chips_raw_stream_20260527_221430.bin,23,-0.350211,1.658228,-0.493671,0.455696,-1.392405,1.658228,-2.303797,-1.392405,-1.206751,0.607595,-0.341772,0.696203,3.016878,5.848101,-0.084388,1.502110,0.864979,-0.236287,5.345992,15.822785,-0.881857,1.333333,2.578059,-0.810127,-0.611814,-0.835443,-0.493671,0.354430,-0.679325,0.405063,54.881857,46.367089,-1.181435,-5.481013,-2.012658,0.881857,-433.527426,-2248.700422,-3195.367089,-3673.751055,-2529.645570,-2691.603376,-176.957806,-1093.797468,-1974.814346,-1447.839662,-354.776371,-234.936709,-17.312236,-80.443038,-118.810127,-74.329114,-28.535865,-21.316456,-1.084388,-0.936709,-0.843882,-1.021097,2.025316,2.004219,0.067511,0.143460,-0.037975,-0.898734,0.244726,-0.911392,-1.270042,0.835443,0.713080,-0.194093,-0.274262,1.827004,0.092827,-2.801688,1.240506,-0.852321,-0.734177,0.156118,0.122363,1.092827,17.434599,7.924051,0.978903,1.037975,-1.835443,1.075949,10.156118,-0.059072,0.029536,-0.810127,-3.565401,-1.510549,12.451477,7.991561,-1.417722,-0.645570,-0.873418,-1.966245,16.202532,5.666667,-0.983122,-1.025316,-1.734177,0.312236,-2.109705,-2.037975,0.151899,1.063291,-1.704641,-0.687764,-0.746835,0.164557,0.092827,0.274262,0.000000,-1.008439,1.033755,-37.135021,4.717300,-0.919831,-0.755274,0.181435,0.168776,0.383966,1.202532,-0.784810,-0.691983,0.337553,0.308017,0.299578,1.265823,0.282700,1.776371,0.776371,-1.101266,0.898734,-1.295359,1.886076,1.004219,-1.004219,-0.033755,32.881857,21.046414,0.016878,0.130802,1.139241,1.122363,-0.831224,1.210970,1.088608,-0.113924,1.772152,1.831224,-1.202532,-0.286920,0.746835,0.928270,3.375527,0.046414,1.780591,6.835443,-0.759494,0.459916,-1.270042,0.396624,-1.367089,-1.282700,0.565401,2.084388,-1.932489,1.974684,-0.945148,0.130802,-0.953586,-0.185654,-0.253165,1.932489,-0.215190,-0.227848,1.734177,-3477.843882,-3647.126582,-4236.953586,-3102.991561,-2213.852321,-5174.907173,-590.042194,-577.113924,-715.936709,-1066.004219,-1263.995781,-4932.016878,-7.620253,-6.472574,-10.147679,-27.075949,-50.556962,-730.544304,-0.687764,0.451477,-0.759494,-0.645570,1.223629,0.362869,0.957806,1.021097,0.004219,-1.962025,0.983122,-0.059072,0.295359,-0.502110,-1.691983,0.367089,2.350211,-2.611814,-0.379747,-0.552743,1.616034,0.531646,1.594937,-0.405063,0.869198,0.839662,-1.295359,0.759494,0.780591,-0.113924,-0.341772,1.805907,0.789030,-1.261603,-0.194093,-0.383966,-1.084388,-0.029536,0.970464,0.877637,-2.143460,0.932489,-1.299578,-1.510549,-0.443038,-1.299578,-0.438819,2.620253,0.915612,0.873418,1.860759,-1.248945,-2.278481,0.810127,0.434599,0.371308,0.409283,-0.506329,0.371308,0.468354,-0.109705,-0.223629,-0.236287,-0.257384,-0.156118,0.755274,0.143460,2.016878,-0.898734,-1.864979,0.063291,-0.729958,1.248945,0.371308,0.375527,0.189873,1.388186,0.295359,0.970464,2.080169,-0.940928,1.151899,-0.860759,-1.978903,0.029536,-0.995781,-0.915612,1.050633,1.033755,0.991561,943,143.890381,1677,255.889893,1909,291.290283,2191,334.320068,-28478,-4345.397949,150,22.888184,-28166,-4297.790527,-28395,-4332.733154
200ml,VET6_8chips_raw_stream_20260527_221430.bin,24,-1.350211,-1.341772,2.506329,0.455696,-2.392405,-1.341772,-0.303797,0.607595,0.793249,-2.392405,-0.341772,-1.303797,2.016878,6.848101,0.915612,-0.497890,3.864979,-0.236287,6.345992,14.822785,1.118143,1.333333,2.578059,-1.810127,1.388186,0.164557,-0.493671,1.354430,1.320675,-0.594937,56.881857,45.367089,-0.181435,-2.481013,-2.012658,0.881857,-433.527426,-2248.700422,-3192.367089,-3667.751055,-2519.645570,-2694.603376,-177.957806,-1094.797468,-1971.814346,-1448.839662,-357.776371,-231.936709,-17.312236,-81.443038,-120.810127,-73.329114,-30.535865,-22.316456,1.915612,0.063291,0.156118,-1.021097,1.025316,-0.995781,0.067511,0.143460,-0.037975,0.101266,0.244726,1.088608,0.729958,0.835443,-0.286920,0.805907,0.725738,0.827004,0.092827,0.198312,-0.759494,0.147679,2.265823,0.156118,0.122363,0.092827,17.434599,8.924051,-0.021097,-0.962025,0.164557,0.075949,8.156118,1.940928,0.029536,0.189873,-1.565401,-1.510549,8.451477,8.991561,-2.417722,-0.645570,1.126582,-1.966245,13.202532,7.666667,1.016878,-2.025316,-0.734177,0.312236,-2.109705,1.962025,-1.848101,-0.936709,0.295359,0.312236,-0.746835,-0.835443,-0.907173,0.274262,0.000000,-0.008439,0.033755,-36.135021,6.717300,0.080169,2.244726,-0.818565,0.168776,-2.616034,-0.797468,-0.784810,0.308017,1.337553,1.308017,-2.700422,0.265823,0.282700,-1.223629,1.776371,0.898734,-1.101266,0.704641,-0.113924,0.004219,-1.004219,-0.033755,36.881857,18.046414,0.016878,-0.869198,-0.860759,0.122363,0.168776,1.210970,1.088608,-2.113924,-1.227848,-1.168776,1.797468,-1.286920,-1.253165,-1.071730,3.375527,0.046414,0.780591,5.835443,-0.759494,0.459916,-1.270042,0.396624,1.632911,1.717300,-0.434599,1.084388,-1.932489,-2.025316,0.054852,1.130802,-0.953586,0.814346,0.746835,-1.067511,0.784810,0.772152,1.734177,-3482.843882,-3653.126582,-4235.953586,-3096.991561,-2214.852321,-5161.907173,-588.042194,-575.113924,-716.936709,-1064.004219,-1262.995781,-4939.016878,-5.620253,-10.472574,-11.147679,-27.075949,-48.556962,-727.544304,-0.687764,-0.548523,1.240506,-0.645570,-0.776371,0.362869,0.957806,1.021097,0.004219,1.037975,0.983122,1.940928,-1.704641,0.497890,-0.691983,-0.632911,0.350211,0.388186,1.620253,0.447257,-0.383966,-0.468354,-1.405063,1.594937,-0.130802,1.839662,-3.295359,0.759494,0.780591,0.886076,-0.341772,-2.194093,1.789030,-0.261603,0.805907,-0.383966,-0.084388,3.970464,0.970464,-1.122363,0.856540,-0.067511,-0.299578,-0.510549,-2.443038,1.700422,-0.438819,0.620253,-1.084388,1.873418,1.860759,0.751055,-0.278481,-1.189873,-1.565401,0.371308,0.409283,2.493671,0.371308,0.468354,0.890295,0.776371,0.763713,-0.257384,-0.156118,-1.244726,0.143460,3.016878,0.101266,-1.864979,-0.936709,-0.729958,-0.751055,1.371308,-1.624473,0.189873,-0.611814,-2.704641,0.970464,1.080169,1.059072,-1.848101,1.139241,1.021097,0.029536,1.004219,1.084388,1.050633,1.033755,0.991561,951,145.111084,1679,256.195068,1914,292.053223,2202,335.998535,-28476,-4345.092773,161,24.566650,-28163,-4297.332764,-28390,-4331.970215
