ContainerModel,Ambient_C,Liquid_C,LevelClass,Volume,SourceFile,Index,L_P1_R1C1,L_P1_R1C2,L_P1_R1C3,L_P1_R1C4,L_P1_R1C5,L_P1_R1C6,L_P1_R2C1,L_P1_R2C2,L_P1_R2C3,L_P1_R2C4,L_P1_R2C5,L_P1_R2C6,L_P1_R3C1,L_P1_R3C2,L_P1_R3C3,L_P1_R3C4,L_P1_R3C5,L_P1_R3C6,L_P1_R4C1,L_P1_R4C2,L_P1_R4C3,L_P1_R4C4,L_P1_R4C5,L_P1_R4C6,L_P1_R5C1,L_P1_R5C2,L_P1_R5C3,L_P1_R5C4,L_P1_R5C5,L_P1_R5C6,L_P1_R6C1,L_P1_R6C2,L_P1_R6C3,L_P1_R6C4,L_P1_R6C5,L_P1_R6C6,L_P2_R1C1,L_P2_R1C2,L_P2_R1C3,L_P2_R1C4,L_P2_R1C5,L_P2_R1C6,L_P2_R2C1,L_P2_R2C2,L_P2_R2C3,L_P2_R2C4,L_P2_R2C5,L_P2_R2C6,L_P2_R3C1,L_P2_R3C2,L_P2_R3C3,L_P2_R3C4,L_P2_R3C5,L_P2_R3C6,L_P2_R4C1,L_P2_R4C2,L_P2_R4C3,L_P2_R4C4,L_P2_R4C5,L_P2_R4C6,L_P2_R5C1,L_P2_R5C2,L_P2_R5C3,L_P2_R5C4,L_P2_R5C5,L_P2_R5C6,L_P2_R6C1,L_P2_R6C2,L_P2_R6C3,L_P2_R6C4,L_P2_R6C5,L_P2_R6C6,L_P3a_R1C1,L_P3a_R1C2,L_P3a_R1C3,L_P3a_R1C4,L_P3a_R1C5,L_P3a_R1C6,L_P3a_R2C1,L_P3a_R2C2,L_P3a_R2C3,L_P3a_R2C4,L_P3a_R2C5,L_P3a_R2C6,L_P3a_R3C1,L_P3a_R3C2,L_P3a_R3C3,L_P3a_R3C4,L_P3a_R3C5,L_P3a_R3C6,L_P3a_R4C1,L_P3a_R4C2,L_P3a_R4C3,L_P3a_R4C4,L_P3a_R4C5,L_P3a_R4C6,L_P3a_R5C1,L_P3a_R5C2,L_P3a_R5C3,L_P3a_R5C4,L_P3a_R5C5,L_P3a_R5C6,L_P3a_R6C1,L_P3a_R6C2,L_P3a_R6C3,L_P3a_R6C4,L_P3a_R6C5,L_P3a_R6C6,L_P3b_R1C1,L_P3b_R1C2,L_P3b_R1C3,L_P3b_R1C4,L_P3b_R1C5,L_P3b_R1C6,L_P3b_R2C1,L_P3b_R2C2,L_P3b_R2C3,L_P3b_R2C4,L_P3b_R2C5,L_P3b_R2C6,L_P3b_R3C1,L_P3b_R3C2,L_P3b_R3C3,L_P3b_R3C4,L_P3b_R3C5,L_P3b_R3C6,L_P3b_R4C1,L_P3b_R4C2,L_P3b_R4C3,L_P3b_R4C4,L_P3b_R4C5,L_P3b_R4C6,L_P3b_R5C1,L_P3b_R5C2,L_P3b_R5C3,L_P3b_R5C4,L_P3b_R5C5,L_P3b_R5C6,L_P3b_R6C1,L_P3b_R6C2,L_P3b_R6C3,L_P3b_R6C4,L_P3b_R6C5,L_P3b_R6C6,R_P1_R1C1,R_P1_R1C2,R_P1_R1C3,R_P1_R1C4,R_P1_R1C5,R_P1_R1C6,R_P1_R2C1,R_P1_R2C2,R_P1_R2C3,R_P1_R2C4,R_P1_R2C5,R_P1_R2C6,R_P1_R3C1,R_P1_R3C2,R_P1_R3C3,R_P1_R3C4,R_P1_R3C5,R_P1_R3C6,R_P1_R4C1,R_P1_R4C2,R_P1_R4C3,R_P1_R4C4,R_P1_R4C5,R_P1_R4C6,R_P1_R5C1,R_P1_R5C2,R_P1_R5C3,R_P1_R5C4,R_P1_R5C5,R_P1_R5C6,R_P1_R6C1,R_P1_R6C2,R_P1_R6C3,R_P1_R6C4,R_P1_R6C5,R_P1_R6C6,R_P2_R1C1,R_P2_R1C2,R_P2_R1C3,R_P2_R1C4,R_P2_R1C5,R_P2_R1C6,R_P2_R2C1,R_P2_R2C2,R_P2_R2C3,R_P2_R2C4,R_P2_R2C5,R_P2_R2C6,R_P2_R3C1,R_P2_R3C2,R_P2_R3C3,R_P2_R3C4,R_P2_R3C5,R_P2_R3C6,R_P2_R4C1,R_P2_R4C2,R_P2_R4C3,R_P2_R4C4,R_P2_R4C5,R_P2_R4C6,R_P2_R5C1,R_P2_R5C2,R_P2_R5C3,R_P2_R5C4,R_P2_R5C5,R_P2_R5C6,R_P2_R6C1,R_P2_R6C2,R_P2_R6C3,R_P2_R6C4,R_P2_R6C5,R_P2_R6C6,R_P3a_R1C1,R_P3a_R1C2,R_P3a_R1C3,R_P3a_R1C4,R_P3a_R1C5,R_P3a_R1C6,R_P3a_R2C1,R_P3a_R2C2,R_P3a_R2C3,R_P3a_R2C4,R_P3a_R2C5,R_P3a_R2C6,R_P3a_R3C1,R_P3a_R3C2,R_P3a_R3C3,R_P3a_R3C4,R_P3a_R3C5,R_P3a_R3C6,R_P3a_R4C1,R_P3a_R4C2,R_P3a_R4C3,R_P3a_R4C4,R_P3a_R4C5,R_P3a_R4C6,R_P3a_R5C1,R_P3a_R5C2,R_P3a_R5C3,R_P3a_R5C4,R_P3a_R5C5,R_P3a_R5C6,R_P3a_R6C1,R_P3a_R6C2,R_P3a_R6C3,R_P3a_R6C4,R_P3a_R6C5,R_P3a_R6C6,R_P3b_R1C1,R_P3b_R1C2,R_P3b_R1C3,R_P3b_R1C4,R_P3b_R1C5,R_P3b_R1C6,R_P3b_R2C1,R_P3b_R2C2,R_P3b_R2C3,R_P3b_R2C4,R_P3b_R2C5,R_P3b_R2C6,R_P3b_R3C1,R_P3b_R3C2,R_P3b_R3C3,R_P3b_R3C4,R_P3b_R3C5,R_P3b_R3C6,R_P3b_R4C1,R_P3b_R4C2,R_P3b_R4C3,R_P3b_R4C4,R_P3b_R4C5,R_P3b_R4C6,R_P3b_R5C1,R_P3b_R5C2,R_P3b_R5C3,R_P3b_R5C4,R_P3b_R5C5,R_P3b_R5C6,R_P3b_R6C1,R_P3b_R6C2,R_P3b_R6C3,R_P3b_R6C4,R_P3b_R6C5,R_P3b_R6C6,L_P1_P2_C1,L_P1_P2_C2,L_P1_P2_C3,L_P1_P2_C4,L_P1_P2_C5,L_P1_P2_C6,L_P2_P3a_1,L_P2_P3b_1,L_P2_P3a_2,L_P2_P3b_2,L_P2_P3a_3,L_P2_P3b_3,L_P2_P3_center,L_P3a_P3b_R1,L_P3a_P3b_R2,L_P3a_P3b_R3,L_P3a_P3b_R4,L_P3a_P3b_R5,L_P3a_P3b_R6,R_P1_P2_C1,R_P1_P2_C2,R_P1_P2_C3,R_P1_P2_C4,R_P1_P2_C5,R_P1_P2_C6,R_P2_P3a_1,R_P2_P3b_1,R_P2_P3a_2,R_P2_P3b_2,R_P2_P3a_3,R_P2_P3b_3,R_P2_P3_center,R_P3a_P3b_R1,R_P3a_P3b_R2,R_P3a_P3b_R3,R_P3a_P3b_R4,R_P3a_P3b_R5,R_P3a_P3b_R6,AD1_Temperature_C,AD2_Temperature_C,AD3_Temperature_C,AD4_Temperature_C,AD5_Temperature_C,AD6_Temperature_C,AD7_Temperature_C,AD8_Temperature_C
100ml,24.6,64.6,LOW,100ml,ContainerModel100ml_Tamb24p6C_Tliquid64p6C_LevelclassLOW_VET6_8chips_raw_stream_20260528_221123.bin,1,1.649789,1.658228,1.506329,-1.544304,-1.392405,-1.341772,-0.303797,-1.392405,0.793249,-2.392405,2.658228,-1.303797,4.016878,5.848101,-0.084388,0.502110,0.864979,-0.236287,5.345992,15.822785,1.118143,1.333333,0.578059,0.189873,2.388186,-1.835443,0.506329,2.354430,0.320675,0.405063,11.881857,7.367089,-9.181435,-6.481013,-10.012658,-0.118143,0.472574,-0.700422,-2.367089,-6.751055,-0.645570,-1.603376,-0.957806,-1.797468,-1.814346,-1.839662,-0.776371,1.063291,-2.312236,-9.443038,-0.810127,-15.329114,-4.535865,-4.316456,-10.084388,-25.936709,-40.843882,-32.021097,-14.974684,-9.995781,-16.932489,-148.856540,-263.037975,-216.898734,-36.755274,-15.911392,-529.270042,-2020.164557,-2721.286920,-2523.194093,-1294.274262,-1542.172996,0.092827,1.198312,0.240506,1.147679,0.265823,0.156118,1.122363,0.092827,22.434599,8.924051,0.978903,-0.962025,-0.835443,0.075949,10.156118,0.940928,0.029536,1.189873,-1.565401,-0.510549,28.451477,11.991561,-0.417722,0.354430,0.126582,1.033755,5.202532,9.666667,0.016878,0.974684,1.265823,0.312236,-0.109705,0.962025,1.151899,-0.936709,1.295359,1.312236,-1.746835,0.164557,1.092827,-0.725738,1.000000,0.991561,1.033755,123.864979,16.717300,1.080169,3.244726,-0.818565,0.168776,2.383966,0.202532,-0.784810,0.308017,0.337553,0.308017,-2.700422,-0.734177,1.282700,-0.223629,0.776371,-1.101266,-1.101266,1.704641,-1.113924,0.004219,-0.004219,-2.033755,62.881857,36.046414,-1.983122,-1.869198,-0.860759,-0.877637,-0.831224,0.210970,0.088608,0.886076,-1.227848,-0.168776,-1.202532,-0.286920,-1.253165,1.928270,7.375527,-0.953586,5.780591,5.835443,2.240506,-0.540084,0.729958,0.396624,-0.367089,0.717300,3.565401,-0.915612,0.067511,-1.025316,-0.945148,1.130802,0.046414,-1.185654,-2.253165,-1.067511,-2.215190,-1.227848,-1.265823,0.156118,-2.126582,-0.953586,0.008439,1.147679,0.092827,2.957806,-1.113924,-0.936709,0.995781,0.004219,1.983122,-0.620253,0.527426,6.852321,5.924051,-0.556962,-0.544304,-0.687764,3.451477,0.240506,2.354430,1.223629,-0.637131,0.957806,2.021097,3.004219,0.037975,0.983122,0.940928,-877.704641,-151.502110,-363.691983,-1.632911,1.350211,-0.611814,-0.379747,0.447257,-1.383966,0.531646,0.594937,-1.405063,-0.130802,-0.160338,-1.295359,0.759494,0.780591,0.886076,0.658228,1.805907,0.789030,3.738397,2.805907,0.616034,-1.084388,-1.029536,-0.029536,-2.122363,-0.143460,0.932489,-0.299578,1.489451,-0.443038,-0.299578,-0.438819,0.620253,-2.084388,2.873418,-1.139241,1.751055,1.721519,-1.189873,-406.565401,-687.628692,-1599.590717,-1291.506329,-1799.628692,-532.531646,-11.109705,-17.223629,-52.236287,-48.257384,-60.156118,-16.244726,-1.856540,0.016878,-0.898734,0.135021,0.063291,0.270042,-2.751055,-0.628692,-0.624473,2.189873,-0.611814,-0.704641,-1.029536,1.080169,1.059072,-1.848101,-0.860759,-0.978903,2.029536,0.004219,0.084388,-0.949367,0.033755,-0.008439,5.615461,3.895088,-4.546153,-6.361827,-5.583320,-1.743397,-384.321526,-1391.187498,-837.585504,-675.144903,-1539.861342,-724.764832,-1552.221786,0.490155,0.254571,1.376934,0.345992,0.360759,-0.185654,-0.845653,-1.858988,-1.252253,-0.893343,-0.250117,-0.478564,-361.313413,-193.360034,-159.648033,-310.869679,-163.198961,-717.376439,-191.360912,-137.694093,-71.402954,-0.110408,-0.674402,-0.439522,0.211674,29.533215,34.116127,30.895089,32.519485,24.768907,30.968700,22.857578,24.753219
100ml,24.6,64.6,LOW,100ml,ContainerModel100ml_Tamb24p6C_Tliquid64p6C_LevelclassLOW_VET6_8chips_raw_stream_20260528_221123.bin,2,-1.350211,1.658228,0.506329,1.455696,1.607595,-0.341772,-0.303797,0.607595,1.793249,-0.392405,0.658228,0.696203,5.016878,7.848101,-1.084388,0.502110,0.864979,-0.236287,6.345992,12.822785,0.118143,0.333333,1.578059,-0.810127,-0.611814,2.164557,1.506329,2.354430,2.320675,-0.594937,9.881857,6.367089,-9.181435,-4.481013,-12.012658,-0.118143,-0.527426,-0.700422,-3.367089,-5.751055,-1.645570,1.396624,0.042194,-1.797468,-0.814346,-0.839662,0.223629,1.063291,-3.312236,-10.443038,-0.810127,-14.329114,-4.535865,-3.316456,-10.084388,-26.936709,-38.843882,-34.021097,-16.974684,-11.995781,-17.932489,-148.856540,-259.037975,-216.898734,-37.755274,-14.911392,-524.270042,-2021.164557,-2716.286920,-2524.194093,-1298.274262,-1529.172996,-0.907173,-1.801688,-1.759494,0.147679,0.265823,0.156118,1.122363,3.092827,23.434599,8.924051,1.978903,1.037975,-0.835443,-0.924051,8.156118,2.940928,0.029536,0.189873,-0.565401,-3.510549,30.451477,11.991561,-1.417722,0.354430,-0.873418,0.033755,1.202532,9.666667,0.016878,-1.025316,0.265823,0.312236,-1.109705,-1.037975,-0.848101,2.063291,-0.704641,-0.687764,0.253165,0.164557,0.092827,0.274262,2.000000,0.991561,2.033755,123.864979,14.717300,1.080169,0.244726,1.181435,1.168776,3.383966,0.202532,-0.784810,-0.691983,2.337553,-0.691983,0.299578,0.265823,0.282700,-1.223629,0.776371,0.898734,0.898734,-1.295359,-0.113924,0.004219,-1.004219,-1.033755,57.881857,32.046414,1.016878,0.130802,0.139241,1.122363,0.168776,0.210970,1.088608,-0.113924,-1.227848,-0.168776,-3.202532,-0.286920,0.746835,0.928270,9.375527,-0.953586,1.780591,3.835443,-0.759494,0.459916,0.729958,0.396624,0.632911,-1.282700,0.565401,0.084388,-0.932489,-0.025316,0.054852,0.130802,-1.953586,1.814346,-0.253165,-0.067511,-1.215190,-1.227848,-1.265823,1.156118,-0.126582,1.046414,-0.991561,-0.852321,0.092827,-0.042194,-1.113924,2.063291,0.995781,2.004219,0.983122,1.379747,0.527426,6.852321,3.924051,-2.556962,1.455696,1.312236,1.451477,-0.759494,-0.645570,-0.776371,1.362869,0.957806,1.021097,1.004219,1.037975,0.983122,0.940928,-884.704641,-153.502110,-367.691983,0.367089,-0.649789,-0.611814,1.620253,-1.552743,-1.383966,0.531646,0.594937,1.594937,-1.130802,0.839662,0.704641,-1.240506,0.780591,0.886076,0.658228,0.805907,-0.210970,-0.261603,-0.194093,-0.383966,0.915612,-0.029536,-2.029536,-2.122363,-0.143460,-0.067511,0.700422,-1.510549,-0.443038,-0.299578,-1.438819,-2.379747,3.915612,1.873418,-0.139241,-1.248945,-0.278481,-0.189873,-407.565401,-687.628692,-1599.590717,-1289.506329,-1801.628692,-526.531646,-11.109705,-15.223629,-52.236287,-45.257384,-59.156118,-14.244726,0.143460,-0.983122,-1.898734,1.135021,0.063291,-2.729958,1.248945,-1.628692,-0.624473,-0.810127,-0.611814,1.295359,-0.029536,0.080169,1.059072,0.151899,1.139241,1.021097,0.029536,-2.995781,-0.915612,1.050633,1.033755,1.991561,4.312992,3.197557,-4.848622,-5.454420,-6.490728,-0.835990,-382.819764,-1392.424100,-837.391787,-676.179371,-1538.081958,-719.393704,-1551.445612,0.323488,0.921238,0.376934,-0.487342,-0.805907,0.314346,1.154347,0.141012,0.247747,-1.090874,-1.052586,-0.676095,-364.265714,-193.547676,-160.879272,-311.754059,-163.661964,-717.549355,-191.545027,-137.027426,-71.069620,0.056259,-0.007736,-0.606188,-0.454993,29.403215,34.025127,30.882089,32.428485,24.690907,31.059700,22.753578,24.662219
100ml,24.6,64.6,LOW,100ml,ContainerModel100ml_Tamb24p6C_Tliquid64p6C_LevelclassLOW_VET6_8chips_raw_stream_20260528_221123.bin,3,-1.350211,1.658228,1.506329,1.455696,-0.392405,1.658228,1.696203,-1.392405,1.793249,-1.392405,-0.341772,-1.303797,2.016878,6.848101,-2.084388,0.502110,0.864979,-0.236287,3.345992,15.822785,2.118143,1.333333,4.578059,2.189873,1.388186,-0.835443,-0.493671,-0.645570,-0.679325,-0.594937,10.881857,4.367089,-8.181435,-4.481013,-12.012658,-1.118143,-0.527426,-3.700422,-4.367089,-4.751055,-2.645570,0.396624,-0.957806,-1.797468,-2.814346,1.160338,0.223629,-0.936709,-3.312236,-10.443038,0.189873,-14.329114,-4.535865,-5.316456,-11.084388,-26.936709,-39.843882,-35.021097,-14.974684,-11.995781,-17.932489,-148.856540,-261.037975,-218.898734,-35.755274,-14.911392,-520.270042,-2019.164557,-2704.286920,-2533.194093,-1301.274262,-1537.172996,0.092827,0.198312,-1.759494,0.147679,0.265823,-0.843882,-1.877637,1.092827,23.434599,8.924051,0.978903,1.037975,1.164557,-0.924051,9.156118,2.940928,0.029536,0.189873,0.434599,-0.510549,30.451477,12.991561,-0.417722,-2.645570,-1.873418,-0.966245,3.202532,9.666667,-1.983122,-1.025316,-0.734177,-1.687764,-3.109705,0.962025,-0.848101,-0.936709,0.295359,0.312236,1.253165,0.164557,-0.907173,1.274262,1.000000,-0.008439,2.033755,122.864979,15.717300,0.080169,2.244726,1.181435,-0.831224,3.383966,0.202532,-0.784810,-2.691983,0.337553,0.308017,0.299578,0.265823,-0.717300,0.776371,0.776371,1.898734,-1.101266,-1.295359,-0.113924,-0.995781,-0.004219,-0.033755,60.881857,37.046414,0.016878,-1.869198,-0.860759,-0.877637,0.168776,-1.789030,-0.911392,-0.113924,-1.227848,-1.168776,-1.202532,-0.286920,0.746835,-1.071730,7.375527,2.046414,1.780591,3.835443,3.240506,0.459916,-1.270042,0.396624,-1.367089,-0.282700,0.565401,0.084388,-1.932489,-1.025316,-1.945148,0.130802,-0.953586,-0.185654,-2.253165,-1.067511,0.784810,-2.227848,-0.265823,0.156118,0.873418,0.046414,-1.991561,2.147679,0.092827,1.957806,-0.113924,0.063291,0.995781,-0.995781,-1.016878,-0.620253,-0.472574,6.852321,5.924051,0.443038,-1.544304,0.312236,-1.548523,-0.759494,2.354430,-0.776371,-0.637131,0.957806,1.021097,1.004219,-0.962025,0.983122,0.940928,-882.704641,-153.502110,-363.691983,0.367089,0.350211,0.388186,1.620253,0.447257,1.616034,1.531646,-1.405063,0.594937,0.869198,-0.160338,-0.295359,-0.240506,-1.219409,-1.113924,-2.341772,0.805907,-0.210970,-0.261603,0.805907,-0.383966,-1.084388,-1.029536,-1.029536,-1.122363,-2.143460,-0.067511,1.700422,-2.510549,-0.443038,-0.299578,-0.438819,0.620253,-1.084388,2.873418,-0.139241,1.751055,-1.278481,-1.189873,-401.565401,-690.628692,-1606.590717,-1285.506329,-1799.628692,-528.531646,-10.109705,-17.223629,-52.236287,-47.257384,-61.156118,-18.244726,0.143460,0.016878,-1.898734,0.135021,-2.936709,-0.729958,0.248945,1.371308,2.375527,1.189873,0.388186,-0.704641,-0.029536,-0.919831,-0.940928,0.151899,-1.860759,1.021097,1.029536,-0.995781,0.084388,0.050633,-0.966245,-2.008439,4.220399,1.290150,-5.046153,-5.151951,-6.793197,-1.737225,-381.058628,-1394.921338,-836.276167,-677.757469,-1534.253612,-722.313032,-1550.557526,0.156821,0.587904,0.543601,-1.820675,-0.972574,-0.685654,-0.148122,-0.556519,-0.554722,-0.492108,-0.151352,-0.077330,-363.313413,-190.700081,-161.532413,-311.713483,-162.470799,-720.203522,-189.341056,-135.527426,-70.569620,-0.277075,0.158931,0.227145,0.045007,29.715215,34.116127,30.986089,32.597485,24.742907,31.033700,22.805578,24.727219
100ml,24.6,64.6,LOW,100ml,ContainerModel100ml_Tamb24p6C_Tliquid64p6C_LevelclassLOW_VET6_8chips_raw_stream_20260528_221123.bin,4,-0.350211,-0.341772,-1.493671,-0.544304,-2.392405,0.658228,-0.303797,-1.392405,0.793249,0.607595,1.658228,0.696203,0.016878,6.848101,-2.084388,-0.497890,3.864979,1.763713,5.345992,14.822785,0.118143,-0.666667,2.578059,0.189873,1.388186,1.164557,0.506329,-0.645570,1.320675,1.405063,10.881857,7.367089,-9.181435,-7.481013,-13.012658,0.881857,-0.527426,-1.700422,-2.367089,-5.751055,0.354430,-2.603376,0.042194,-1.797468,-1.814346,-0.839662,1.223629,1.063291,-3.312236,-10.443038,1.189873,-13.329114,-4.535865,-2.316456,-10.084388,-25.936709,-43.843882,-34.021097,-15.974684,-11.995781,-17.932489,-151.856540,-264.037975,-219.898734,-36.755274,-14.911392,-528.270042,-2020.164557,-2715.286920,-2534.194093,-1300.274262,-1537.172996,0.092827,0.198312,0.240506,1.147679,-0.734177,0.156118,-0.877637,-0.907173,21.434599,9.924051,-1.021097,-0.962025,0.164557,0.075949,11.156118,2.940928,0.029536,0.189873,-1.565401,-1.510549,32.451477,13.991561,0.582278,-0.645570,-2.873418,2.033755,19.202532,9.666667,1.016878,0.974684,-0.734177,0.312236,-0.109705,-1.037975,1.151899,-0.936709,0.295359,-0.687764,0.253165,0.164557,-0.907173,1.274262,0.000000,-0.008439,2.033755,123.864979,15.717300,0.080169,-0.755274,0.181435,0.168776,5.383966,0.202532,0.215190,1.308017,-1.662447,-1.691983,-0.700422,-2.734177,0.282700,-1.223629,-0.223629,-1.101266,1.898734,-1.295359,-1.113924,1.004219,-3.004219,-0.033755,62.881857,35.046414,0.016878,1.130802,0.139241,1.122363,-0.831224,-1.789030,-1.911392,1.886076,-0.227848,-1.168776,-0.202532,-0.286920,-0.253165,-1.071730,9.375527,0.046414,4.780591,4.835443,0.240506,0.459916,-0.270042,0.396624,-1.367089,-1.282700,-2.434599,-0.915612,2.067511,-0.025316,0.054852,0.130802,2.046414,-1.185654,-1.253165,1.932489,-3.215190,-0.227848,-1.265823,1.156118,-0.126582,0.046414,-1.991561,-1.852321,0.092827,1.957806,1.886076,1.063291,-0.004219,1.004219,-0.016878,0.379747,0.527426,6.852321,5.924051,0.443038,1.455696,-0.687764,-0.548523,0.240506,1.354430,-0.776371,-0.637131,2.957806,1.021097,2.004219,1.037975,0.983122,0.940928,-879.704641,-153.502110,-367.691983,-0.632911,3.350211,0.388186,0.620253,-1.552743,0.616034,0.531646,0.594937,1.594937,0.869198,-0.160338,-1.295359,-2.240506,-1.219409,-0.113924,0.658228,-0.194093,-0.210970,-0.261603,-0.194093,0.616034,1.915612,0.970464,0.970464,-0.122363,-1.143460,0.932489,0.700422,0.489451,1.556962,0.700422,-0.438819,-0.379747,-1.084388,0.873418,1.860759,0.751055,-0.278481,1.810127,-409.565401,-690.628692,-1604.590717,-1288.506329,-1790.628692,-527.531646,-8.109705,-17.223629,-53.236287,-46.257384,-61.156118,-14.244726,1.143460,0.016878,0.101266,2.135021,0.063291,0.270042,-0.751055,0.371308,-2.624473,1.189873,-0.611814,0.295359,0.970464,1.080169,-1.940928,1.151899,0.139241,0.021097,-0.970464,-0.995781,-0.915612,-0.949367,0.033755,0.991561,4.714226,3.296322,-4.644918,-6.559358,-6.385789,-1.940928,-384.043903,-1396.150001,-837.854265,-677.757469,-1538.430052,-722.743060,-1553.905901,-0.009845,-0.245429,-0.456399,0.179325,0.027426,-0.018987,-0.148122,-0.556519,0.352685,-2.294577,-1.348883,-0.676095,-362.280439,-194.261113,-160.301174,-311.485298,-163.748422,-719.150038,-192.248998,-137.360759,-70.736287,0.722925,0.158931,0.227145,0.378340,29.585215,34.077127,30.869089,32.441485,24.768907,30.968700,22.818578,24.753219
100ml,24.6,64.6,LOW,100ml,ContainerModel100ml_Tamb24p6C_Tliquid64p6C_LevelclassLOW_VET6_8chips_raw_stream_20260528_221123.bin,5,-2.350211,0.658228,-1.493671,-1.544304,0.607595,1.658228,2.696203,-0.392405,1.793249,0.607595,-0.341772,0.696203,2.016878,6.848101,-0.084388,1.502110,0.864979,-0.236287,5.345992,15.822785,0.118143,1.333333,-0.421941,4.189873,-0.611814,-0.835443,0.506329,0.354430,-1.679325,2.405063,12.881857,7.367089,-10.181435,-4.481013,-10.012658,-0.118143,0.472574,-0.700422,-3.367089,-7.751055,-2.645570,-1.603376,1.042194,1.202532,-2.814346,-1.839662,1.223629,0.063291,-4.312236,-10.443038,-0.810127,-12.329114,-6.535865,-3.316456,-10.084388,-26.936709,-38.843882,-33.021097,-13.974684,-10.995781,-17.932489,-146.856540,-262.037975,-218.898734,-36.755274,-14.911392,-519.270042,-2019.164557,-2711.286920,-2537.194093,-1299.274262,-1536.172996,1.092827,1.198312,-0.759494,1.147679,0.265823,0.156118,1.122363,0.092827,20.434599,9.924051,0.978903,1.037975,-2.835443,1.075949,9.156118,1.940928,0.029536,0.189873,1.434599,-1.510549,31.451477,12.991561,0.582278,0.354430,1.126582,-0.966245,9.202532,8.666667,0.016878,-0.025316,-0.734177,0.312236,-2.109705,-2.037975,1.151899,2.063291,-1.704641,-1.687764,0.253165,-0.835443,0.092827,-0.725738,3.000000,0.991561,-1.966245,124.864979,12.717300,0.080169,-0.755274,-0.818565,-1.831224,5.383966,0.202532,-0.784810,0.308017,0.337553,0.308017,0.299578,-0.734177,-0.717300,-1.223629,0.776371,0.898734,-0.101266,-1.295359,-1.113924,1.004219,1.995781,-1.033755,62.881857,35.046414,-0.983122,0.130802,-0.860759,1.122363,0.168776,-1.789030,0.088608,-0.113924,-0.227848,-0.168776,-1.202532,-1.286920,1.746835,-1.071730,5.375527,-1.953586,2.780591,6.835443,1.240506,0.459916,-2.270042,-0.603376,-1.367089,1.717300,0.565401,-0.915612,1.067511,2.974684,0.054852,0.130802,3.046414,0.814346,1.746835,1.932489,-1.215190,-0.227848,0.734177,0.156118,-3.126582,-1.953586,0.008439,0.147679,-0.907173,0.957806,-0.113924,1.063291,-1.004219,-0.995781,1.983122,0.379747,-0.472574,6.852321,2.924051,0.443038,-1.544304,3.312236,-0.548523,2.240506,0.354430,2.223629,1.362869,0.957806,-0.978903,1.004219,2.037975,-0.016878,-0.059072,-890.704641,-150.502110,-374.691983,-0.632911,1.350211,2.388186,-1.379747,-0.552743,0.616034,-1.468354,-1.405063,1.594937,-1.130802,0.839662,-2.295359,0.759494,-0.219409,-0.113924,-0.341772,-0.194093,-0.210970,-0.261603,0.805907,-0.383966,-2.084388,0.970464,-1.029536,-0.122363,1.856540,0.932489,-1.299578,-3.510549,0.556962,-0.299578,-0.438819,-0.379747,-1.084388,-1.126582,-3.139241,0.751055,3.721519,0.810127,-406.565401,-684.628692,-1599.590717,-1294.506329,-1797.628692,-530.531646,-9.109705,-16.223629,-52.236287,-47.257384,-60.156118,-18.244726,1.143460,2.016878,-0.898734,0.135021,0.063291,0.270042,0.248945,-3.628692,-0.624473,-1.810127,0.388186,-0.704641,0.970464,1.080169,0.059072,-1.848101,-1.860759,0.021097,0.029536,-0.995781,2.084388,0.050633,-0.966245,-0.008439,6.016695,3.993853,-5.151091,-6.158124,-6.287024,-1.940928,-380.264518,-1397.670011,-836.044928,-677.873088,-1536.981775,-722.378979,-1554.017814,0.156821,1.087904,0.043601,0.012658,-0.305907,0.814346,0.253112,-0.457754,0.044043,-0.492108,-0.151352,-0.077330,-367.421643,-193.914019,-161.188609,-309.369679,-166.169511,-715.826978,-193.709287,-136.527426,-70.569620,0.389592,0.492264,0.393812,0.378340,29.585215,34.116127,30.921089,32.571485,24.781907,31.150700,22.857578,24.727219
100ml,24.6,64.6,LOW,100ml,ContainerModel100ml_Tamb24p6C_Tliquid64p6C_LevelclassLOW_VET6_8chips_raw_stream_20260528_221123.bin,6,-1.350211,-0.341772,-1.493671,-0.544304,-0.392405,-1.341772,-1.303797,-1.392405,0.793249,0.607595,-0.341772,1.696203,5.016878,7.848101,0.915612,0.502110,0.864979,-0.236287,6.345992,13.822785,2.118143,1.333333,2.578059,-0.810127,-0.611814,-0.835443,1.506329,-0.645570,-0.679325,-0.594937,11.881857,9.367089,-9.181435,-6.481013,-9.012658,-0.118143,0.472574,-1.700422,-3.367089,-7.751055,-0.645570,0.396624,1.042194,1.202532,0.185654,1.160338,1.223629,1.063291,-0.312236,-10.443038,1.189873,-12.329114,-4.535865,-3.316456,-11.084388,-26.936709,-39.843882,-35.021097,-14.974684,-10.995781,-17.932489,-148.856540,-266.037975,-216.898734,-36.755274,-14.911392,-529.270042,-2018.164557,-2706.286920,-2529.194093,-1299.274262,-1539.172996,2.092827,0.198312,0.240506,0.147679,0.265823,0.156118,1.122363,-0.907173,23.434599,9.924051,-1.021097,0.037975,2.164557,-0.924051,10.156118,-0.059072,0.029536,1.189873,0.434599,1.489451,28.451477,12.991561,1.582278,1.354430,0.126582,1.033755,3.202532,9.666667,-0.983122,0.974684,-0.734177,0.312236,1.890295,-3.037975,0.151899,-0.936709,0.295359,-1.687764,0.253165,0.164557,-0.907173,0.274262,-1.000000,-0.008439,1.033755,121.864979,15.717300,1.080169,-0.755274,0.181435,0.168776,3.383966,-0.797468,-0.784810,-0.691983,0.337553,-0.691983,0.299578,1.265823,0.282700,0.776371,-2.223629,-1.101266,-1.101266,0.704641,0.886076,-0.995781,-0.004219,-0.033755,61.881857,36.046414,3.016878,1.130802,-0.860759,-1.877637,1.168776,-1.789030,-1.911392,-1.113924,-1.227848,-0.168776,0.797468,-1.286920,1.746835,1.928270,6.375527,-0.953586,4.780591,3.835443,-0.759494,-3.540084,-1.270042,0.396624,-0.367089,0.717300,1.565401,2.084388,0.067511,-0.025316,-0.945148,0.130802,0.046414,-1.185654,-0.253165,1.932489,1.784810,-1.227848,1.734177,0.156118,-0.126582,1.046414,-1.991561,1.147679,0.092827,0.957806,0.886076,1.063291,0.995781,-0.995781,0.983122,0.379747,0.527426,5.852321,5.924051,0.443038,0.455696,1.312236,1.451477,0.240506,0.354430,-0.776371,0.362869,1.957806,0.021097,1.004219,2.037975,-0.016878,0.940928,-885.704641,-150.502110,-361.691983,0.367089,0.350211,0.388186,0.620253,-1.552743,-1.383966,-3.468354,0.594937,1.594937,-0.130802,0.839662,0.704641,-0.240506,-2.219409,0.886076,-0.341772,2.805907,1.789030,1.738397,-0.194093,0.616034,2.915612,-0.029536,-0.029536,-2.122363,-2.143460,-2.067511,0.700422,2.489451,0.556962,-0.299578,-2.438819,-0.379747,-0.084388,-0.126582,-1.139241,-0.248945,-0.278481,-0.189873,-407.565401,-691.628692,-1601.590717,-1289.506329,-1797.628692,-527.531646,-9.109705,-14.223629,-51.236287,-44.257384,-61.156118,-17.244726,-1.856540,-0.983122,0.101266,0.135021,0.063291,0.270042,-0.751055,-0.628692,1.375527,0.189873,-0.611814,1.295359,-0.029536,0.080169,-0.940928,-1.848101,0.139241,-0.978903,1.029536,-0.995781,1.084388,1.050633,0.033755,1.991561,5.714226,4.296322,-4.749857,-6.664297,-5.280851,-0.842163,-384.545664,-1393.267171,-836.816743,-677.988708,-1534.185403,-723.570144,-1549.761497,-0.009845,-0.245429,0.376934,0.512658,0.694093,-0.352321,-0.450591,-0.254050,1.346512,-0.090874,-0.052586,0.725139,-365.991614,-192.909495,-159.841750,-312.791581,-160.921338,-718.337680,-189.768854,-136.694093,-70.402954,-0.610408,-1.007736,-0.606188,0.211674,29.520215,34.129127,30.973089,32.506485,24.768907,30.968700,22.857578,24.753219
100ml,24.6,64.6,LOW,100ml,ContainerModel100ml_Tamb24p6C_Tliquid64p6C_LevelclassLOW_VET6_8chips_raw_stream_20260528_221123.bin,7,-0.350211,-0.341772,0.506329,-1.544304,-2.392405,0.658228,0.696203,-0.392405,1.793249,0.607595,-1.341772,0.696203,2.016878,6.848101,-0.084388,1.502110,1.864979,-3.236287,6.345992,12.822785,-0.881857,3.333333,2.578059,-0.810127,0.388186,-0.835443,0.506329,2.354430,0.320675,0.405063,9.881857,6.367089,-6.181435,-4.481013,-10.012658,-0.118143,-0.527426,0.299578,-1.367089,-4.751055,-1.645570,1.396624,0.042194,0.202532,-0.814346,1.160338,1.223629,-0.936709,-0.312236,-10.443038,-1.810127,-12.329114,-3.535865,-2.316456,-12.084388,-26.936709,-40.843882,-33.021097,-17.974684,-9.995781,-16.932489,-149.856540,-264.037975,-219.898734,-38.755274,-15.911392,-522.270042,-2019.164557,-2697.286920,-2532.194093,-1303.274262,-1526.172996,0.092827,-2.801688,2.240506,0.147679,1.265823,-0.843882,-1.877637,-0.907173,20.434599,10.924051,0.978903,1.037975,2.164557,0.075949,11.156118,2.940928,-0.970464,0.189873,1.434599,1.489451,28.451477,14.991561,-0.417722,-1.645570,-1.873418,-1.966245,2.202532,8.666667,-1.983122,0.974684,-1.734177,-0.687764,0.890295,-3.037975,-0.848101,0.063291,-0.704641,0.312236,1.253165,2.164557,0.092827,0.274262,1.000000,0.991561,0.033755,123.864979,14.717300,0.080169,1.244726,-0.818565,-0.831224,5.383966,-1.797468,-1.784810,0.308017,0.337553,0.308017,0.299578,0.265823,0.282700,-0.223629,-0.223629,1.898734,-1.101266,-0.295359,-0.113924,0.004219,-0.004219,-0.033755,60.881857,35.046414,-1.983122,-0.869198,-1.860759,0.122363,1.168776,-0.789030,1.088608,0.886076,1.772152,-1.168776,1.797468,1.713080,-0.253165,-0.071730,9.375527,2.046414,3.780591,3.835443,1.240506,-0.540084,-2.270042,0.396624,-0.367089,0.717300,0.565401,0.084388,-0.932489,-0.025316,0.054852,2.130802,0.046414,0.814346,-0.253165,-2.067511,-2.215190,-1.227848,-0.265823,-1.843882,-2.126582,0.046414,0.008439,-0.852321,-0.907173,-1.042194,0.886076,-0.936709,-1.004219,-0.995781,3.983122,-1.620253,0.527426,6.852321,4.924051,0.443038,0.455696,1.312236,-2.548523,1.240506,1.354430,0.223629,-0.637131,-0.042194,0.021097,1.004219,-0.962025,-0.016878,0.940928,-880.704641,-152.502110,-365.691983,2.367089,0.350211,1.388186,-1.379747,-0.552743,-1.383966,0.531646,-1.405063,-0.405063,0.869198,-0.160338,-0.295359,-1.240506,-0.219409,-0.113924,-0.341772,0.805907,1.789030,-0.261603,0.805907,0.616034,0.915612,-2.029536,-2.029536,-1.122363,-1.143460,0.932489,-2.299578,-0.510549,0.556962,-0.299578,2.561181,-0.379747,-1.084388,-1.126582,0.860759,-1.248945,1.721519,1.810127,-407.565401,-691.628692,-1600.590717,-1294.506329,-1794.628692,-532.531646,-10.109705,-15.223629,-54.236287,-47.257384,-60.156118,-14.244726,0.143460,-1.983122,2.101266,2.135021,0.063291,-2.729958,-0.751055,-2.628692,-0.624473,-0.810127,1.388186,1.295359,0.970464,-0.919831,-1.940928,1.151899,1.139241,0.021097,-0.970464,2.004219,0.084388,0.050633,0.033755,0.991561,4.411757,3.598791,-2.842449,-4.855655,-5.589493,-0.638459,-381.733306,-1394.554995,-836.123026,-677.370034,-1531.387770,-718.118343,-1548.393266,-0.176512,0.421238,0.376934,-0.320675,0.027426,0.147679,-0.648122,-1.056519,-1.054722,-1.090874,-1.052586,-0.676095,-362.829900,-192.461218,-161.032413,-312.675962,-163.369615,-717.543570,-190.768854,-137.694093,-71.402954,0.389592,0.158931,0.227145,0.378340,29.559215,34.090127,30.843089,32.675485,24.794907,31.007700,22.883578,24.766219
100ml,24.6,64.6,LOW,100ml,ContainerModel100ml_Tamb24p6C_Tliquid64p6C_LevelclassLOW_VET6_8chips_raw_stream_20260528_221123.bin,8,0.649789,-1.341772,-0.493671,-0.544304,-0.392405,1.658228,0.696203,-0.392405,-1.206751,-0.392405,-1.341772,0.696203,2.016878,7.848101,0.915612,-1.497890,0.864979,-1.236287,6.345992,13.822785,1.118143,2.333333,2.578059,1.189873,-0.611814,0.164557,1.506329,-0.645570,2.320675,-0.594937,10.881857,8.367089,-8.181435,-4.481013,-10.012658,-0.118143,0.472574,-1.700422,-1.367089,-4.751055,-3.645570,-1.603376,-1.957806,-1.797468,-1.814346,-1.839662,-1.776371,1.063291,-3.312236,-11.443038,-2.810127,-14.329114,-3.535865,-2.316456,-11.084388,-28.936709,-40.843882,-33.021097,-13.974684,-10.995781,-17.932489,-149.856540,-264.037975,-216.898734,-35.755274,-15.911392,-530.270042,-2014.164557,-2703.286920,-2533.194093,-1297.274262,-1527.172996,-1.907173,0.198312,-0.759494,2.147679,0.265823,0.156118,-1.877637,0.092827,22.434599,7.924051,1.978903,0.037975,1.164557,0.075949,10.156118,-0.059072,-1.970464,-0.810127,-1.565401,-0.510549,28.451477,12.991561,1.582278,1.354430,3.126582,-0.966245,7.202532,11.666667,0.016878,-0.025316,2.265823,1.312236,-1.109705,-1.037975,-0.848101,-2.936709,0.295359,1.312236,0.253165,0.164557,0.092827,0.274262,-1.000000,-2.008439,-0.966245,122.864979,15.717300,1.080169,-0.755274,1.181435,1.168776,3.383966,-0.797468,-0.784810,-0.691983,0.337553,-1.691983,-0.700422,1.265823,0.282700,-1.223629,-2.223629,-0.101266,-0.101266,-1.295359,-0.113924,1.004219,-0.004219,-1.033755,60.881857,34.046414,1.016878,-0.869198,1.139241,0.122363,0.168776,-0.789030,0.088608,0.886076,-0.227848,-1.168776,0.797468,0.713080,0.746835,0.928270,8.375527,2.046414,4.780591,3.835443,-0.759494,0.459916,0.729958,0.396624,-2.367089,-2.282700,-1.434599,0.084388,1.067511,-0.025316,0.054852,-0.869198,0.046414,-1.185654,2.746835,1.932489,-0.215190,-0.227848,-1.265823,0.156118,1.873418,-0.953586,0.008439,0.147679,-0.907173,0.957806,1.886076,2.063291,-1.004219,0.004219,-1.016878,2.379747,0.527426,6.852321,5.924051,2.443038,0.455696,2.312236,-0.548523,0.240506,-0.645570,0.223629,-0.637131,1.957806,1.021097,0.004219,1.037975,0.983122,0.940928,-885.704641,-152.502110,-367.691983,-1.632911,1.350211,-0.611814,-0.379747,1.447257,-0.383966,-0.468354,0.594937,-1.405063,0.869198,-0.160338,0.704641,0.759494,-0.219409,1.886076,0.658228,-0.194093,0.789030,1.738397,0.805907,1.616034,-0.084388,-0.029536,0.970464,-0.122363,-1.143460,-2.067511,1.700422,-0.510549,0.556962,0.700422,-0.438819,0.620253,1.915612,0.873418,0.860759,1.751055,-0.278481,-1.189873,-405.565401,-694.628692,-1598.590717,-1288.506329,-1786.628692,-529.531646,-8.109705,-14.223629,-54.236287,-47.257384,-61.156118,-14.244726,-0.856540,0.016878,0.101266,0.135021,0.063291,1.270042,0.248945,-0.628692,1.375527,0.189873,-3.611814,1.295359,0.970464,1.080169,1.059072,-1.848101,-1.860759,-1.978903,1.029536,-0.995781,0.084388,0.050633,1.033755,-0.008439,5.214226,3.796322,-3.447388,-5.053185,-6.391962,-2.039694,-383.802777,-1394.357152,-835.394841,-674.679371,-1532.862343,-718.274272,-1550.057526,-0.009845,-0.245429,-0.289733,0.012658,-0.305907,-0.852321,0.043236,1.752123,0.642809,-0.090874,-0.052586,-0.879799,-364.973366,-193.308812,-160.957370,-313.444722,-164.906613,-717.815407,-192.341056,-136.694093,-69.902954,0.222925,-0.341069,0.227145,0.211674,29.598215,34.116127,30.947089,32.649485,24.755907,30.955700,22.818578,24.753219
100ml,24.6,64.6,LOW,100ml,ContainerModel100ml_Tamb24p6C_Tliquid64p6C_LevelclassLOW_VET6_8chips_raw_stream_20260528_221123.bin,9,-1.350211,2.658228,0.506329,-1.544304,0.607595,0.658228,0.696203,0.607595,0.793249,0.607595,0.658228,0.696203,3.016878,5.848101,0.915612,0.502110,0.864979,-0.236287,5.345992,13.822785,0.118143,2.333333,2.578059,1.189873,-0.611814,1.164557,1.506329,2.354430,2.320675,-0.594937,8.881857,7.367089,-9.181435,-4.481013,-13.012658,-0.118143,-0.527426,-1.700422,-4.367089,-4.751055,-1.645570,-1.603376,0.042194,0.202532,-1.814346,-1.839662,1.223629,1.063291,-3.312236,-10.443038,-1.810127,-12.329114,-3.535865,-2.316456,-11.084388,-27.936709,-41.843882,-34.021097,-14.974684,-12.995781,-17.932489,-147.856540,-261.037975,-216.898734,-37.755274,-15.911392,-521.270042,-2022.164557,-2708.286920,-2530.194093,-1296.274262,-1529.172996,1.092827,0.198312,0.240506,0.147679,0.265823,-1.843882,0.122363,0.092827,23.434599,8.924051,0.978903,1.037975,0.164557,0.075949,9.156118,1.940928,-1.970464,2.189873,-1.565401,-0.510549,28.451477,14.991561,0.582278,0.354430,1.126582,2.033755,1.202532,8.666667,-0.983122,-1.025316,1.265823,0.312236,0.890295,-0.037975,-0.848101,-0.936709,-1.704641,0.312236,0.253165,0.164557,0.092827,3.274262,-1.000000,1.991561,1.033755,123.864979,13.717300,1.080169,-0.755274,-0.818565,-0.831224,3.383966,0.202532,-0.784810,-1.691983,-0.662447,1.308017,-0.700422,1.265823,1.282700,-1.223629,-1.223629,-0.101266,-0.101266,-1.295359,-1.113924,-0.995781,-0.004219,-0.033755,62.881857,35.046414,0.016878,0.130802,0.139241,1.122363,1.168776,-1.789030,0.088608,-0.113924,1.772152,-0.168776,-1.202532,0.713080,-1.253165,0.928270,6.375527,0.046414,2.780591,4.835443,-0.759494,1.459916,0.729958,2.396624,0.632911,-2.282700,0.565401,1.084388,1.067511,-0.025316,2.054852,-1.869198,0.046414,-0.185654,-1.253165,1.932489,-0.215190,1.772152,0.734177,-0.843882,-1.126582,0.046414,0.008439,0.147679,0.092827,1.957806,1.886076,-0.936709,0.995781,2.004219,-1.016878,0.379747,0.527426,6.852321,4.924051,1.443038,0.455696,0.312236,2.451477,0.240506,-0.645570,1.223629,0.362869,0.957806,1.021097,0.004219,-0.962025,1.983122,-1.059072,-885.704641,-156.502110,-361.691983,-0.632911,0.350211,0.388186,-0.379747,-0.552743,-0.383966,-0.468354,-1.405063,-0.405063,-1.130802,-0.160338,-0.295359,-0.240506,0.780591,-0.113924,1.658228,-0.194093,-0.210970,-0.261603,1.805907,-1.383966,-1.084388,0.970464,0.970464,-0.122363,1.856540,-0.067511,-0.299578,0.489451,0.556962,0.700422,-0.438819,1.620253,-1.084388,-0.126582,-0.139241,0.751055,0.721519,-1.189873,-411.565401,-696.628692,-1590.590717,-1293.506329,-1791.628692,-535.531646,-11.109705,-16.223629,-52.236287,-45.257384,-61.156118,-16.244726,0.143460,1.016878,0.101266,0.135021,1.063291,-0.729958,0.248945,-0.628692,2.375527,0.189873,-0.611814,-0.704641,0.970464,0.080169,-0.940928,-0.848101,1.139241,-0.978903,-0.970464,0.004219,1.084388,-0.949367,1.033755,-0.008439,3.911757,3.098791,-5.151091,-5.151951,-6.793197,-2.138459,-381.715057,-1394.272956,-837.660547,-675.141849,-1536.337809,-719.101356,-1551.465468,-1.176512,-0.578762,0.710267,-0.820675,-0.972574,-1.018987,-0.648122,-1.056519,0.648982,0.106657,0.749883,0.521436,-365.558062,-194.894770,-163.148033,-315.175962,-162.518498,-714.567235,-191.288710,-139.194093,-72.402954,-0.443741,0.492264,0.893812,-0.288326,29.598215,34.077127,30.908089,32.558485,24.755907,31.007700,22.857578,24.714219
100ml,24.6,64.6,LOW,100ml,ContainerModel100ml_Tamb24p6C_Tliquid64p6C_LevelclassLOW_VET6_8chips_raw_stream_20260528_221123.bin,10,-0.350211,1.658228,-0.493671,2.455696,-0.392405,0.658228,0.696203,-1.392405,-0.206751,-0.392405,0.658228,-0.303797,3.016878,7.848101,-0.084388,-1.497890,2.864979,-1.236287,7.345992,15.822785,1.118143,1.333333,1.578059,-0.810127,-0.611814,0.164557,-0.493671,0.354430,0.320675,-0.594937,9.881857,7.367089,-8.181435,-5.481013,-11.012658,-2.118143,-0.527426,-1.700422,-1.367089,-3.751055,-1.645570,-1.603376,0.042194,0.202532,-0.814346,-1.839662,1.223629,2.063291,-3.312236,-12.443038,-2.810127,-12.329114,-4.535865,-3.316456,-12.084388,-25.936709,-40.843882,-36.021097,-15.974684,-11.995781,-18.932489,-148.856540,-263.037975,-219.898734,-37.755274,-15.911392,-534.270042,-2018.164557,-2703.286920,-2527.194093,-1296.274262,-1536.172996,2.092827,1.198312,0.240506,0.147679,0.265823,-1.843882,0.122363,-0.907173,22.434599,8.924051,-0.021097,-0.962025,1.164557,0.075949,11.156118,-0.059072,0.029536,0.189873,1.434599,-1.510549,29.451477,13.991561,-1.417722,-0.645570,1.126582,0.033755,1.202532,7.666667,-2.983122,1.974684,0.265823,2.312236,1.890295,-0.037975,1.151899,-0.936709,1.295359,0.312236,0.253165,2.164557,-0.907173,0.274262,-1.000000,0.991561,0.033755,122.864979,13.717300,1.080169,-0.755274,-0.818565,-0.831224,3.383966,0.202532,0.215190,-2.691983,-0.662447,0.308017,0.299578,-0.734177,0.282700,0.776371,0.776371,-1.101266,1.898734,0.704641,-1.113924,0.004219,-1.004219,0.966245,63.881857,35.046414,0.016878,0.130802,2.139241,0.122363,1.168776,-0.789030,0.088608,0.886076,-1.227848,-0.168776,-1.202532,0.713080,-1.253165,-1.071730,6.375527,0.046414,1.780591,3.835443,-0.759494,0.459916,0.729958,-2.603376,-2.367089,-1.282700,2.565401,0.084388,0.067511,-0.025316,-0.945148,1.130802,1.046414,1.814346,-0.253165,-0.067511,-1.215190,-1.227848,-1.265823,-0.843882,1.873418,0.046414,0.008439,-1.852321,0.092827,0.957806,-1.113924,2.063291,-1.004219,2.004219,1.983122,0.379747,2.527426,8.852321,5.924051,0.443038,0.455696,1.312236,0.451477,1.240506,2.354430,1.223629,-0.637131,-0.042194,1.021097,1.004219,1.037975,0.983122,-1.059072,-880.704641,-155.502110,-367.691983,-0.632911,0.350211,-0.611814,-0.379747,1.447257,0.616034,0.531646,-0.405063,-0.405063,-1.130802,-1.160338,0.704641,-0.240506,-1.219409,0.886076,1.658228,-0.194093,-1.210970,-0.261603,0.805907,-0.383966,-0.084388,-1.029536,0.970464,-1.122363,0.856540,-2.067511,-0.299578,-0.510549,0.556962,-2.299578,-1.438819,-0.379747,0.915612,0.873418,-0.139241,-0.248945,1.721519,1.810127,-406.565401,-690.628692,-1597.590717,-1292.506329,-1792.628692,-532.531646,-10.109705,-15.223629,-52.236287,-45.257384,-60.156118,-14.244726,0.143460,0.016878,0.101266,1.135021,0.063291,0.270042,0.248945,-0.628692,-0.624473,1.189873,0.388186,-0.704641,-1.029536,1.080169,-0.940928,-1.848101,0.139241,3.021097,0.029536,-0.995781,1.084388,0.050633,1.033755,-1.008439,4.312992,3.197557,-3.644918,-4.954420,-5.990728,-2.743397,-386.530939,-1391.458336,-837.626080,-675.604327,-1533.615432,-721.880741,-1548.485323,-0.509845,-0.745429,-0.456399,-0.654008,0.360759,0.147679,0.549409,0.745950,-0.153488,-0.788404,-1.355055,-0.774861,-362.969843,-193.428244,-161.801174,-312.407201,-164.781396,-717.027083,-192.045027,-137.194093,-70.902954,-0.277075,-0.841069,-0.772855,0.378340,29.559215,34.077127,30.830089,32.662485,24.859907,30.994700,22.935578,24.844219
100ml,24.6,64.6,LOW,100ml,ContainerModel100ml_Tamb24p6C_Tliquid64p6C_LevelclassLOW_VET6_8chips_raw_stream_20260528_221123.bin,11,-0.350211,-0.341772,-0.493671,0.455696,1.607595,0.658228,0.696203,0.607595,-1.206751,0.607595,0.658228,0.696203,2.016878,7.848101,0.915612,-1.497890,1.864979,-0.236287,4.345992,14.822785,-0.881857,0.333333,2.578059,-0.810127,0.388186,0.164557,1.506329,-0.645570,1.320675,-0.594937,10.881857,7.367089,-9.181435,-6.481013,-11.012658,-1.118143,-0.527426,-0.700422,-1.367089,-4.751055,-0.645570,-1.603376,1.042194,-1.797468,-1.814346,-0.839662,0.223629,-0.936709,-3.312236,-8.443038,-1.810127,-13.329114,-5.535865,-0.316456,-12.084388,-28.936709,-43.843882,-34.021097,-15.974684,-11.995781,-16.932489,-148.856540,-259.037975,-217.898734,-35.755274,-13.911392,-521.270042,-2019.164557,-2708.286920,-2526.194093,-1291.274262,-1530.172996,0.092827,0.198312,0.240506,-1.852321,-0.734177,-0.843882,-0.877637,2.092827,23.434599,7.924051,0.978903,-1.962025,0.164557,-0.924051,8.156118,1.940928,0.029536,-0.810127,-1.565401,0.489451,28.451477,12.991561,1.582278,-1.645570,1.126582,0.033755,2.202532,10.666667,-1.983122,-2.025316,0.265823,0.312236,-1.109705,-1.037975,0.151899,-0.936709,0.295359,0.312236,1.253165,0.164557,0.092827,0.274262,0.000000,1.991561,0.033755,124.864979,13.717300,-0.919831,-0.755274,0.181435,0.168776,3.383966,-2.797468,-0.784810,-0.691983,0.337553,-1.691983,-1.700422,0.265823,-1.717300,-0.223629,1.776371,-0.101266,-1.101266,1.704641,-3.113924,-0.995781,-0.004219,-0.033755,59.881857,36.046414,-0.983122,0.130802,1.139241,1.122363,1.168776,1.210970,-1.911392,2.886076,-0.227848,-1.168776,-1.202532,1.713080,0.746835,0.928270,6.375527,1.046414,-0.219409,4.835443,1.240506,-0.540084,0.729958,-0.603376,-1.367089,-2.282700,1.565401,0.084388,0.067511,-0.025316,0.054852,0.130802,0.046414,0.814346,-0.253165,0.932489,-0.215190,2.772152,-0.265823,0.156118,-0.126582,2.046414,0.008439,-1.852321,-0.907173,-1.042194,-1.113924,2.063291,0.995781,2.004219,0.983122,-0.620253,-1.472574,6.852321,5.924051,0.443038,1.455696,1.312236,1.451477,-0.759494,-0.645570,-1.776371,1.362869,-0.042194,1.021097,0.004219,1.037975,0.983122,-0.059072,-876.704641,-153.502110,-361.691983,0.367089,0.350211,-1.611814,-1.379747,0.447257,0.616034,0.531646,-1.405063,-1.405063,-0.130802,0.839662,-1.295359,-2.240506,1.780591,0.886076,-0.341772,-3.194093,-0.210970,0.738397,0.805907,-0.383966,-0.084388,3.970464,-1.029536,-0.122363,0.856540,-0.067511,-0.299578,0.489451,-0.443038,0.700422,1.561181,-0.379747,-1.084388,-1.126582,0.860759,0.751055,2.721519,-1.189873,-411.565401,-701.628692,-1599.590717,-1288.506329,-1792.628692,-537.531646,-11.109705,-14.223629,-53.236287,-45.257384,-58.156118,-15.244726,-1.856540,2.016878,0.101266,-0.864979,0.063291,0.270042,0.248945,0.371308,2.375527,-0.810127,2.388186,-1.704641,-2.029536,1.080169,1.059072,1.151899,-0.860759,-0.978903,1.029536,1.004219,1.084388,-0.949367,0.033755,-3.008439,4.812992,3.697557,-4.144918,-5.658124,-5.787024,-2.243397,-382.369225,-1391.293466,-836.776167,-673.104327,-1535.236625,-718.669065,-1549.669439,-0.509845,-0.745429,-1.123066,-1.154008,-1.139241,-1.018987,0.351878,-0.056519,1.148982,0.007892,0.348648,-0.379799,-361.328138,-194.497715,-161.069935,-317.329103,-162.470799,-719.531999,-191.196652,-139.360759,-72.236287,-0.610408,-0.341069,-0.772855,-0.454993,29.572215,34.038127,30.869089,32.545485,24.742907,31.020700,22.818578,24.727219
100ml,24.6,64.6,LOW,100ml,ContainerModel100ml_Tamb24p6C_Tliquid64p6C_LevelclassLOW_VET6_8chips_raw_stream_20260528_221123.bin,12,0.649789,1.658228,-1.493671,2.455696,-0.392405,-1.341772,0.696203,-2.392405,1.793249,0.607595,-1.341772,0.696203,0.016878,3.848101,0.915612,0.502110,0.864979,-0.236287,6.345992,12.822785,2.118143,3.333333,3.578059,0.189873,2.388186,0.164557,-0.493671,0.354430,1.320675,1.405063,9.881857,8.367089,-8.181435,-5.481013,-12.012658,-0.118143,-0.527426,-1.700422,-3.367089,-2.751055,-1.645570,2.396624,-1.957806,-2.797468,1.185654,-2.839662,1.223629,-0.936709,-4.312236,-10.443038,-1.810127,-13.329114,-4.535865,-4.316456,-10.084388,-27.936709,-41.843882,-34.021097,-16.974684,-12.995781,-17.932489,-146.856540,-262.037975,-216.898734,-35.755274,-17.911392,-519.270042,-2019.164557,-2713.286920,-2536.194093,-1294.274262,-1524.172996,1.092827,-1.801688,2.240506,0.147679,0.265823,1.156118,0.122363,1.092827,23.434599,9.924051,-1.021097,-2.962025,0.164557,-0.924051,10.156118,1.940928,0.029536,0.189873,1.434599,-1.510549,28.451477,12.991561,-1.417722,-1.645570,0.126582,-0.966245,1.202532,12.666667,-3.983122,-2.025316,-0.734177,0.312236,-2.109705,-0.037975,-2.848101,1.063291,-2.704641,0.312236,3.253165,0.164557,0.092827,0.274262,1.000000,0.991561,-0.966245,124.864979,15.717300,1.080169,0.244726,0.181435,-0.831224,4.383966,0.202532,-0.784810,0.308017,0.337553,0.308017,0.299578,1.265823,0.282700,-1.223629,0.776371,-1.101266,1.898734,-0.295359,-1.113924,0.004219,0.995781,-1.033755,62.881857,35.046414,2.016878,-1.869198,0.139241,-0.877637,0.168776,0.210970,0.088608,0.886076,1.772152,1.831224,0.797468,1.713080,1.746835,1.928270,6.375527,1.046414,4.780591,3.835443,0.240506,0.459916,-1.270042,0.396624,-0.367089,0.717300,0.565401,3.084388,0.067511,1.974684,-1.945148,0.130802,0.046414,1.814346,-1.253165,-1.067511,-0.215190,-0.227848,1.734177,0.156118,-0.126582,0.046414,0.008439,-0.852321,0.092827,-0.042194,0.886076,-0.936709,-1.004219,1.004219,1.983122,0.379747,-1.472574,6.852321,4.924051,0.443038,-1.544304,-0.687764,-0.548523,-2.759494,0.354430,0.223629,-0.637131,-0.042194,-0.978903,1.004219,-0.962025,0.983122,-0.059072,-876.704641,-154.502110,-364.691983,1.367089,-0.649789,0.388186,0.620253,-2.552743,0.616034,0.531646,-1.405063,1.594937,-1.130802,0.839662,-2.295359,-1.240506,0.780591,1.886076,-0.341772,-0.194093,-0.210970,-1.261603,-0.194093,-0.383966,1.915612,-0.029536,-0.029536,-2.122363,0.856540,-0.067511,-0.299578,-2.510549,1.556962,1.700422,-3.438819,1.620253,0.915612,-1.126582,0.860759,0.751055,-1.278481,-2.189873,-406.565401,-702.628692,-1601.590717,-1288.506329,-1798.628692,-535.531646,-11.109705,-15.223629,-53.236287,-45.257384,-61.156118,-17.244726,0.143460,0.016878,2.101266,1.135021,0.063291,1.270042,-0.751055,-0.628692,-0.624473,-0.810127,-0.611814,-0.704641,-2.029536,-1.919831,0.059072,2.151899,1.139241,1.021097,0.029536,0.004219,1.084388,1.050633,-0.966245,0.991561,4.411757,3.598791,-4.348622,-4.651951,-6.293197,-0.434755,-380.661573,-1397.245767,-835.929308,-673.910610,-1537.292372,-715.752000,-1554.313843,-0.843179,-0.912096,-0.623066,-0.987342,-1.305907,-0.185654,0.654347,-0.358988,-0.554722,-0.189639,-0.453821,0.626374,-361.414597,-192.494191,-161.107457,-317.288527,-162.503773,-719.737889,-190.156941,-136.527426,-70.569620,0.222925,-0.341069,-0.272855,-0.788326,29.546215,33.986127,30.934089,32.571485,24.742907,30.955700,22.805578,24.688219
100ml,24.6,64.6,LOW,100ml,ContainerModel100ml_Tamb24p6C_Tliquid64p6C_LevelclassLOW_VET6_8chips_raw_stream_20260528_221123.bin,13,1.649789,-0.341772,-0.493671,0.455696,0.607595,0.658228,-1.303797,-0.392405,0.793249,-0.392405,0.658228,-0.303797,3.016878,6.848101,-0.084388,0.502110,2.864979,-1.236287,5.345992,14.822785,0.118143,1.333333,2.578059,1.189873,1.388186,0.164557,1.506329,0.354430,2.320675,1.405063,10.881857,7.367089,-8.181435,-5.481013,-13.012658,-2.118143,1.472574,-1.700422,-2.367089,-5.751055,-2.645570,-1.603376,0.042194,1.202532,-1.814346,0.160338,-0.776371,-0.936709,0.687764,-11.443038,-0.810127,-12.329114,-4.535865,-3.316456,-12.084388,-27.936709,-42.843882,-33.021097,-15.974684,-12.995781,-17.932489,-148.856540,-261.037975,-215.898734,-37.755274,-15.911392,-526.270042,-2022.164557,-2708.286920,-2519.194093,-1299.274262,-1527.172996,0.092827,0.198312,0.240506,0.147679,0.265823,0.156118,1.122363,1.092827,22.434599,9.924051,1.978903,1.037975,0.164557,-2.924051,9.156118,1.940928,1.029536,1.189873,-1.565401,1.489451,28.451477,11.991561,1.582278,-0.645570,-0.873418,-1.966245,3.202532,10.666667,0.016878,-0.025316,-0.734177,-1.687764,-1.109705,-1.037975,0.151899,0.063291,0.295359,0.312236,0.253165,-0.835443,-0.907173,0.274262,4.000000,0.991561,1.033755,124.864979,13.717300,0.080169,0.244726,-0.818565,-1.831224,3.383966,-1.797468,0.215190,0.308017,-1.662447,-1.691983,-0.700422,-0.734177,0.282700,0.776371,-1.223629,-0.101266,-0.101266,-2.295359,-1.113924,-1.995781,1.995781,-1.033755,60.881857,34.046414,-0.983122,0.130802,1.139241,1.122363,1.168776,-0.789030,0.088608,-0.113924,1.772152,-0.168776,0.797468,-1.286920,-2.253165,-1.071730,8.375527,0.046414,1.780591,5.835443,0.240506,-1.540084,1.729958,1.396624,-2.367089,-0.282700,-1.434599,0.084388,1.067511,-0.025316,0.054852,0.130802,0.046414,-0.185654,1.746835,0.932489,0.784810,0.772152,0.734177,-1.843882,-1.126582,0.046414,-0.991561,0.147679,0.092827,-1.042194,-1.113924,1.063291,0.995781,1.004219,-1.016878,1.379747,0.527426,5.852321,5.924051,1.443038,-0.544304,2.312236,0.451477,1.240506,-0.645570,0.223629,2.362869,0.957806,1.021097,1.004219,1.037975,-1.016878,1.940928,-873.704641,-150.502110,-366.691983,-0.632911,0.350211,0.388186,-1.379747,-0.552743,-1.383966,-1.468354,-1.405063,2.594937,0.869198,-1.160338,-1.295359,0.759494,-1.219409,-0.113924,-1.341772,-0.194093,-0.210970,-0.261603,-0.194093,0.616034,0.915612,0.970464,-0.029536,-2.122363,0.856540,0.932489,1.700422,0.489451,0.556962,-2.299578,-0.438819,0.620253,-1.084388,-1.126582,-0.139241,-1.248945,0.721519,-0.189873,-407.565401,-707.628692,-1603.590717,-1290.506329,-1797.628692,-535.531646,-11.109705,-13.223629,-53.236287,-47.257384,-59.156118,-17.244726,2.143460,0.016878,1.101266,-0.864979,3.063291,0.270042,-0.751055,1.371308,-0.624473,0.189873,0.388186,0.295359,-2.029536,0.080169,-0.940928,-0.848101,2.139241,1.021097,2.029536,-0.995781,-0.915612,0.050633,-0.966245,-1.008439,5.516695,3.493853,-4.046153,-6.053185,-7.391962,-3.039694,-383.700332,-1389.469538,-838.007406,-675.832512,-1534.592659,-718.566621,-1547.393266,0.990155,1.754571,0.543601,0.012658,0.194093,-0.518987,-0.753060,0.048419,0.642809,0.007892,0.348648,0.422670,-360.671709,-193.738841,-159.107457,-318.941668,-162.596016,-721.042701,-191.341056,-136.860759,-71.236287,1.056259,-0.174402,-0.439522,0.378340,29.637215,34.077127,30.804089,32.753485,24.664907,31.189700,22.753578,24.649219
100ml,24.6,64.6,LOW,100ml,ContainerModel100ml_Tamb24p6C_Tliquid64p6C_LevelclassLOW_VET6_8chips_raw_stream_20260528_221123.bin,14,1.649789,1.658228,0.506329,2.455696,1.607595,-0.341772,0.696203,-0.392405,0.793249,-1.392405,-2.341772,2.696203,2.016878,7.848101,2.915612,0.502110,1.864979,-1.236287,5.345992,13.822785,1.118143,1.333333,3.578059,2.189873,2.388186,2.164557,0.506329,1.354430,-0.679325,0.405063,10.881857,7.367089,-7.181435,-7.481013,-10.012658,-0.118143,-1.527426,-0.700422,-1.367089,-4.751055,-1.645570,-1.603376,0.042194,-1.797468,-2.814346,-0.839662,1.223629,1.063291,-3.312236,-12.443038,1.189873,-13.329114,-3.535865,-3.316456,-10.084388,-26.936709,-41.843882,-35.021097,-17.974684,-10.995781,-16.932489,-147.856540,-259.037975,-216.898734,-37.755274,-15.911392,-531.270042,-2014.164557,-2703.286920,-2533.194093,-1292.274262,-1526.172996,0.092827,1.198312,0.240506,0.147679,0.265823,1.156118,-0.877637,1.092827,19.434599,9.924051,0.978903,0.037975,0.164557,2.075949,11.156118,4.940928,0.029536,-0.810127,-0.565401,0.489451,30.451477,11.991561,-1.417722,-1.645570,-1.873418,-1.966245,3.202532,11.666667,1.016878,0.974684,-0.734177,0.312236,1.890295,1.962025,1.151899,-0.936709,1.295359,-1.687764,1.253165,-0.835443,0.092827,-0.725738,1.000000,-1.008439,1.033755,124.864979,14.717300,-0.919831,-0.755274,0.181435,0.168776,2.383966,2.202532,0.215190,-0.691983,-0.662447,0.308017,1.299578,0.265823,0.282700,-0.223629,-1.223629,-1.101266,-0.101266,1.704641,-0.113924,1.004219,-0.004219,-3.033755,60.881857,36.046414,-0.983122,-1.869198,-0.860759,0.122363,1.168776,-1.789030,-0.911392,-1.113924,0.772152,1.831224,-1.202532,1.713080,-0.253165,-1.071730,8.375527,0.046414,1.780591,4.835443,0.240506,-1.540084,-2.270042,-1.603376,-0.367089,0.717300,0.565401,-0.915612,0.067511,1.974684,-2.945148,1.130802,0.046414,0.814346,-1.253165,2.932489,-0.215190,1.772152,-1.265823,0.156118,0.873418,0.046414,0.008439,0.147679,0.092827,0.957806,-0.113924,0.063291,-0.004219,-0.995781,-1.016878,3.379747,0.527426,6.852321,5.924051,0.443038,-0.544304,-0.687764,1.451477,1.240506,-0.645570,-0.776371,-2.637131,-1.042194,2.021097,1.004219,1.037975,-0.016878,0.940928,-872.704641,-155.502110,-361.691983,0.367089,0.350211,2.388186,-0.379747,-0.552743,1.616034,-0.468354,-1.405063,-0.405063,-0.130802,1.839662,0.704641,-0.240506,-2.219409,0.886076,-0.341772,-0.194093,-0.210970,-2.261603,-0.194093,-0.383966,-0.084388,-0.029536,0.970464,1.877637,-2.143460,-0.067511,0.700422,1.489451,-0.443038,1.700422,-0.438819,-1.379747,0.915612,0.873418,-1.139241,-0.248945,0.721519,-1.189873,-405.565401,-710.628692,-1598.590717,-1298.506329,-1794.628692,-529.531646,-11.109705,-15.223629,-51.236287,-44.257384,-58.156118,-16.244726,-0.856540,0.016878,2.101266,1.135021,2.063291,0.270042,-0.751055,-1.628692,0.375527,0.189873,0.388186,-0.704641,0.970464,0.080169,0.059072,0.151899,0.139241,0.021097,0.029536,1.004219,-0.915612,0.050633,0.033755,3.991561,4.411757,3.598791,-3.441215,-6.059358,-5.885789,-1.842163,-384.993942,-1393.362937,-835.394841,-673.679371,-1532.465288,-717.406168,-1549.649583,0.990155,0.754571,-0.789733,-0.654008,-0.139241,0.147679,0.351878,-0.056519,1.050216,0.106657,0.749883,-0.281033,-360.309890,-192.115385,-161.260598,-319.632331,-162.312608,-718.621612,-189.768854,-137.027426,-71.069620,-0.277075,-0.341069,-0.272855,-0.454993,29.637215,34.077127,30.895089,32.454485,24.742907,30.968700,22.818578,24.688219
100ml,24.6,64.6,LOW,100ml,ContainerModel100ml_Tamb24p6C_Tliquid64p6C_LevelclassLOW_VET6_8chips_raw_stream_20260528_221123.bin,15,-2.350211,-2.341772,0.506329,0.455696,-0.392405,1.658228,0.696203,-2.392405,0.793249,-0.392405,1.658228,0.696203,1.016878,7.848101,-0.084388,1.502110,-0.135021,0.763713,5.345992,15.822785,-0.881857,2.333333,2.578059,-0.810127,-0.611814,0.164557,0.506329,-0.645570,-0.679325,1.405063,10.881857,9.367089,-6.181435,-3.481013,-12.012658,1.881857,-1.527426,0.299578,-2.367089,-3.751055,0.354430,-1.603376,0.042194,1.202532,-1.814346,2.160338,0.223629,-0.936709,-3.312236,-11.443038,-2.810127,-12.329114,-5.535865,-3.316456,-13.084388,-28.936709,-41.843882,-34.021097,-16.974684,-11.995781,-17.932489,-151.856540,-265.037975,-220.898734,-36.755274,-16.911392,-527.270042,-2013.164557,-2709.286920,-2530.194093,-1293.274262,-1534.172996,1.092827,0.198312,0.240506,0.147679,-0.734177,1.156118,0.122363,1.092827,22.434599,7.924051,0.978903,0.037975,-0.835443,-0.924051,9.156118,-0.059072,-1.970464,-0.810127,-0.565401,0.489451,28.451477,12.991561,0.582278,-0.645570,-0.873418,-1.966245,4.202532,10.666667,1.016878,1.974684,-0.734177,-1.687764,-0.109705,-2.037975,-2.848101,1.063291,0.295359,1.312236,-1.746835,0.164557,0.092827,1.274262,1.000000,-0.008439,0.033755,124.864979,14.717300,1.080169,-0.755274,-0.818565,-0.831224,4.383966,0.202532,-0.784810,1.308017,0.337553,0.308017,-2.700422,-1.734177,-0.717300,-0.223629,1.776371,-0.101266,1.898734,-1.295359,-0.113924,0.004219,0.995781,-0.033755,60.881857,35.046414,-1.983122,-0.869198,-0.860759,1.122363,1.168776,1.210970,0.088608,-0.113924,1.772152,1.831224,0.797468,1.713080,0.746835,-0.071730,6.375527,0.046414,1.780591,6.835443,1.240506,1.459916,0.729958,-1.603376,0.632911,-0.282700,0.565401,2.084388,0.067511,0.974684,1.054852,1.130802,0.046414,-1.185654,1.746835,-0.067511,0.784810,-0.227848,-2.265823,-0.843882,-1.126582,0.046414,0.008439,-0.852321,0.092827,-1.042194,-3.113924,0.063291,1.995781,2.004219,-1.016878,0.379747,0.527426,6.852321,4.924051,0.443038,0.455696,0.312236,-0.548523,1.240506,-0.645570,-0.776371,-0.637131,-0.042194,-0.978903,0.004219,-0.962025,0.983122,-0.059072,-875.704641,-156.502110,-366.691983,-1.632911,0.350211,0.388186,-0.379747,0.447257,-1.383966,-1.468354,-0.405063,-0.405063,0.869198,-1.160338,-0.295359,0.759494,-0.219409,1.886076,-1.341772,-1.194093,-0.210970,-0.261603,-0.194093,-0.383966,-0.084388,-1.029536,-2.029536,-2.122363,0.856540,0.932489,-0.299578,-0.510549,0.556962,-0.299578,-1.438819,2.620253,-0.084388,0.873418,-1.139241,-1.248945,-2.278481,-0.189873,-403.565401,-707.628692,-1608.590717,-1297.506329,-1803.628692,-535.531646,-11.109705,-15.223629,-52.236287,-48.257384,-59.156118,-17.244726,2.143460,1.016878,0.101266,-0.864979,0.063291,0.270042,1.248945,1.371308,-1.624473,1.189873,-0.611814,-2.704641,-1.029536,0.080169,0.059072,1.151899,-1.860759,1.021097,1.029536,1.004219,1.084388,1.050633,-0.966245,-1.008439,4.708053,4.802495,-2.848622,-4.053185,-5.391962,-1.039694,-383.438696,-1393.207008,-834.932362,-673.951186,-1534.468811,-721.501934,-1550.741641,0.656821,0.587904,-0.623066,0.512658,0.694093,0.647679,-0.753060,0.048419,0.241574,0.211596,-0.355055,-0.978564,-361.865136,-192.547676,-161.607457,-318.479190,-164.590231,-723.027976,-191.433114,-136.194093,-70.402954,1.056259,0.992264,0.893812,0.545007,29.546215,34.116127,30.895089,32.597485,24.638907,31.085700,22.740578,24.649219
100ml,24.6,64.6,LOW,100ml,ContainerModel100ml_Tamb24p6C_Tliquid64p6C_LevelclassLOW_VET6_8chips_raw_stream_20260528_221123.bin,16,-1.350211,1.658228,-3.493671,-2.544304,-1.392405,0.658228,-0.303797,-1.392405,0.793249,0.607595,0.658228,-0.303797,4.016878,6.848101,1.915612,0.502110,1.864979,-2.236287,5.345992,14.822785,0.118143,2.333333,4.578059,-2.810127,-0.611814,1.164557,0.506329,1.354430,-0.679325,1.405063,8.881857,6.367089,-6.181435,-7.481013,-10.012658,0.881857,-1.527426,-1.700422,-5.367089,-5.751055,-1.645570,0.396624,-1.957806,-1.797468,1.185654,0.160338,0.223629,-0.936709,-4.312236,-11.443038,-1.810127,-12.329114,-5.535865,-3.316456,-13.084388,-26.936709,-40.843882,-36.021097,-15.974684,-11.995781,-17.932489,-148.856540,-265.037975,-221.898734,-36.755274,-16.911392,-521.270042,-2016.164557,-2712.286920,-2536.194093,-1294.274262,-1536.172996,-0.907173,0.198312,0.240506,0.147679,0.265823,1.156118,1.122363,-0.907173,23.434599,9.924051,-2.021097,0.037975,0.164557,-1.924051,10.156118,1.940928,0.029536,0.189873,-0.565401,1.489451,30.451477,11.991561,-1.417722,-1.645570,0.126582,0.033755,1.202532,11.666667,0.016878,-2.025316,0.265823,-0.687764,1.890295,1.962025,-2.848101,-1.936709,0.295359,1.312236,0.253165,-0.835443,0.092827,0.274262,-1.000000,-1.008439,1.033755,124.864979,14.717300,1.080169,-0.755274,1.181435,1.168776,5.383966,1.202532,0.215190,-2.691983,0.337553,1.308017,0.299578,-1.734177,0.282700,-1.223629,-0.223629,0.898734,-0.101266,0.704641,-1.113924,-0.995781,-0.004219,-0.033755,61.881857,34.046414,1.016878,0.130802,1.139241,1.122363,-1.831224,1.210970,1.088608,-0.113924,1.772152,-0.168776,-0.202532,3.713080,-0.253165,-1.071730,7.375527,1.046414,-0.219409,5.835443,1.240506,0.459916,0.729958,0.396624,1.632911,-0.282700,-1.434599,0.084388,0.067511,0.974684,0.054852,2.130802,0.046414,-0.185654,-0.253165,0.932489,-1.215190,-0.227848,0.734177,-1.843882,-0.126582,-1.953586,0.008439,-1.852321,0.092827,-0.042194,-0.113924,1.063291,0.995781,0.004219,1.983122,2.379747,0.527426,4.852321,5.924051,-1.556962,-0.544304,-0.687764,-1.548523,1.240506,-0.645570,-0.776371,-0.637131,2.957806,1.021097,0.004219,-0.962025,-0.016878,1.940928,-869.704641,-153.502110,-361.691983,0.367089,-0.649789,0.388186,1.620253,-0.552743,1.616034,-1.468354,-1.405063,-0.405063,-0.130802,-2.160338,2.704641,0.759494,-1.219409,0.886076,-0.341772,1.805907,0.789030,-0.261603,0.805907,-0.383966,-2.084388,0.970464,0.970464,-1.122363,1.856540,0.932489,-0.299578,-0.510549,-0.443038,2.700422,-0.438819,-0.379747,1.915612,1.873418,-1.139241,-1.248945,-1.278481,0.810127,-407.565401,-707.628692,-1599.590717,-1293.506329,-1794.628692,-536.531646,-12.109705,-14.223629,-52.236287,-45.257384,-56.156118,-17.244726,1.143460,0.016878,3.101266,2.135021,1.063291,-1.729958,2.248945,1.371308,-1.624473,-0.810127,2.388186,-0.704641,-2.029536,-1.919831,0.059072,0.151899,-1.860759,1.021097,0.029536,1.004219,1.084388,-0.949367,-0.966245,2.991561,3.411757,2.598791,-4.743684,-6.460593,-5.984555,-0.638459,-381.196309,-1395.968144,-835.007406,-674.566805,-1536.537021,-721.588393,-1553.405901,0.323488,-0.078762,-0.456399,-1.987342,-1.805907,-1.518987,-0.851826,-0.352816,-0.554722,-0.689639,-0.953821,0.126374,-359.342864,-193.028927,-160.144979,-319.326049,-162.073744,-719.540939,-190.176796,-137.860759,-71.736287,0.556259,0.658931,-0.272855,-0.121660,29.520215,34.090127,30.843089,32.649485,24.781907,30.890700,22.857578,24.753219
100ml,24.6,64.6,LOW,100ml,ContainerModel100ml_Tamb24p6C_Tliquid64p6C_LevelclassLOW_VET6_8chips_raw_stream_20260528_221123.bin,17,-1.350211,1.658228,1.506329,0.455696,0.607595,0.658228,-1.303797,-0.392405,1.793249,-0.392405,-0.341772,-0.303797,2.016878,6.848101,-0.084388,-1.497890,-1.135021,-0.236287,5.345992,14.822785,-1.881857,3.333333,5.578059,-0.810127,-0.611814,-0.835443,0.506329,0.354430,-2.679325,1.405063,10.881857,10.367089,-8.181435,-4.481013,-11.012658,-0.118143,-1.527426,-1.700422,-2.367089,-5.751055,-1.645570,-1.603376,-1.957806,0.202532,-1.814346,-1.839662,-3.776371,-0.936709,-3.312236,-11.443038,-1.810127,-15.329114,-5.535865,-2.316456,-11.084388,-27.936709,-39.843882,-33.021097,-15.974684,-10.995781,-17.932489,-146.856540,-268.037975,-219.898734,-37.755274,-16.911392,-518.270042,-2017.164557,-2709.286920,-2528.194093,-1290.274262,-1540.172996,1.092827,1.198312,-0.759494,1.147679,-0.734177,0.156118,1.122363,1.092827,22.434599,8.924051,-1.021097,-0.962025,0.164557,0.075949,11.156118,1.940928,-0.970464,-0.810127,1.434599,1.489451,28.451477,13.991561,1.582278,1.354430,0.126582,1.033755,1.202532,9.666667,-0.983122,0.974684,-0.734177,1.312236,0.890295,-0.037975,0.151899,-0.936709,1.295359,0.312236,0.253165,1.164557,1.092827,0.274262,1.000000,-0.008439,-3.966245,123.864979,14.717300,1.080169,-0.755274,-1.818565,-1.831224,3.383966,0.202532,1.215190,0.308017,2.337553,-0.691983,0.299578,1.265823,0.282700,1.776371,-0.223629,-1.101266,-0.101266,-1.295359,-1.113924,0.004219,-0.004219,-3.033755,59.881857,35.046414,0.016878,-0.869198,0.139241,-0.877637,-1.831224,1.210970,1.088608,-0.113924,0.772152,-1.168776,-0.202532,0.713080,-1.253165,-1.071730,7.375527,0.046414,3.780591,4.835443,1.240506,-0.540084,-1.270042,0.396624,-2.367089,-1.282700,-0.434599,0.084388,-0.932489,-0.025316,0.054852,0.130802,-0.953586,-1.185654,1.746835,-0.067511,-0.215190,-1.227848,0.734177,2.156118,-1.126582,0.046414,1.008439,1.147679,0.092827,-1.042194,-1.113924,1.063291,-1.004219,0.004219,-0.016878,0.379747,-0.472574,6.852321,5.924051,0.443038,0.455696,1.312236,1.451477,1.240506,-2.645570,2.223629,-0.637131,-1.042194,2.021097,1.004219,0.037975,0.983122,-1.059072,-875.704641,-154.502110,-361.691983,0.367089,0.350211,0.388186,1.620253,1.447257,0.616034,-0.468354,-0.405063,-2.405063,0.869198,0.839662,0.704641,-1.240506,1.780591,-0.113924,-0.341772,0.805907,0.789030,-0.261603,0.805907,-0.383966,0.915612,0.970464,2.970464,1.877637,-2.143460,0.932489,-0.299578,0.489451,2.556962,-0.299578,-0.438819,0.620253,1.915612,0.873418,0.860759,1.751055,0.721519,-0.189873,-409.565401,-708.628692,-1601.590717,-1289.506329,-1794.628692,-534.531646,-11.109705,-15.223629,-53.236287,-46.257384,-59.156118,-16.244726,0.143460,-1.983122,1.101266,0.135021,1.063291,2.270042,-0.751055,0.371308,-0.624473,-0.810127,0.388186,-0.704641,-1.029536,0.080169,0.059072,0.151899,-1.860759,1.021097,0.029536,-0.995781,-0.915612,1.050633,1.033755,0.991561,4.609288,4.401261,-3.651091,-5.355655,-6.089493,-1.940928,-379.813979,-1391.657548,-835.544928,-673.760523,-1535.170678,-722.950212,-1550.149583,0.490155,0.254571,-0.456399,1.012658,1.194093,0.147679,0.450643,0.344715,0.142809,0.310361,0.046179,0.323905,-361.295165,-193.703605,-161.069935,-319.557288,-162.987286,-720.368023,-190.992681,-139.194093,-72.402954,0.056259,-0.007736,-0.106188,-0.121660,29.624215,34.090127,30.882089,32.701485,24.703907,31.020700,22.818578,24.727219
100ml,24.6,64.6,LOW,100ml,ContainerModel100ml_Tamb24p6C_Tliquid64p6C_LevelclassLOW_VET6_8chips_raw_stream_20260528_221123.bin,18,-1.350211,-0.341772,-1.493671,0.455696,0.607595,0.658228,-2.303797,0.607595,-2.206751,-0.392405,0.658228,0.696203,4.016878,6.848101,-2.084388,2.502110,0.864979,-2.236287,5.345992,12.822785,0.118143,2.333333,4.578059,0.189873,-0.611814,0.164557,1.506329,2.354430,2.320675,-0.594937,10.881857,7.367089,-9.181435,-3.481013,-10.012658,2.881857,-0.527426,0.299578,-4.367089,-2.751055,-2.645570,-1.603376,1.042194,-1.797468,-2.814346,1.160338,-1.776371,1.063291,-1.312236,-10.443038,-3.810127,-15.329114,-5.535865,-4.316456,-11.084388,-27.936709,-41.843882,-35.021097,-15.974684,-11.995781,-15.932489,-151.856540,-263.037975,-215.898734,-35.755274,-16.911392,-511.270042,-2016.164557,-2709.286920,-2520.194093,-1285.274262,-1527.172996,1.092827,-0.801688,0.240506,-1.852321,0.265823,0.156118,0.122363,-0.907173,23.434599,10.924051,1.978903,1.037975,0.164557,-0.924051,9.156118,0.940928,-1.970464,-0.810127,1.434599,1.489451,28.451477,14.991561,0.582278,-1.645570,0.126582,-2.966245,2.202532,10.666667,0.016878,0.974684,-0.734177,-0.687764,-0.109705,-1.037975,-0.848101,-2.936709,0.295359,0.312236,0.253165,0.164557,-0.907173,0.274262,0.000000,1.991561,-1.966245,123.864979,12.717300,-1.919831,-2.755274,1.181435,2.168776,4.383966,-0.797468,-0.784810,-0.691983,1.337553,0.308017,-0.700422,0.265823,-0.717300,-2.223629,-0.223629,1.898734,-0.101266,-2.295359,-0.113924,-0.995781,-0.004219,0.966245,61.881857,35.046414,-0.983122,-0.869198,-0.860759,0.122363,0.168776,-0.789030,0.088608,-0.113924,0.772152,-0.168776,0.797468,0.713080,-0.253165,-1.071730,7.375527,0.046414,3.780591,3.835443,0.240506,0.459916,-0.270042,0.396624,-0.367089,-2.282700,1.565401,1.084388,2.067511,1.974684,-0.945148,0.130802,0.046414,-1.185654,0.746835,-0.067511,0.784810,-0.227848,-0.265823,1.156118,-0.126582,-0.953586,0.008439,-0.852321,0.092827,0.957806,0.886076,-0.936709,0.995781,0.004219,-1.016878,-0.620253,0.527426,7.852321,5.924051,1.443038,0.455696,2.312236,-0.548523,-0.759494,-0.645570,-0.776371,1.362869,1.957806,3.021097,1.004219,1.037975,-0.016878,0.940928,-874.704641,-153.502110,-364.691983,0.367089,1.350211,0.388186,-0.379747,-0.552743,0.616034,0.531646,-1.405063,-0.405063,0.869198,0.839662,0.704641,-0.240506,0.780591,0.886076,0.658228,-0.194093,-1.210970,-1.261603,2.805907,-0.383966,-2.084388,-0.029536,-1.029536,0.877637,-1.143460,0.932489,-0.299578,-0.510549,-1.443038,-0.299578,0.561181,-0.379747,-1.084388,-1.126582,-0.139241,1.751055,0.721519,-3.189873,-409.565401,-709.628692,-1603.590717,-1297.506329,-1805.628692,-534.531646,-8.109705,-15.223629,-52.236287,-44.257384,-58.156118,-16.244726,-0.856540,0.016878,1.101266,1.135021,-2.936709,-1.729958,-1.751055,0.371308,2.375527,-0.810127,-0.611814,0.295359,-0.029536,1.080169,0.059072,1.151899,1.139241,0.021097,0.029536,1.004219,-0.915612,0.050633,0.033755,-0.008439,4.911757,4.098791,-5.052326,-3.750716,-5.694431,-0.737225,-378.019869,-1388.281003,-833.966830,-670.451186,-1534.359581,-717.356207,-1547.985323,0.323488,0.421238,-1.289733,-0.987342,-0.805907,-1.518987,0.049409,0.245950,-0.258426,0.211596,-0.355055,-0.176095,-360.534029,-193.843547,-160.723076,-319.557288,-163.264909,-721.195107,-191.472825,-137.860759,-70.736287,-0.110408,-0.341069,-0.272855,-1.121660,29.507215,34.103127,30.973089,32.558485,24.794907,30.942700,22.896578,24.792219
100ml,24.6,64.6,LOW,100ml,ContainerModel100ml_Tamb24p6C_Tliquid64p6C_LevelclassLOW_VET6_8chips_raw_stream_20260528_221123.bin,19,0.649789,-1.341772,-1.493671,-2.544304,0.607595,0.658228,0.696203,0.607595,-0.206751,-0.392405,-0.341772,0.696203,3.016878,4.848101,1.915612,-0.497890,2.864979,-1.236287,5.345992,15.822785,-0.881857,3.333333,2.578059,1.189873,0.388186,1.164557,-0.493671,-0.645570,-0.679325,1.405063,10.881857,9.367089,-7.181435,-5.481013,-13.012658,-1.118143,-0.527426,0.299578,-1.367089,-4.751055,1.354430,-1.603376,-1.957806,0.202532,1.185654,0.160338,0.223629,1.063291,-3.312236,-9.443038,-0.810127,-12.329114,-3.535865,-3.316456,-13.084388,-27.936709,-41.843882,-33.021097,-14.974684,-11.995781,-17.932489,-150.856540,-265.037975,-217.898734,-35.755274,-14.911392,-512.270042,-2010.164557,-2709.286920,-2519.194093,-1287.274262,-1527.172996,0.092827,0.198312,1.240506,0.147679,-0.734177,-0.843882,-1.877637,-1.907173,21.434599,5.924051,-0.021097,0.037975,2.164557,-0.924051,10.156118,1.940928,2.029536,0.189873,1.434599,-0.510549,31.451477,12.991561,-0.417722,0.354430,1.126582,1.033755,4.202532,9.666667,-0.983122,-0.025316,1.265823,2.312236,-0.109705,-2.037975,1.151899,2.063291,1.295359,1.312236,0.253165,-0.835443,-1.907173,0.274262,0.000000,0.991561,4.033755,125.864979,15.717300,0.080169,2.244726,-2.818565,1.168776,3.383966,-0.797468,1.215190,-0.691983,0.337553,0.308017,0.299578,-0.734177,-0.717300,0.776371,-1.223629,0.898734,-1.101266,-1.295359,0.886076,2.004219,-0.004219,-1.033755,60.881857,35.046414,0.016878,1.130802,-0.860759,1.122363,-0.831224,0.210970,1.088608,1.886076,-0.227848,-1.168776,-1.202532,-0.286920,-1.253165,-0.071730,7.375527,0.046414,1.780591,5.835443,-0.759494,0.459916,-0.270042,-1.603376,-0.367089,-0.282700,-0.434599,0.084388,-0.932489,-0.025316,0.054852,1.130802,-0.953586,-0.185654,-1.253165,1.932489,1.784810,0.772152,1.734177,-0.843882,-1.126582,0.046414,0.008439,0.147679,-1.907173,-1.042194,0.886076,0.063291,-1.004219,-0.995781,-0.016878,1.379747,1.527426,7.852321,4.924051,-1.556962,0.455696,-0.687764,0.451477,0.240506,2.354430,-0.776371,0.362869,0.957806,-0.978903,-0.995781,-1.962025,0.983122,0.940928,-868.704641,-153.502110,-363.691983,0.367089,-0.649789,0.388186,-0.379747,-0.552743,1.616034,0.531646,-1.405063,-1.405063,0.869198,0.839662,-0.295359,0.759494,-2.219409,-2.113924,0.658228,0.805907,0.789030,0.738397,0.805907,-0.383966,2.915612,-1.029536,0.970464,1.877637,-1.143460,-0.067511,0.700422,-0.510549,2.556962,-0.299578,1.561181,2.620253,-0.084388,-1.126582,1.860759,-0.248945,-1.278481,-1.189873,-408.565401,-708.628692,-1604.590717,-1289.506329,-1806.628692,-535.531646,-11.109705,-17.223629,-52.236287,-44.257384,-62.156118,-17.244726,-0.856540,-1.983122,0.101266,0.135021,0.063291,1.270042,0.248945,-0.628692,2.375527,1.189873,2.388186,-0.704641,0.970464,1.080169,0.059072,1.151899,0.139241,0.021097,0.029536,1.004219,0.084388,-0.949367,-0.966245,0.991561,5.109288,4.901261,-3.046153,-5.256889,-5.688259,-2.243397,-377.223497,-1387.725757,-832.276167,-670.719947,-1533.953586,-717.409691,-1547.689295,0.156821,0.087904,0.876934,0.012658,0.194093,1.481013,-0.648122,-1.056519,0.846512,0.810361,0.546179,0.021436,-358.151699,-193.598898,-160.144979,-319.826049,-163.264909,-721.645646,-191.176796,-138.860759,-72.736287,-0.777075,0.658931,1.227145,0.211674,29.442215,33.960127,30.804089,32.428485,24.742907,30.955700,22.818578,24.727219
100ml,24.6,64.6,LOW,100ml,ContainerModel100ml_Tamb24p6C_Tliquid64p6C_LevelclassLOW_VET6_8chips_raw_stream_20260528_221123.bin,20,0.649789,1.658228,1.506329,-2.544304,-0.392405,0.658228,-1.303797,0.607595,-0.206751,-0.392405,-1.341772,0.696203,1.016878,5.848101,2.915612,0.502110,1.864979,-0.236287,3.345992,14.822785,2.118143,2.333333,2.578059,2.189873,-0.611814,-0.835443,-0.493671,-0.645570,1.320675,1.405063,13.881857,9.367089,-8.181435,-7.481013,-12.012658,0.881857,1.472574,1.299578,-3.367089,-5.751055,-1.645570,1.396624,-1.957806,0.202532,-2.814346,-1.839662,0.223629,-0.936709,-5.312236,-12.443038,-0.810127,-12.329114,-3.535865,-2.316456,-13.084388,-26.936709,-41.843882,-33.021097,-15.974684,-12.995781,-16.932489,-148.856540,-265.037975,-216.898734,-36.755274,-17.911392,-516.270042,-2008.164557,-2702.286920,-2523.194093,-1288.274262,-1542.172996,0.092827,-1.801688,-0.759494,-0.852321,1.265823,0.156118,0.122363,-0.907173,20.434599,8.924051,-1.021097,-0.962025,-0.835443,0.075949,10.156118,1.940928,1.029536,1.189873,-0.565401,-0.510549,29.451477,14.991561,2.582278,-0.645570,0.126582,0.033755,1.202532,12.666667,0.016878,0.974684,-0.734177,-0.687764,-1.109705,1.962025,0.151899,0.063291,0.295359,1.312236,0.253165,0.164557,0.092827,0.274262,-1.000000,0.991561,0.033755,121.864979,14.717300,1.080169,-0.755274,0.181435,-0.831224,3.383966,-2.797468,-0.784810,0.308017,0.337553,2.308017,-1.700422,-1.734177,0.282700,-1.223629,-1.223629,-3.101266,0.898734,-0.295359,-1.113924,0.004219,-0.004219,0.966245,60.881857,32.046414,2.016878,-0.869198,-0.860759,0.122363,-0.831224,-1.789030,-0.911392,0.886076,-0.227848,-0.168776,1.797468,-1.286920,-1.253165,-1.071730,8.375527,0.046414,1.780591,5.835443,0.240506,-0.540084,0.729958,-0.603376,-0.367089,-1.282700,2.565401,0.084388,1.067511,-1.025316,0.054852,0.130802,3.046414,0.814346,0.746835,0.932489,1.784810,-0.227848,-0.265823,0.156118,-0.126582,1.046414,0.008439,0.147679,0.092827,0.957806,1.886076,2.063291,0.995781,-0.995781,-0.016878,0.379747,-0.472574,7.852321,5.924051,-0.556962,0.455696,2.312236,-0.548523,0.240506,1.354430,-0.776371,-0.637131,0.957806,0.021097,-0.995781,0.037975,-0.016878,0.940928,-871.704641,-153.502110,-361.691983,0.367089,0.350211,-2.611814,-0.379747,-1.552743,1.616034,1.531646,-1.405063,-0.405063,0.869198,-0.160338,-1.295359,-0.240506,3.780591,-0.113924,0.658228,2.805907,-0.210970,-0.261603,2.805907,-0.383966,1.915612,0.970464,1.970464,2.877637,0.856540,0.932489,-0.299578,-3.510549,-0.443038,0.700422,-0.438819,-1.379747,1.915612,0.873418,1.860759,-2.248945,-1.278481,-1.189873,-409.565401,-708.628692,-1596.590717,-1287.506329,-1806.628692,-538.531646,-10.109705,-14.223629,-54.236287,-47.257384,-60.156118,-14.244726,0.143460,1.016878,1.101266,0.135021,-1.936709,0.270042,0.248945,-1.628692,-0.624473,-0.810127,-0.611814,-0.704641,0.970464,1.080169,-0.940928,0.151899,-1.860759,0.021097,-1.970464,0.004219,0.084388,0.050633,1.033755,-1.008439,7.214226,5.796322,-4.447388,-6.658124,-6.787024,-0.434755,-378.796992,-1389.225257,-831.085504,-672.954240,-1530.884115,-723.451973,-1546.801208,-0.176512,-0.578762,-0.123066,-0.154008,-0.139241,-0.018987,0.450643,0.344715,1.044043,0.711596,0.144945,-0.077330,-358.945809,-193.703605,-160.376218,-319.904147,-162.073744,-719.573913,-190.584739,-138.360759,-71.736287,0.056259,0.325598,0.060478,-1.121660,29.585215,34.220127,30.921089,32.623485,24.742907,30.929700,22.857578,24.753219
100ml,24.6,64.6,LOW,100ml,ContainerModel100ml_Tamb24p6C_Tliquid64p6C_LevelclassLOW_VET6_8chips_raw_stream_20260528_221123.bin,21,0.649789,-1.341772,1.506329,-0.544304,0.607595,0.658228,-1.303797,-0.392405,0.793249,0.607595,0.658228,0.696203,3.016878,6.848101,0.915612,-0.497890,1.864979,-1.236287,5.345992,15.822785,0.118143,0.333333,2.578059,2.189873,2.388186,-0.835443,1.506329,-0.645570,-1.679325,-0.594937,11.881857,10.367089,-8.181435,-4.481013,-11.012658,0.881857,-2.527426,-0.700422,-2.367089,-3.751055,-1.645570,-1.603376,0.042194,-0.797468,-1.814346,-2.839662,-2.776371,-0.936709,-4.312236,-12.443038,-1.810127,-15.329114,-5.535865,-3.316456,-14.084388,-26.936709,-41.843882,-34.021097,-13.974684,-9.995781,-19.932489,-150.856540,-260.037975,-216.898734,-35.755274,-14.911392,-518.270042,-2019.164557,-2700.286920,-2524.194093,-1290.274262,-1534.172996,0.092827,0.198312,0.240506,0.147679,2.265823,-2.843882,0.122363,1.092827,23.434599,6.924051,-0.021097,-1.962025,0.164557,0.075949,10.156118,2.940928,0.029536,1.189873,3.434599,0.489451,28.451477,12.991561,1.582278,1.354430,-1.873418,0.033755,3.202532,11.666667,-0.983122,-2.025316,1.265823,0.312236,1.890295,-1.037975,-0.848101,-0.936709,0.295359,-0.687764,0.253165,1.164557,0.092827,-2.725738,-2.000000,-2.008439,1.033755,123.864979,15.717300,0.080169,-0.755274,-0.818565,0.168776,6.383966,1.202532,-1.784810,-2.691983,-1.662447,0.308017,-1.700422,-2.734177,0.282700,0.776371,-1.223629,-0.101266,0.898734,-1.295359,-0.113924,0.004219,0.995781,0.966245,60.881857,34.046414,0.016878,0.130802,0.139241,0.122363,-0.831224,1.210970,1.088608,-1.113924,-0.227848,-2.168776,-1.202532,-0.286920,-0.253165,-0.071730,8.375527,3.046414,2.780591,3.835443,-0.759494,0.459916,-2.270042,-2.603376,-1.367089,-0.282700,0.565401,0.084388,-0.932489,3.974684,0.054852,0.130802,0.046414,-1.185654,0.746835,-1.067511,-1.215190,1.772152,0.734177,0.156118,-0.126582,1.046414,-0.991561,-2.852321,0.092827,0.957806,-1.113924,0.063291,0.995781,-0.995781,-1.016878,0.379747,1.527426,4.852321,4.924051,-0.556962,-0.544304,0.312236,-0.548523,1.240506,0.354430,0.223629,-1.637131,-1.042194,0.021097,1.004219,1.037975,-1.016878,-2.059072,-866.704641,-153.502110,-364.691983,0.367089,-0.649789,1.388186,0.620253,1.447257,1.616034,-0.468354,-1.405063,1.594937,0.869198,0.839662,0.704641,-1.240506,1.780591,0.886076,-0.341772,3.805907,0.789030,1.738397,-0.194093,0.616034,-1.084388,0.970464,1.970464,-2.122363,-2.143460,-1.067511,0.700422,1.489451,0.556962,-1.299578,-2.438819,-0.379747,-1.084388,-1.126582,1.860759,-1.248945,-1.278481,1.810127,-409.565401,-708.628692,-1599.590717,-1285.506329,-1795.628692,-538.531646,-11.109705,-15.223629,-52.236287,-44.257384,-60.156118,-15.244726,0.143460,0.016878,1.101266,0.135021,-2.936709,-0.729958,-0.751055,0.371308,-0.624473,-0.810127,-0.611814,2.295359,-0.029536,-1.919831,-0.940928,1.151899,-1.860759,-0.978903,1.029536,-0.995781,0.084388,0.050633,1.033755,0.991561,4.708053,4.802495,-3.651091,-4.553185,-5.891962,-1.539694,-380.025654,-1389.688259,-835.507406,-673.566805,-1532.681379,-720.687314,-1547.117092,-1.509845,-1.745429,0.043601,-0.654008,-0.639241,-0.518987,-0.351826,0.147184,-0.054722,-0.992108,-0.651352,0.225139,-357.754644,-194.082411,-159.566881,-319.826049,-162.470799,-719.263316,-191.064883,-137.694093,-71.402954,0.222925,-0.674402,-0.439522,0.878340,29.598215,34.077127,30.843089,32.519485,24.664907,30.799700,22.701578,24.610219
100ml,24.6,64.6,LOW,100ml,ContainerModel100ml_Tamb24p6C_Tliquid64p6C_LevelclassLOW_VET6_8chips_raw_stream_20260528_221123.bin,22,0.649789,-0.341772,1.506329,2.455696,0.607595,1.658228,-0.303797,0.607595,0.793249,0.607595,0.658228,-1.303797,0.016878,6.848101,0.915612,1.502110,0.864979,-0.236287,4.345992,14.822785,0.118143,-0.666667,3.578059,0.189873,-0.611814,1.164557,1.506329,-0.645570,3.320675,1.405063,10.881857,7.367089,-6.181435,-5.481013,-11.012658,-0.118143,-1.527426,-1.700422,-3.367089,-4.751055,-0.645570,-1.603376,-1.957806,-1.797468,-1.814346,0.160338,-0.776371,-1.936709,-3.312236,-9.443038,-1.810127,-12.329114,-3.535865,-2.316456,-10.084388,-29.936709,-40.843882,-35.021097,-15.974684,-9.995781,-17.932489,-146.856540,-260.037975,-215.898734,-35.755274,-14.911392,-518.270042,-2024.164557,-2706.286920,-2525.194093,-1289.274262,-1533.172996,0.092827,1.198312,-1.759494,1.147679,0.265823,0.156118,2.122363,1.092827,20.434599,8.924051,0.978903,-0.962025,0.164557,0.075949,10.156118,2.940928,1.029536,0.189873,1.434599,-0.510549,30.451477,14.991561,0.582278,1.354430,1.126582,-1.966245,16.202532,11.666667,-0.983122,0.974684,0.265823,0.312236,-1.109705,-1.037975,2.151899,-0.936709,0.295359,0.312236,-0.746835,-1.835443,1.092827,-0.725738,-2.000000,1.991561,1.033755,121.864979,15.717300,1.080169,-0.755274,0.181435,-0.831224,3.383966,-0.797468,-1.784810,0.308017,0.337553,-2.691983,0.299578,0.265823,-1.717300,-0.223629,1.776371,-0.101266,-1.101266,-1.295359,2.886076,0.004219,-1.004219,1.966245,61.881857,35.046414,1.016878,2.130802,-0.860759,1.122363,1.168776,-1.789030,0.088608,-0.113924,2.772152,-1.168776,0.797468,1.713080,0.746835,1.928270,8.375527,0.046414,4.780591,8.835443,1.240506,0.459916,-0.270042,0.396624,-1.367089,-1.282700,0.565401,0.084388,-0.932489,1.974684,1.054852,0.130802,1.046414,-1.185654,1.746835,0.932489,-0.215190,1.772152,-0.265823,2.156118,-1.126582,0.046414,0.008439,0.147679,-2.907173,1.957806,-1.113924,2.063291,0.995781,1.004219,0.983122,-1.620253,0.527426,3.852321,6.924051,1.443038,0.455696,-0.687764,2.451477,0.240506,0.354430,-0.776371,2.362869,-1.042194,1.021097,0.004219,1.037975,0.983122,-0.059072,-872.704641,-150.502110,-364.691983,1.367089,-2.649789,0.388186,-0.379747,-1.552743,2.616034,0.531646,-0.405063,-1.405063,0.869198,-0.160338,1.704641,-1.240506,-0.219409,-0.113924,2.658228,0.805907,0.789030,-1.261603,-0.194093,0.616034,0.915612,0.970464,-0.029536,-2.122363,-1.143460,0.932489,-1.299578,-1.510549,1.556962,2.700422,2.561181,-0.379747,1.915612,-1.126582,-1.139241,-3.248945,-1.278481,-1.189873,-409.565401,-711.628692,-1602.590717,-1295.506329,-1800.628692,-536.531646,-9.109705,-15.223629,-54.236287,-46.257384,-58.156118,-14.244726,0.143460,0.016878,1.101266,-0.864979,0.063291,1.270042,2.248945,2.371308,-0.624473,1.189873,-0.611814,-0.704641,-1.029536,1.080169,1.059072,1.151899,0.139241,-0.978903,0.029536,1.004219,0.084388,0.050633,1.033755,0.991561,4.312992,3.197557,-3.644918,-5.256889,-5.688259,-1.842163,-380.299754,-1390.484631,-837.851211,-672.682425,-1534.556162,-720.481424,-1548.577381,-0.343179,-0.912096,-0.123066,0.679325,0.527426,-0.185654,0.450643,0.344715,0.544043,0.106657,0.749883,-1.083503,-359.361112,-193.924220,-159.069935,-321.863571,-163.217210,-721.382748,-191.380767,-138.527426,-71.569620,0.389592,0.825598,0.060478,-0.621660,29.637215,34.207127,30.960089,32.623485,24.742907,30.968700,22.844578,24.701219
100ml,24.6,64.6,LOW,100ml,ContainerModel100ml_Tamb24p6C_Tliquid64p6C_LevelclassLOW_VET6_8chips_raw_stream_20260528_221123.bin,23,-1.350211,0.658228,-0.493671,0.455696,0.607595,-1.341772,-0.303797,-0.392405,-1.206751,-2.392405,0.658228,2.696203,2.016878,3.848101,0.915612,0.502110,2.864979,0.763713,5.345992,14.822785,-0.881857,2.333333,2.578059,1.189873,0.388186,0.164557,0.506329,2.354430,-0.679325,0.405063,10.881857,7.367089,-9.181435,-4.481013,-12.012658,0.881857,-1.527426,-1.700422,-3.367089,-3.751055,-1.645570,-0.603376,-0.957806,-1.797468,-2.814346,1.160338,1.223629,1.063291,-1.312236,-9.443038,-1.810127,-12.329114,-4.535865,-3.316456,-13.084388,-27.936709,-41.843882,-34.021097,-15.974684,-11.995781,-17.932489,-147.856540,-261.037975,-216.898734,-37.755274,-17.911392,-518.270042,-2016.164557,-2700.286920,-2520.194093,-1290.274262,-1539.172996,0.092827,0.198312,2.240506,1.147679,0.265823,0.156118,1.122363,-1.907173,21.434599,9.924051,-1.021097,0.037975,0.164557,1.075949,10.156118,1.940928,1.029536,-1.810127,0.434599,0.489451,29.451477,13.991561,1.582278,0.354430,-1.873418,-0.966245,4.202532,9.666667,-1.983122,-1.025316,-0.734177,-0.687764,0.890295,-0.037975,-0.848101,-0.936709,-1.704641,-0.687764,3.253165,0.164557,0.092827,-0.725738,1.000000,-0.008439,1.033755,124.864979,13.717300,-0.919831,1.244726,-0.818565,1.168776,6.383966,-0.797468,-0.784810,0.308017,0.337553,0.308017,-1.700422,-0.734177,0.282700,0.776371,-1.223629,-0.101266,0.898734,-1.295359,-0.113924,0.004219,-0.004219,-0.033755,60.881857,37.046414,-0.983122,1.130802,-1.860759,-0.877637,0.168776,0.210970,0.088608,0.886076,-1.227848,-1.168776,0.797468,-0.286920,0.746835,0.928270,6.375527,-0.953586,2.780591,4.835443,-0.759494,-0.540084,-0.270042,-0.603376,-0.367089,-2.282700,0.565401,0.084388,2.067511,-0.025316,0.054852,0.130802,-0.953586,-1.185654,2.746835,0.932489,-0.215190,-1.227848,-1.265823,1.156118,0.873418,2.046414,0.008439,-0.852321,1.092827,-1.042194,-0.113924,0.063291,-0.004219,0.004219,-1.016878,0.379747,2.527426,3.852321,4.924051,0.443038,-0.544304,1.312236,1.451477,2.240506,1.354430,-0.776371,-0.637131,-0.042194,0.021097,-1.995781,1.037975,-2.016878,-0.059072,-871.704641,-153.502110,-367.691983,0.367089,0.350211,0.388186,-1.379747,1.447257,1.616034,0.531646,-2.405063,-1.405063,0.869198,-0.160338,0.704641,-1.240506,-2.219409,-0.113924,0.658228,1.805907,1.789030,-0.261603,-1.194093,2.616034,1.915612,0.970464,0.970464,-0.122363,0.856540,-2.067511,-0.299578,-0.510549,-0.443038,1.700422,-3.438819,-1.379747,-1.084388,-1.126582,0.860759,1.751055,-1.278481,1.810127,-411.565401,-709.628692,-1599.590717,-1296.506329,-1797.628692,-540.531646,-11.109705,-15.223629,-52.236287,-47.257384,-60.156118,-16.244726,-0.856540,-0.983122,0.101266,0.135021,0.063291,0.270042,-0.751055,-0.628692,-2.624473,0.189873,-0.611814,-0.704641,-1.029536,1.080169,1.059072,1.151899,0.139241,1.021097,1.029536,-0.995781,2.084388,1.050633,-0.966245,0.991561,4.312992,3.197557,-4.749857,-4.651951,-6.293197,-1.237225,-379.608089,-1388.894150,-834.776167,-674.376142,-1530.786086,-721.481424,-1545.729006,-0.343179,0.087904,-0.123066,0.179325,0.027426,-0.352321,0.345705,1.449654,1.445278,-0.288404,-0.855055,-0.274861,-359.462296,-195.016464,-160.876218,-320.172907,-164.853129,-719.693345,-192.972825,-139.527426,-72.569620,0.222925,-1.341069,-1.272855,0.545007,29.559215,34.051127,30.908089,32.519485,24.716907,30.890700,22.779578,24.688219
100ml,24.6,64.6,LOW,100ml,ContainerModel100ml_Tamb24p6C_Tliquid64p6C_LevelclassLOW_VET6_8chips_raw_stream_20260528_221123.bin,24,-0.350211,-0.341772,-0.493671,-0.544304,2.607595,-0.341772,0.696203,-0.392405,0.793249,-1.392405,0.658228,-0.303797,1.016878,6.848101,-0.084388,0.502110,-1.135021,0.763713,6.345992,14.822785,1.118143,1.333333,2.578059,-0.810127,-3.611814,1.164557,-0.493671,2.354430,2.320675,-0.594937,9.881857,6.367089,-9.181435,-3.481013,-13.012658,-0.118143,-0.527426,1.299578,-2.367089,-3.751055,-1.645570,1.396624,0.042194,-1.797468,-1.814346,-1.839662,-1.776371,0.063291,-3.312236,-9.443038,-3.810127,-13.329114,-2.535865,-3.316456,-11.084388,-27.936709,-42.843882,-33.021097,-16.974684,-12.995781,-19.932489,-149.856540,-262.037975,-217.898734,-35.755274,-16.911392,-524.270042,-2026.164557,-2718.286920,-2526.194093,-1291.274262,-1538.172996,0.092827,1.198312,-0.759494,0.147679,1.265823,-0.843882,0.122363,-1.907173,22.434599,9.924051,0.978903,-0.962025,0.164557,0.075949,10.156118,1.940928,1.029536,2.189873,-1.565401,0.489451,28.451477,14.991561,2.582278,1.354430,1.126582,0.033755,4.202532,10.666667,2.016878,-2.025316,1.265823,-0.687764,-1.109705,-1.037975,2.151899,-0.936709,0.295359,-1.687764,-2.746835,0.164557,3.092827,0.274262,1.000000,-0.008439,1.033755,121.864979,13.717300,1.080169,2.244726,-1.818565,-0.831224,6.383966,0.202532,0.215190,0.308017,-1.662447,-1.691983,1.299578,2.265823,-0.717300,-0.223629,0.776371,-0.101266,-1.101266,-0.295359,-1.113924,0.004219,-0.004219,-3.033755,59.881857,37.046414,0.016878,-1.869198,0.139241,0.122363,-0.831224,0.210970,0.088608,1.886076,0.772152,0.831224,0.797468,1.713080,-0.253165,-1.071730,6.375527,2.046414,3.780591,5.835443,1.240506,0.459916,-0.270042,1.396624,-1.367089,0.717300,0.565401,1.084388,0.067511,-0.025316,0.054852,1.130802,3.046414,1.814346,0.746835,-1.067511,1.784810,0.772152,0.734177,0.156118,-0.126582,0.046414,0.008439,0.147679,-0.907173,-0.042194,1.886076,-0.936709,0.995781,1.004219,-0.016878,-1.620253,0.527426,7.852321,5.924051,-0.556962,-1.544304,0.312236,0.451477,2.240506,0.354430,1.223629,1.362869,0.957806,2.021097,0.004219,1.037975,0.983122,0.940928,-871.704641,-154.502110,-359.691983,1.367089,1.350211,4.388186,0.620253,2.447257,0.616034,-0.468354,-1.405063,0.594937,-1.130802,0.839662,0.704641,-1.240506,-1.219409,-2.113924,2.658228,-0.194093,-2.210970,0.738397,-0.194093,-0.383966,0.915612,0.970464,0.970464,0.877637,0.856540,-0.067511,2.700422,1.489451,-1.443038,-0.299578,-0.438819,2.620253,-1.084388,1.873418,-0.139241,-0.248945,0.721519,-1.189873,-408.565401,-712.628692,-1600.590717,-1291.506329,-1797.628692,-533.531646,-11.109705,-14.223629,-51.236287,-46.257384,-59.156118,-15.244726,2.143460,0.016878,1.101266,2.135021,0.063291,0.270042,0.248945,2.371308,0.375527,0.189873,0.388186,-0.704641,-0.029536,2.080169,0.059072,1.151899,0.139241,0.021097,0.029536,1.004219,1.084388,-0.949367,2.033755,0.991561,4.510522,4.000026,-4.348622,-4.349482,-6.595666,-0.934755,-383.132623,-1392.158048,-839.044928,-674.798045,-1540.043198,-723.672589,-1552.629728,-0.176512,-0.078762,1.543601,0.179325,-0.472574,-0.685654,0.851878,0.443481,-0.159660,0.810361,0.546179,0.021436,-359.826377,-192.617147,-160.644979,-320.132331,-160.915553,-718.774018,-189.288710,-138.194093,-72.402954,0.222925,0.492264,0.893812,0.045007,29.559215,34.155127,30.856089,32.675485,24.664907,31.007700,22.805578,24.701219
