Volume,SourceFile,Output,Rows,Batches,ParserErrors,ZeroFile,ZeroBatches
100ml,ContainerModel100ml_Tamb24p6C_Tliquid60C_LevelclassHigh_VET6_8chips_raw_stream_20260528_221615.bin,ContainerModel100ml_Tamb24p6C_Tliquid60C_LevelclassHigh_VET6_8chips_raw_stream_20260528_221615.csv,25,25,1,batch_1_100ml.bin,237
100ml,ContainerModel100ml_Tamb24p6C_Tliquid60C_LevelclassHigh_VET6_8chips_raw_stream_20260528_221616.bin,ContainerModel100ml_Tamb24p6C_Tliquid60C_LevelclassHigh_VET6_8chips_raw_stream_20260528_221616.csv,24,24,3,batch_1_100ml.bin,237
100ml,ContainerModel100ml_Tamb24p6C_Tliquid60C_LevelclassHigh_VET6_8chips_raw_stream_20260528_221618.bin,ContainerModel100ml_Tamb24p6C_Tliquid60C_LevelclassHigh_VET6_8chips_raw_stream_20260528_221618.csv,23,23,2,batch_1_100ml.bin,237
100ml,ContainerModel100ml_Tamb24p6C_Tliquid60C_LevelclassHigh_VET6_8chips_raw_stream_20260528_221619.bin,ContainerModel100ml_Tamb24p6C_Tliquid60C_LevelclassHigh_VET6_8chips_raw_stream_20260528_221619.csv,23,23,3,batch_1_100ml.bin,237
100ml,ContainerModel100ml_Tamb24p6C_Tliquid60C_LevelclassHigh_VET6_8chips_raw_stream_20260528_221620.bin,ContainerModel100ml_Tamb24p6C_Tliquid60C_LevelclassHigh_VET6_8chips_raw_stream_20260528_221620.csv,24,24,2,batch_1_100ml.bin,237
100ml,ContainerModel100ml_Tamb24p6C_Tliquid60C_LevelclassHigh_VET6_8chips_raw_stream_20260528_221621.bin,ContainerModel100ml_Tamb24p6C_Tliquid60C_LevelclassHigh_VET6_8chips_raw_stream_20260528_221621.csv,24,24,2,batch_1_100ml.bin,237
100ml,ContainerModel100ml_Tamb24p6C_Tliquid60C_LevelclassHigh_VET6_8chips_raw_stream_20260528_221622.bin,ContainerModel100ml_Tamb24p6C_Tliquid60C_LevelclassHigh_VET6_8chips_raw_stream_20260528_221622.csv,23,23,1,batch_1_100ml.bin,237
100ml,ContainerModel100ml_Tamb24p6C_Tliquid60C_LevelclassHigh_VET6_8chips_raw_stream_20260528_221624.bin,ContainerModel100ml_Tamb24p6C_Tliquid60C_LevelclassHigh_VET6_8chips_raw_stream_20260528_221624.csv,23,23,2,batch_1_100ml.bin,237
100ml,ContainerModel100ml_Tamb24p6C_Tliquid64p1C_LevelclassMid_VET6_8chips_raw_stream_20260528_221230.bin,ContainerModel100ml_Tamb24p6C_Tliquid64p1C_LevelclassMid_VET6_8chips_raw_stream_20260528_221230.csv,24,24,3,batch_1_100ml.bin,237
100ml,ContainerModel100ml_Tamb24p6C_Tliquid64p1C_LevelclassMid_VET6_8chips_raw_stream_20260528_221231.bin,ContainerModel100ml_Tamb24p6C_Tliquid64p1C_LevelclassMid_VET6_8chips_raw_stream_20260528_221231.csv,24,24,1,batch_1_100ml.bin,237
100ml,ContainerModel100ml_Tamb24p6C_Tliquid64p1C_LevelclassMid_VET6_8chips_raw_stream_20260528_221232.bin,ContainerModel100ml_Tamb24p6C_Tliquid64p1C_LevelclassMid_VET6_8chips_raw_stream_20260528_221232.csv,24,24,4,batch_1_100ml.bin,237
100ml,ContainerModel100ml_Tamb24p6C_Tliquid64p1C_LevelclassMid_VET6_8chips_raw_stream_20260528_221233.bin,ContainerModel100ml_Tamb24p6C_Tliquid64p1C_LevelclassMid_VET6_8chips_raw_stream_20260528_221233.csv,23,23,3,batch_1_100ml.bin,237
100ml,ContainerModel100ml_Tamb24p6C_Tliquid64p1C_LevelclassMid_VET6_8chips_raw_stream_20260528_221235.bin,ContainerModel100ml_Tamb24p6C_Tliquid64p1C_LevelclassMid_VET6_8chips_raw_stream_20260528_221235.csv,24,24,1,batch_1_100ml.bin,237
100ml,ContainerModel100ml_Tamb24p6C_Tliquid64p1C_LevelclassMid_VET6_8chips_raw_stream_20260528_221236.bin,ContainerModel100ml_Tamb24p6C_Tliquid64p1C_LevelclassMid_VET6_8chips_raw_stream_20260528_221236.csv,23,23,3,batch_1_100ml.bin,237
100ml,ContainerModel100ml_Tamb24p6C_Tliquid64p1C_LevelclassMid_VET6_8chips_raw_stream_20260528_221237.bin,ContainerModel100ml_Tamb24p6C_Tliquid64p1C_LevelclassMid_VET6_8chips_raw_stream_20260528_221237.csv,25,25,3,batch_1_100ml.bin,237
100ml,ContainerModel100ml_Tamb24p6C_Tliquid64p1C_LevelclassMid_VET6_8chips_raw_stream_20260528_221238.bin,ContainerModel100ml_Tamb24p6C_Tliquid64p1C_LevelclassMid_VET6_8chips_raw_stream_20260528_221238.csv,24,24,2,batch_1_100ml.bin,237
100ml,ContainerModel100ml_Tamb24p6C_Tliquid64p1C_LevelclassMid_VET6_8chips_raw_stream_20260528_221315.bin,ContainerModel100ml_Tamb24p6C_Tliquid64p1C_LevelclassMid_VET6_8chips_raw_stream_20260528_221315.csv,24,24,1,batch_1_100ml.bin,237
100ml,ContainerModel100ml_Tamb24p6C_Tliquid64p1C_LevelclassMid_VET6_8chips_raw_stream_20260528_221317.bin,ContainerModel100ml_Tamb24p6C_Tliquid64p1C_LevelclassMid_VET6_8chips_raw_stream_20260528_221317.csv,25,25,0,batch_1_100ml.bin,237
100ml,ContainerModel100ml_Tamb24p6C_Tliquid64p1C_LevelclassMid_VET6_8chips_raw_stream_20260528_221318.bin,ContainerModel100ml_Tamb24p6C_Tliquid64p1C_LevelclassMid_VET6_8chips_raw_stream_20260528_221318.csv,25,25,1,batch_1_100ml.bin,237
100ml,ContainerModel100ml_Tamb24p6C_Tliquid64p1C_LevelclassMid_VET6_8chips_raw_stream_20260528_221319.bin,ContainerModel100ml_Tamb24p6C_Tliquid64p1C_LevelclassMid_VET6_8chips_raw_stream_20260528_221319.csv,25,25,1,batch_1_100ml.bin,237
100ml,ContainerModel100ml_Tamb24p6C_Tliquid64p1C_LevelclassMid_VET6_8chips_raw_stream_20260528_221320.bin,ContainerModel100ml_Tamb24p6C_Tliquid64p1C_LevelclassMid_VET6_8chips_raw_stream_20260528_221320.csv,24,24,2,batch_1_100ml.bin,237
100ml,ContainerModel100ml_Tamb24p6C_Tliquid64p1C_LevelclassMid_VET6_8chips_raw_stream_20260528_221322.bin,ContainerModel100ml_Tamb24p6C_Tliquid64p1C_LevelclassMid_VET6_8chips_raw_stream_20260528_221322.csv,25,25,3,batch_1_100ml.bin,237
100ml,ContainerModel100ml_Tamb24p6C_Tliquid64p1C_LevelclassMid_VET6_8chips_raw_stream_20260528_221323.bin,ContainerModel100ml_Tamb24p6C_Tliquid64p1C_LevelclassMid_VET6_8chips_raw_stream_20260528_221323.csv,24,24,4,batch_1_100ml.bin,237
100ml,ContainerModel100ml_Tamb24p6C_Tliquid64p1C_LevelclassMid_VET6_8chips_raw_stream_20260528_221324.bin,ContainerModel100ml_Tamb24p6C_Tliquid64p1C_LevelclassMid_VET6_8chips_raw_stream_20260528_221324.csv,24,24,0,batch_1_100ml.bin,237
100ml,ContainerModel100ml_Tamb24p6C_Tliquid64p1C_LevelclassMid_VET6_8chips_raw_stream_20260528_221325.bin,ContainerModel100ml_Tamb24p6C_Tliquid64p1C_LevelclassMid_VET6_8chips_raw_stream_20260528_221325.csv,22,22,2,batch_1_100ml.bin,237
100ml,ContainerModel100ml_Tamb24p6C_Tliquid64p6C_LevelclassLOW_VET6_8chips_raw_stream_20260528_221112.bin,ContainerModel100ml_Tamb24p6C_Tliquid64p6C_LevelclassLOW_VET6_8chips_raw_stream_20260528_221112.csv,23,23,4,batch_1_100ml.bin,237
100ml,ContainerModel100ml_Tamb24p6C_Tliquid64p6C_LevelclassLOW_VET6_8chips_raw_stream_20260528_221116.bin,ContainerModel100ml_Tamb24p6C_Tliquid64p6C_LevelclassLOW_VET6_8chips_raw_stream_20260528_221116.csv,24,24,1,batch_1_100ml.bin,237
100ml,ContainerModel100ml_Tamb24p6C_Tliquid64p6C_LevelclassLOW_VET6_8chips_raw_stream_20260528_221118.bin,ContainerModel100ml_Tamb24p6C_Tliquid64p6C_LevelclassLOW_VET6_8chips_raw_stream_20260528_221118.csv,25,25,0,batch_1_100ml.bin,237
100ml,ContainerModel100ml_Tamb24p6C_Tliquid64p6C_LevelclassLOW_VET6_8chips_raw_stream_20260528_221119.bin,ContainerModel100ml_Tamb24p6C_Tliquid64p6C_LevelclassLOW_VET6_8chips_raw_stream_20260528_221119.csv,24,24,3,batch_1_100ml.bin,237
100ml,ContainerModel100ml_Tamb24p6C_Tliquid64p6C_LevelclassLOW_VET6_8chips_raw_stream_20260528_221120.bin,ContainerModel100ml_Tamb24p6C_Tliquid64p6C_LevelclassLOW_VET6_8chips_raw_stream_20260528_221120.csv,24,24,3,batch_1_100ml.bin,237
100ml,ContainerModel100ml_Tamb24p6C_Tliquid64p6C_LevelclassLOW_VET6_8chips_raw_stream_20260528_221121.bin,ContainerModel100ml_Tamb24p6C_Tliquid64p6C_LevelclassLOW_VET6_8chips_raw_stream_20260528_221121.csv,25,25,2,batch_1_100ml.bin,237
100ml,ContainerModel100ml_Tamb24p6C_Tliquid64p6C_LevelclassLOW_VET6_8chips_raw_stream_20260528_221123.bin,ContainerModel100ml_Tamb24p6C_Tliquid64p6C_LevelclassLOW_VET6_8chips_raw_stream_20260528_221123.csv,24,24,3,batch_1_100ml.bin,237
100ml,ContainerModel100ml_Tamb24p6C_Tliquid64p6C_LevelclassLOW_VET6_8chips_raw_stream_20260528_221124.bin,ContainerModel100ml_Tamb24p6C_Tliquid64p6C_LevelclassLOW_VET6_8chips_raw_stream_20260528_221124.csv,23,23,6,batch_1_100ml.bin,237
100ml,ContainerModel100ml_Tamb24p6C_Tliquid65p6C_LevelclassLOW_VET6_8chips_raw_stream_20260528_220431.bin,ContainerModel100ml_Tamb24p6C_Tliquid65p6C_LevelclassLOW_VET6_8chips_raw_stream_20260528_220431.csv,24,24,1,batch_1_100ml.bin,237
100ml,ContainerModel100ml_Tamb24p6C_Tliquid65p6C_LevelclassLOW_VET6_8chips_raw_stream_20260528_220433.bin,ContainerModel100ml_Tamb24p6C_Tliquid65p6C_LevelclassLOW_VET6_8chips_raw_stream_20260528_220433.csv,25,25,2,batch_1_100ml.bin,237
100ml,ContainerModel100ml_Tamb24p6C_Tliquid65p6C_LevelclassLOW_VET6_8chips_raw_stream_20260528_220434.bin,ContainerModel100ml_Tamb24p6C_Tliquid65p6C_LevelclassLOW_VET6_8chips_raw_stream_20260528_220434.csv,25,25,0,batch_1_100ml.bin,237
100ml,ContainerModel100ml_Tamb24p6C_Tliquid65p6C_LevelclassLOW_VET6_8chips_raw_stream_20260528_220436.bin,ContainerModel100ml_Tamb24p6C_Tliquid65p6C_LevelclassLOW_VET6_8chips_raw_stream_20260528_220436.csv,25,25,2,batch_1_100ml.bin,237
100ml,ContainerModel100ml_Tamb24p6C_Tliquid65p6C_LevelclassLOW_VET6_8chips_raw_stream_20260528_220437.bin,ContainerModel100ml_Tamb24p6C_Tliquid65p6C_LevelclassLOW_VET6_8chips_raw_stream_20260528_220437.csv,24,24,1,batch_1_100ml.bin,237
100ml,ContainerModel100ml_Tamb24p6C_Tliquid65p6C_LevelclassLOW_VET6_8chips_raw_stream_20260528_220438.bin,ContainerModel100ml_Tamb24p6C_Tliquid65p6C_LevelclassLOW_VET6_8chips_raw_stream_20260528_220438.csv,24,24,2,batch_1_100ml.bin,237
100ml,ContainerModel100ml_Tamb24p6C_Tliquid65p6C_LevelclassLOW_VET6_8chips_raw_stream_20260528_220439.bin,ContainerModel100ml_Tamb24p6C_Tliquid65p6C_LevelclassLOW_VET6_8chips_raw_stream_20260528_220439.csv,25,25,0,batch_1_100ml.bin,237
100ml,ContainerModel100ml_Tamb24p6C_Tliquid65p6C_LevelclassLOW_VET6_8chips_raw_stream_20260528_220441.bin,ContainerModel100ml_Tamb24p6C_Tliquid65p6C_LevelclassLOW_VET6_8chips_raw_stream_20260528_220441.csv,23,23,2,batch_1_100ml.bin,237
100ml,ContainerModel100ml_Tamb24p6C_Tliquid67C_LevelclassHigh_VET6_8chips_raw_stream_20260528_220739.bin,ContainerModel100ml_Tamb24p6C_Tliquid67C_LevelclassHigh_VET6_8chips_raw_stream_20260528_220739.csv,24,24,0,batch_1_100ml.bin,237
100ml,ContainerModel100ml_Tamb24p6C_Tliquid67C_LevelclassHigh_VET6_8chips_raw_stream_20260528_220741.bin,ContainerModel100ml_Tamb24p6C_Tliquid67C_LevelclassHigh_VET6_8chips_raw_stream_20260528_220741.csv,23,23,2,batch_1_100ml.bin,237
100ml,ContainerModel100ml_Tamb24p6C_Tliquid67C_LevelclassHigh_VET6_8chips_raw_stream_20260528_220742.bin,ContainerModel100ml_Tamb24p6C_Tliquid67C_LevelclassHigh_VET6_8chips_raw_stream_20260528_220742.csv,23,23,2,batch_1_100ml.bin,237
100ml,ContainerModel100ml_Tamb24p6C_Tliquid67C_LevelclassHigh_VET6_8chips_raw_stream_20260528_220743.bin,ContainerModel100ml_Tamb24p6C_Tliquid67C_LevelclassHigh_VET6_8chips_raw_stream_20260528_220743.csv,23,23,2,batch_1_100ml.bin,237
100ml,ContainerModel100ml_Tamb24p6C_Tliquid67C_LevelclassHigh_VET6_8chips_raw_stream_20260528_220744.bin,ContainerModel100ml_Tamb24p6C_Tliquid67C_LevelclassHigh_VET6_8chips_raw_stream_20260528_220744.csv,24,24,0,batch_1_100ml.bin,237
100ml,ContainerModel100ml_Tamb24p6C_Tliquid67C_LevelclassHigh_VET6_8chips_raw_stream_20260528_220745.bin,ContainerModel100ml_Tamb24p6C_Tliquid67C_LevelclassHigh_VET6_8chips_raw_stream_20260528_220745.csv,23,23,0,batch_1_100ml.bin,237
100ml,ContainerModel100ml_Tamb24p6C_Tliquid67C_LevelclassHigh_VET6_8chips_raw_stream_20260528_220747.bin,ContainerModel100ml_Tamb24p6C_Tliquid67C_LevelclassHigh_VET6_8chips_raw_stream_20260528_220747.csv,22,22,0,batch_1_100ml.bin,237
100ml,ContainerModel100ml_Tamb24p6C_Tliquid67C_LevelclassHigh_VET6_8chips_raw_stream_20260528_220748.bin,ContainerModel100ml_Tamb24p6C_Tliquid67C_LevelclassHigh_VET6_8chips_raw_stream_20260528_220748.csv,23,23,1,batch_1_100ml.bin,237
100ml,ContainerModel100ml_Tamb24p6C_Tliquid67C_LevelclassHigh_VET6_8chips_raw_stream_20260528_220749.bin,ContainerModel100ml_Tamb24p6C_Tliquid67C_LevelclassHigh_VET6_8chips_raw_stream_20260528_220749.csv,25,25,2,batch_1_100ml.bin,237
100ml,ContainerModel100ml_Tamb24p6C_Tliquid67C_LevelclassHigh_VET6_8chips_raw_stream_20260528_220750.bin,ContainerModel100ml_Tamb24p6C_Tliquid67C_LevelclassHigh_VET6_8chips_raw_stream_20260528_220750.csv,24,24,0,batch_1_100ml.bin,237
100ml,ContainerModel100ml_Tamb24p6C_Tliquid68p3C_LevelclassMid_VET6_8chips_raw_stream_20260528_220601.bin,ContainerModel100ml_Tamb24p6C_Tliquid68p3C_LevelclassMid_VET6_8chips_raw_stream_20260528_220601.csv,25,25,1,batch_1_100ml.bin,237
100ml,ContainerModel100ml_Tamb24p6C_Tliquid68p3C_LevelclassMid_VET6_8chips_raw_stream_20260528_220602.bin,ContainerModel100ml_Tamb24p6C_Tliquid68p3C_LevelclassMid_VET6_8chips_raw_stream_20260528_220602.csv,25,25,0,batch_1_100ml.bin,237
100ml,ContainerModel100ml_Tamb24p6C_Tliquid68p3C_LevelclassMid_VET6_8chips_raw_stream_20260528_220603.bin,ContainerModel100ml_Tamb24p6C_Tliquid68p3C_LevelclassMid_VET6_8chips_raw_stream_20260528_220603.csv,23,23,0,batch_1_100ml.bin,237
100ml,ContainerModel100ml_Tamb24p6C_Tliquid68p3C_LevelclassMid_VET6_8chips_raw_stream_20260528_220605.bin,ContainerModel100ml_Tamb24p6C_Tliquid68p3C_LevelclassMid_VET6_8chips_raw_stream_20260528_220605.csv,24,24,0,batch_1_100ml.bin,237
100ml,ContainerModel100ml_Tamb24p6C_Tliquid68p3C_LevelclassMid_VET6_8chips_raw_stream_20260528_220606.bin,ContainerModel100ml_Tamb24p6C_Tliquid68p3C_LevelclassMid_VET6_8chips_raw_stream_20260528_220606.csv,24,24,0,batch_1_100ml.bin,237
100ml,ContainerModel100ml_Tamb24p6C_Tliquid68p3C_LevelclassMid_VET6_8chips_raw_stream_20260528_220607.bin,ContainerModel100ml_Tamb24p6C_Tliquid68p3C_LevelclassMid_VET6_8chips_raw_stream_20260528_220607.csv,22,22,0,batch_1_100ml.bin,237
100ml,ContainerModel100ml_Tamb24p6C_Tliquid68p3C_LevelclassMid_VET6_8chips_raw_stream_20260528_220608.bin,ContainerModel100ml_Tamb24p6C_Tliquid68p3C_LevelclassMid_VET6_8chips_raw_stream_20260528_220608.csv,24,24,1,batch_1_100ml.bin,237
100ml,ContainerModel100ml_Tamb24p6C_Tliquid68p3C_LevelclassMid_VET6_8chips_raw_stream_20260528_220609.bin,ContainerModel100ml_Tamb24p6C_Tliquid68p3C_LevelclassMid_VET6_8chips_raw_stream_20260528_220609.csv,24,24,0,batch_1_100ml.bin,237
100ml,ContainerModel100ml_Tamb24p6C_Tliquid69p8C_LevelclassHigh_VET6_8chips_raw_stream_20260528_223227.bin,ContainerModel100ml_Tamb24p6C_Tliquid69p8C_LevelclassHigh_VET6_8chips_raw_stream_20260528_223227.csv,25,25,0,batch_1_100ml.bin,237
100ml,ContainerModel100ml_Tamb24p6C_Tliquid69p8C_LevelclassHigh_VET6_8chips_raw_stream_20260528_223228.bin,ContainerModel100ml_Tamb24p6C_Tliquid69p8C_LevelclassHigh_VET6_8chips_raw_stream_20260528_223228.csv,25,25,0,batch_1_100ml.bin,237
100ml,ContainerModel100ml_Tamb24p6C_Tliquid69p8C_LevelclassHigh_VET6_8chips_raw_stream_20260528_223229.bin,ContainerModel100ml_Tamb24p6C_Tliquid69p8C_LevelclassHigh_VET6_8chips_raw_stream_20260528_223229.csv,23,23,3,batch_1_100ml.bin,237
100ml,ContainerModel100ml_Tamb24p6C_Tliquid69p8C_LevelclassHigh_VET6_8chips_raw_stream_20260528_223230.bin,ContainerModel100ml_Tamb24p6C_Tliquid69p8C_LevelclassHigh_VET6_8chips_raw_stream_20260528_223230.csv,24,24,2,batch_1_100ml.bin,237
100ml,ContainerModel100ml_Tamb24p6C_Tliquid69p8C_LevelclassHigh_VET6_8chips_raw_stream_20260528_223232.bin,ContainerModel100ml_Tamb24p6C_Tliquid69p8C_LevelclassHigh_VET6_8chips_raw_stream_20260528_223232.csv,25,25,2,batch_1_100ml.bin,237
100ml,ContainerModel100ml_Tamb24p6C_Tliquid69p8C_LevelclassHigh_VET6_8chips_raw_stream_20260528_223233.bin,ContainerModel100ml_Tamb24p6C_Tliquid69p8C_LevelclassHigh_VET6_8chips_raw_stream_20260528_223233.csv,25,25,0,batch_1_100ml.bin,237
100ml,ContainerModel100ml_Tamb24p6C_Tliquid69p8C_LevelclassHigh_VET6_8chips_raw_stream_20260528_223234.bin,ContainerModel100ml_Tamb24p6C_Tliquid69p8C_LevelclassHigh_VET6_8chips_raw_stream_20260528_223234.csv,25,25,1,batch_1_100ml.bin,237
100ml,ContainerModel100ml_Tamb24p6C_Tliquid69p8C_LevelclassHigh_VET6_8chips_raw_stream_20260528_223235.bin,ContainerModel100ml_Tamb24p6C_Tliquid69p8C_LevelclassHigh_VET6_8chips_raw_stream_20260528_223235.csv,25,25,0,batch_1_100ml.bin,237
100ml,ContainerModel100ml_Tamb24p6C_Tliquid69p8C_LevelclassLOW_VET6_8chips_raw_stream_20260528_222957.bin,ContainerModel100ml_Tamb24p6C_Tliquid69p8C_LevelclassLOW_VET6_8chips_raw_stream_20260528_222957.csv,24,24,2,batch_1_100ml.bin,237
100ml,ContainerModel100ml_Tamb24p6C_Tliquid69p8C_LevelclassLOW_VET6_8chips_raw_stream_20260528_222959.bin,ContainerModel100ml_Tamb24p6C_Tliquid69p8C_LevelclassLOW_VET6_8chips_raw_stream_20260528_222959.csv,24,24,3,batch_1_100ml.bin,237
100ml,ContainerModel100ml_Tamb24p6C_Tliquid69p8C_LevelclassLOW_VET6_8chips_raw_stream_20260528_223000.bin,ContainerModel100ml_Tamb24p6C_Tliquid69p8C_LevelclassLOW_VET6_8chips_raw_stream_20260528_223000.csv,25,25,0,batch_1_100ml.bin,237
100ml,ContainerModel100ml_Tamb24p6C_Tliquid69p8C_LevelclassLOW_VET6_8chips_raw_stream_20260528_223001.bin,ContainerModel100ml_Tamb24p6C_Tliquid69p8C_LevelclassLOW_VET6_8chips_raw_stream_20260528_223001.csv,24,24,3,batch_1_100ml.bin,237
100ml,ContainerModel100ml_Tamb24p6C_Tliquid69p8C_LevelclassLOW_VET6_8chips_raw_stream_20260528_223002.bin,ContainerModel100ml_Tamb24p6C_Tliquid69p8C_LevelclassLOW_VET6_8chips_raw_stream_20260528_223002.csv,24,24,2,batch_1_100ml.bin,237
100ml,ContainerModel100ml_Tamb24p6C_Tliquid69p8C_LevelclassLOW_VET6_8chips_raw_stream_20260528_223004.bin,ContainerModel100ml_Tamb24p6C_Tliquid69p8C_LevelclassLOW_VET6_8chips_raw_stream_20260528_223004.csv,25,25,0,batch_1_100ml.bin,237
100ml,ContainerModel100ml_Tamb24p6C_Tliquid69p8C_LevelclassLOW_VET6_8chips_raw_stream_20260528_223005.bin,ContainerModel100ml_Tamb24p6C_Tliquid69p8C_LevelclassLOW_VET6_8chips_raw_stream_20260528_223005.csv,23,23,2,batch_1_100ml.bin,237
100ml,ContainerModel100ml_Tamb24p6C_Tliquid69p8C_LevelclassLOW_VET6_8chips_raw_stream_20260528_223006.bin,ContainerModel100ml_Tamb24p6C_Tliquid69p8C_LevelclassLOW_VET6_8chips_raw_stream_20260528_223006.csv,25,25,0,batch_1_100ml.bin,237
100ml,ContainerModel100ml_Tamb24p6C_Tliquid69p8C_LevelclassMid_VET6_8chips_raw_stream_20260528_223105.bin,ContainerModel100ml_Tamb24p6C_Tliquid69p8C_LevelclassMid_VET6_8chips_raw_stream_20260528_223105.csv,22,22,4,batch_1_100ml.bin,237
100ml,ContainerModel100ml_Tamb24p6C_Tliquid69p8C_LevelclassMid_VET6_8chips_raw_stream_20260528_223106.bin,ContainerModel100ml_Tamb24p6C_Tliquid69p8C_LevelclassMid_VET6_8chips_raw_stream_20260528_223106.csv,25,25,0,batch_1_100ml.bin,237
100ml,ContainerModel100ml_Tamb24p6C_Tliquid69p8C_LevelclassMid_VET6_8chips_raw_stream_20260528_223107.bin,ContainerModel100ml_Tamb24p6C_Tliquid69p8C_LevelclassMid_VET6_8chips_raw_stream_20260528_223107.csv,21,21,5,batch_1_100ml.bin,237
100ml,ContainerModel100ml_Tamb24p6C_Tliquid69p8C_LevelclassMid_VET6_8chips_raw_stream_20260528_223108.bin,ContainerModel100ml_Tamb24p6C_Tliquid69p8C_LevelclassMid_VET6_8chips_raw_stream_20260528_223108.csv,23,23,5,batch_1_100ml.bin,237
100ml,ContainerModel100ml_Tamb24p6C_Tliquid69p8C_LevelclassMid_VET6_8chips_raw_stream_20260528_223110.bin,ContainerModel100ml_Tamb24p6C_Tliquid69p8C_LevelclassMid_VET6_8chips_raw_stream_20260528_223110.csv,25,25,1,batch_1_100ml.bin,237
100ml,ContainerModel100ml_Tamb24p6C_Tliquid69p8C_LevelclassMid_VET6_8chips_raw_stream_20260528_223111.bin,ContainerModel100ml_Tamb24p6C_Tliquid69p8C_LevelclassMid_VET6_8chips_raw_stream_20260528_223111.csv,24,24,1,batch_1_100ml.bin,237
100ml,ContainerModel100ml_Tamb24p6C_Tliquid69p8C_LevelclassMid_VET6_8chips_raw_stream_20260528_223112.bin,ContainerModel100ml_Tamb24p6C_Tliquid69p8C_LevelclassMid_VET6_8chips_raw_stream_20260528_223112.csv,24,24,1,batch_1_100ml.bin,237
100ml,ContainerModel100ml_Tamb24p6C_Tliquid69p8C_LevelclassMid_VET6_8chips_raw_stream_20260528_223113.bin,ContainerModel100ml_Tamb24p6C_Tliquid69p8C_LevelclassMid_VET6_8chips_raw_stream_20260528_223113.csv,24,24,1,batch_1_100ml.bin,237
100ml,ContainerModel100ml_Tamb24p6C_Tliquid71p3C_LevelclassHigh_VET6_8chips_raw_stream_20260528_222402.bin,ContainerModel100ml_Tamb24p6C_Tliquid71p3C_LevelclassHigh_VET6_8chips_raw_stream_20260528_222402.csv,25,25,0,batch_1_100ml.bin,237
100ml,ContainerModel100ml_Tamb24p6C_Tliquid71p3C_LevelclassHigh_VET6_8chips_raw_stream_20260528_222403.bin,ContainerModel100ml_Tamb24p6C_Tliquid71p3C_LevelclassHigh_VET6_8chips_raw_stream_20260528_222403.csv,24,24,1,batch_1_100ml.bin,237
100ml,ContainerModel100ml_Tamb24p6C_Tliquid71p3C_LevelclassHigh_VET6_8chips_raw_stream_20260528_222404.bin,ContainerModel100ml_Tamb24p6C_Tliquid71p3C_LevelclassHigh_VET6_8chips_raw_stream_20260528_222404.csv,23,23,2,batch_1_100ml.bin,237
100ml,ContainerModel100ml_Tamb24p6C_Tliquid71p3C_LevelclassHigh_VET6_8chips_raw_stream_20260528_222405.bin,ContainerModel100ml_Tamb24p6C_Tliquid71p3C_LevelclassHigh_VET6_8chips_raw_stream_20260528_222405.csv,22,22,5,batch_1_100ml.bin,237
100ml,ContainerModel100ml_Tamb24p6C_Tliquid71p3C_LevelclassHigh_VET6_8chips_raw_stream_20260528_222406.bin,ContainerModel100ml_Tamb24p6C_Tliquid71p3C_LevelclassHigh_VET6_8chips_raw_stream_20260528_222406.csv,24,24,1,batch_1_100ml.bin,237
100ml,ContainerModel100ml_Tamb24p6C_Tliquid71p3C_LevelclassHigh_VET6_8chips_raw_stream_20260528_222407.bin,ContainerModel100ml_Tamb24p6C_Tliquid71p3C_LevelclassHigh_VET6_8chips_raw_stream_20260528_222407.csv,24,24,1,batch_1_100ml.bin,237
100ml,ContainerModel100ml_Tamb24p6C_Tliquid71p3C_LevelclassHigh_VET6_8chips_raw_stream_20260528_222409.bin,ContainerModel100ml_Tamb24p6C_Tliquid71p3C_LevelclassHigh_VET6_8chips_raw_stream_20260528_222409.csv,24,24,3,batch_1_100ml.bin,237
100ml,ContainerModel100ml_Tamb24p6C_Tliquid71p3C_LevelclassHigh_VET6_8chips_raw_stream_20260528_222410.bin,ContainerModel100ml_Tamb24p6C_Tliquid71p3C_LevelclassHigh_VET6_8chips_raw_stream_20260528_222410.csv,24,24,2,batch_1_100ml.bin,237
100ml,ContainerModel100ml_Tamb24p6C_Tliquid71p3C_LevelclassLOW_VET6_8chips_raw_stream_20260528_222201.bin,ContainerModel100ml_Tamb24p6C_Tliquid71p3C_LevelclassLOW_VET6_8chips_raw_stream_20260528_222201.csv,25,25,0,batch_1_100ml.bin,237
100ml,ContainerModel100ml_Tamb24p6C_Tliquid71p3C_LevelclassLOW_VET6_8chips_raw_stream_20260528_222203.bin,ContainerModel100ml_Tamb24p6C_Tliquid71p3C_LevelclassLOW_VET6_8chips_raw_stream_20260528_222203.csv,24,24,2,batch_1_100ml.bin,237
100ml,ContainerModel100ml_Tamb24p6C_Tliquid71p3C_LevelclassLOW_VET6_8chips_raw_stream_20260528_222204.bin,ContainerModel100ml_Tamb24p6C_Tliquid71p3C_LevelclassLOW_VET6_8chips_raw_stream_20260528_222204.csv,21,21,3,batch_1_100ml.bin,237
100ml,ContainerModel100ml_Tamb24p6C_Tliquid71p3C_LevelclassLOW_VET6_8chips_raw_stream_20260528_222206.bin,ContainerModel100ml_Tamb24p6C_Tliquid71p3C_LevelclassLOW_VET6_8chips_raw_stream_20260528_222206.csv,23,23,1,batch_1_100ml.bin,237
100ml,ContainerModel100ml_Tamb24p6C_Tliquid71p3C_LevelclassLOW_VET6_8chips_raw_stream_20260528_222207.bin,ContainerModel100ml_Tamb24p6C_Tliquid71p3C_LevelclassLOW_VET6_8chips_raw_stream_20260528_222207.csv,24,24,2,batch_1_100ml.bin,237
100ml,ContainerModel100ml_Tamb24p6C_Tliquid71p3C_LevelclassLOW_VET6_8chips_raw_stream_20260528_222208.bin,ContainerModel100ml_Tamb24p6C_Tliquid71p3C_LevelclassLOW_VET6_8chips_raw_stream_20260528_222208.csv,25,25,1,batch_1_100ml.bin,237
100ml,ContainerModel100ml_Tamb24p6C_Tliquid71p3C_LevelclassLOW_VET6_8chips_raw_stream_20260528_222210.bin,ContainerModel100ml_Tamb24p6C_Tliquid71p3C_LevelclassLOW_VET6_8chips_raw_stream_20260528_222210.csv,24,24,1,batch_1_100ml.bin,237
100ml,ContainerModel100ml_Tamb24p6C_Tliquid71p3C_LevelclassLOW_VET6_8chips_raw_stream_20260528_222211.bin,ContainerModel100ml_Tamb24p6C_Tliquid71p3C_LevelclassLOW_VET6_8chips_raw_stream_20260528_222211.csv,23,23,3,batch_1_100ml.bin,237
100ml,ContainerModel100ml_Tamb24p6C_Tliquid71p3C_LevelclassMid_VET6_8chips_raw_stream_20260528_222254.bin,ContainerModel100ml_Tamb24p6C_Tliquid71p3C_LevelclassMid_VET6_8chips_raw_stream_20260528_222254.csv,23,23,1,batch_1_100ml.bin,237
100ml,ContainerModel100ml_Tamb24p6C_Tliquid71p3C_LevelclassMid_VET6_8chips_raw_stream_20260528_222256.bin,ContainerModel100ml_Tamb24p6C_Tliquid71p3C_LevelclassMid_VET6_8chips_raw_stream_20260528_222256.csv,24,24,2,batch_1_100ml.bin,237
100ml,ContainerModel100ml_Tamb24p6C_Tliquid71p3C_LevelclassMid_VET6_8chips_raw_stream_20260528_222257.bin,ContainerModel100ml_Tamb24p6C_Tliquid71p3C_LevelclassMid_VET6_8chips_raw_stream_20260528_222257.csv,22,22,4,batch_1_100ml.bin,237
100ml,ContainerModel100ml_Tamb24p6C_Tliquid71p3C_LevelclassMid_VET6_8chips_raw_stream_20260528_222258.bin,ContainerModel100ml_Tamb24p6C_Tliquid71p3C_LevelclassMid_VET6_8chips_raw_stream_20260528_222258.csv,23,23,1,batch_1_100ml.bin,237
100ml,ContainerModel100ml_Tamb24p6C_Tliquid71p3C_LevelclassMid_VET6_8chips_raw_stream_20260528_222259.bin,ContainerModel100ml_Tamb24p6C_Tliquid71p3C_LevelclassMid_VET6_8chips_raw_stream_20260528_222259.csv,20,20,5,batch_1_100ml.bin,237
100ml,ContainerModel100ml_Tamb24p6C_Tliquid71p3C_LevelclassMid_VET6_8chips_raw_stream_20260528_222300.bin,ContainerModel100ml_Tamb24p6C_Tliquid71p3C_LevelclassMid_VET6_8chips_raw_stream_20260528_222300.csv,25,25,0,batch_1_100ml.bin,237
100ml,ContainerModel100ml_Tamb24p6C_Tliquid71p3C_LevelclassMid_VET6_8chips_raw_stream_20260528_222302.bin,ContainerModel100ml_Tamb24p6C_Tliquid71p3C_LevelclassMid_VET6_8chips_raw_stream_20260528_222302.csv,24,24,2,batch_1_100ml.bin,237
100ml,ContainerModel100ml_Tamb24p6C_Tliquid71p3C_LevelclassMid_VET6_8chips_raw_stream_20260528_222303.bin,ContainerModel100ml_Tamb24p6C_Tliquid71p3C_LevelclassMid_VET6_8chips_raw_stream_20260528_222303.csv,24,24,1,batch_1_100ml.bin,237
15ml,ContainerModel15ml_Tamb24p6C_Tliquid45p9C_LevelclassMid_VET6_8chips_raw_stream_20260528_233942.bin,ContainerModel15ml_Tamb24p6C_Tliquid45p9C_LevelclassMid_VET6_8chips_raw_stream_20260528_233942.csv,24,24,2,batch_2_15ml.bin,237
15ml,ContainerModel15ml_Tamb24p6C_Tliquid45p9C_LevelclassMid_VET6_8chips_raw_stream_20260528_233943.bin,ContainerModel15ml_Tamb24p6C_Tliquid45p9C_LevelclassMid_VET6_8chips_raw_stream_20260528_233943.csv,23,23,5,batch_2_15ml.bin,237
15ml,ContainerModel15ml_Tamb24p6C_Tliquid45p9C_LevelclassMid_VET6_8chips_raw_stream_20260528_233944.bin,ContainerModel15ml_Tamb24p6C_Tliquid45p9C_LevelclassMid_VET6_8chips_raw_stream_20260528_233944.csv,24,24,2,batch_2_15ml.bin,237
15ml,ContainerModel15ml_Tamb24p6C_Tliquid45p9C_LevelclassMid_VET6_8chips_raw_stream_20260528_233945.bin,ContainerModel15ml_Tamb24p6C_Tliquid45p9C_LevelclassMid_VET6_8chips_raw_stream_20260528_233945.csv,24,24,2,batch_2_15ml.bin,237
15ml,ContainerModel15ml_Tamb24p6C_Tliquid45p9C_LevelclassMid_VET6_8chips_raw_stream_20260528_233947.bin,ContainerModel15ml_Tamb24p6C_Tliquid45p9C_LevelclassMid_VET6_8chips_raw_stream_20260528_233947.csv,24,24,3,batch_2_15ml.bin,237
15ml,ContainerModel15ml_Tamb24p6C_Tliquid45p9C_LevelclassMid_VET6_8chips_raw_stream_20260528_233948.bin,ContainerModel15ml_Tamb24p6C_Tliquid45p9C_LevelclassMid_VET6_8chips_raw_stream_20260528_233948.csv,22,22,2,batch_2_15ml.bin,237
15ml,ContainerModel15ml_Tamb24p6C_Tliquid45p9C_LevelclassMid_VET6_8chips_raw_stream_20260528_233949.bin,ContainerModel15ml_Tamb24p6C_Tliquid45p9C_LevelclassMid_VET6_8chips_raw_stream_20260528_233949.csv,24,24,0,batch_2_15ml.bin,237
15ml,ContainerModel15ml_Tamb24p6C_Tliquid45p9C_LevelclassMid_VET6_8chips_raw_stream_20260528_233951.bin,ContainerModel15ml_Tamb24p6C_Tliquid45p9C_LevelclassMid_VET6_8chips_raw_stream_20260528_233951.csv,24,24,2,batch_2_15ml.bin,237
15ml,ContainerModel15ml_Tamb24p6C_Tliquid50p3C_LevelclassHigh_VET6_8chips_raw_stream_20260528_233154.bin,ContainerModel15ml_Tamb24p6C_Tliquid50p3C_LevelclassHigh_VET6_8chips_raw_stream_20260528_233154.csv,24,24,2,batch_2_15ml.bin,237
15ml,ContainerModel15ml_Tamb24p6C_Tliquid50p3C_LevelclassHigh_VET6_8chips_raw_stream_20260528_233156.bin,ContainerModel15ml_Tamb24p6C_Tliquid50p3C_LevelclassHigh_VET6_8chips_raw_stream_20260528_233156.csv,24,24,3,batch_2_15ml.bin,237
15ml,ContainerModel15ml_Tamb24p6C_Tliquid50p3C_LevelclassHigh_VET6_8chips_raw_stream_20260528_233157.bin,ContainerModel15ml_Tamb24p6C_Tliquid50p3C_LevelclassHigh_VET6_8chips_raw_stream_20260528_233157.csv,25,25,0,batch_2_15ml.bin,237
15ml,ContainerModel15ml_Tamb24p6C_Tliquid50p3C_LevelclassHigh_VET6_8chips_raw_stream_20260528_233158.bin,ContainerModel15ml_Tamb24p6C_Tliquid50p3C_LevelclassHigh_VET6_8chips_raw_stream_20260528_233158.csv,25,25,1,batch_2_15ml.bin,237
15ml,ContainerModel15ml_Tamb24p6C_Tliquid50p3C_LevelclassHigh_VET6_8chips_raw_stream_20260528_233200.bin,ContainerModel15ml_Tamb24p6C_Tliquid50p3C_LevelclassHigh_VET6_8chips_raw_stream_20260528_233200.csv,23,23,2,batch_2_15ml.bin,237
15ml,ContainerModel15ml_Tamb24p6C_Tliquid50p3C_LevelclassHigh_VET6_8chips_raw_stream_20260528_233201.bin,ContainerModel15ml_Tamb24p6C_Tliquid50p3C_LevelclassHigh_VET6_8chips_raw_stream_20260528_233201.csv,22,22,3,batch_2_15ml.bin,237
15ml,ContainerModel15ml_Tamb24p6C_Tliquid50p3C_LevelclassHigh_VET6_8chips_raw_stream_20260528_233203.bin,ContainerModel15ml_Tamb24p6C_Tliquid50p3C_LevelclassHigh_VET6_8chips_raw_stream_20260528_233203.csv,24,24,2,batch_2_15ml.bin,237
15ml,ContainerModel15ml_Tamb24p6C_Tliquid50p3C_LevelclassHigh_VET6_8chips_raw_stream_20260528_233204.bin,ContainerModel15ml_Tamb24p6C_Tliquid50p3C_LevelclassHigh_VET6_8chips_raw_stream_20260528_233204.csv,23,23,3,batch_2_15ml.bin,237
15ml,ContainerModel15ml_Tamb24p6C_Tliquid50p3C_LevelclassHigh_VET6_8chips_raw_stream_20260528_233752.bin,ContainerModel15ml_Tamb24p6C_Tliquid50p3C_LevelclassHigh_VET6_8chips_raw_stream_20260528_233752.csv,23,23,3,batch_2_15ml.bin,237
15ml,ContainerModel15ml_Tamb24p6C_Tliquid50p3C_LevelclassHigh_VET6_8chips_raw_stream_20260528_233753.bin,ContainerModel15ml_Tamb24p6C_Tliquid50p3C_LevelclassHigh_VET6_8chips_raw_stream_20260528_233753.csv,23,23,3,batch_2_15ml.bin,237
15ml,ContainerModel15ml_Tamb24p6C_Tliquid50p3C_LevelclassHigh_VET6_8chips_raw_stream_20260528_233754.bin,ContainerModel15ml_Tamb24p6C_Tliquid50p3C_LevelclassHigh_VET6_8chips_raw_stream_20260528_233754.csv,23,23,1,batch_2_15ml.bin,237
15ml,ContainerModel15ml_Tamb24p6C_Tliquid50p3C_LevelclassHigh_VET6_8chips_raw_stream_20260528_233756.bin,ContainerModel15ml_Tamb24p6C_Tliquid50p3C_LevelclassHigh_VET6_8chips_raw_stream_20260528_233756.csv,24,24,4,batch_2_15ml.bin,237
15ml,ContainerModel15ml_Tamb24p6C_Tliquid50p3C_LevelclassHigh_VET6_8chips_raw_stream_20260528_233757.bin,ContainerModel15ml_Tamb24p6C_Tliquid50p3C_LevelclassHigh_VET6_8chips_raw_stream_20260528_233757.csv,21,21,6,batch_2_15ml.bin,237
15ml,ContainerModel15ml_Tamb24p6C_Tliquid50p3C_LevelclassHigh_VET6_8chips_raw_stream_20260528_233758.bin,ContainerModel15ml_Tamb24p6C_Tliquid50p3C_LevelclassHigh_VET6_8chips_raw_stream_20260528_233758.csv,24,24,2,batch_2_15ml.bin,237
15ml,ContainerModel15ml_Tamb24p6C_Tliquid50p3C_LevelclassHigh_VET6_8chips_raw_stream_20260528_233800.bin,ContainerModel15ml_Tamb24p6C_Tliquid50p3C_LevelclassHigh_VET6_8chips_raw_stream_20260528_233800.csv,25,25,1,batch_2_15ml.bin,237
15ml,ContainerModel15ml_Tamb24p6C_Tliquid50p3C_LevelclassHigh_VET6_8chips_raw_stream_20260528_233801.bin,ContainerModel15ml_Tamb24p6C_Tliquid50p3C_LevelclassHigh_VET6_8chips_raw_stream_20260528_233801.csv,24,24,2,batch_2_15ml.bin,237
15ml,ContainerModel15ml_Tamb24p6C_Tliquid50p3C_LevelclassLOW_VET6_8chips_raw_stream_20260528_232931.bin,ContainerModel15ml_Tamb24p6C_Tliquid50p3C_LevelclassLOW_VET6_8chips_raw_stream_20260528_232931.csv,23,23,3,batch_2_15ml.bin,237
15ml,ContainerModel15ml_Tamb24p6C_Tliquid50p3C_LevelclassLOW_VET6_8chips_raw_stream_20260528_232933.bin,ContainerModel15ml_Tamb24p6C_Tliquid50p3C_LevelclassLOW_VET6_8chips_raw_stream_20260528_232933.csv,24,24,2,batch_2_15ml.bin,237
15ml,ContainerModel15ml_Tamb24p6C_Tliquid50p3C_LevelclassLOW_VET6_8chips_raw_stream_20260528_232934.bin,ContainerModel15ml_Tamb24p6C_Tliquid50p3C_LevelclassLOW_VET6_8chips_raw_stream_20260528_232934.csv,24,24,0,batch_2_15ml.bin,237
15ml,ContainerModel15ml_Tamb24p6C_Tliquid50p3C_LevelclassLOW_VET6_8chips_raw_stream_20260528_232935.bin,ContainerModel15ml_Tamb24p6C_Tliquid50p3C_LevelclassLOW_VET6_8chips_raw_stream_20260528_232935.csv,24,24,2,batch_2_15ml.bin,237
15ml,ContainerModel15ml_Tamb24p6C_Tliquid50p3C_LevelclassLOW_VET6_8chips_raw_stream_20260528_232937.bin,ContainerModel15ml_Tamb24p6C_Tliquid50p3C_LevelclassLOW_VET6_8chips_raw_stream_20260528_232937.csv,23,23,2,batch_2_15ml.bin,237
15ml,ContainerModel15ml_Tamb24p6C_Tliquid50p3C_LevelclassLOW_VET6_8chips_raw_stream_20260528_232938.bin,ContainerModel15ml_Tamb24p6C_Tliquid50p3C_LevelclassLOW_VET6_8chips_raw_stream_20260528_232938.csv,24,24,2,batch_2_15ml.bin,237
15ml,ContainerModel15ml_Tamb24p6C_Tliquid50p3C_LevelclassLOW_VET6_8chips_raw_stream_20260528_232939.bin,ContainerModel15ml_Tamb24p6C_Tliquid50p3C_LevelclassLOW_VET6_8chips_raw_stream_20260528_232939.csv,24,24,4,batch_2_15ml.bin,237
15ml,ContainerModel15ml_Tamb24p6C_Tliquid50p3C_LevelclassLOW_VET6_8chips_raw_stream_20260528_232941.bin,ContainerModel15ml_Tamb24p6C_Tliquid50p3C_LevelclassLOW_VET6_8chips_raw_stream_20260528_232941.csv,23,23,3,batch_2_15ml.bin,237
15ml,ContainerModel15ml_Tamb24p6C_Tliquid50p3C_LevelclassLOW_VET6_8chips_raw_stream_20260528_233601.bin,ContainerModel15ml_Tamb24p6C_Tliquid50p3C_LevelclassLOW_VET6_8chips_raw_stream_20260528_233601.csv,23,23,3,batch_2_15ml.bin,237
15ml,ContainerModel15ml_Tamb24p6C_Tliquid50p3C_LevelclassMid_VET6_8chips_raw_stream_20260528_233030.bin,ContainerModel15ml_Tamb24p6C_Tliquid50p3C_LevelclassMid_VET6_8chips_raw_stream_20260528_233030.csv,24,24,2,batch_2_15ml.bin,237
15ml,ContainerModel15ml_Tamb24p6C_Tliquid50p3C_LevelclassMid_VET6_8chips_raw_stream_20260528_233031.bin,ContainerModel15ml_Tamb24p6C_Tliquid50p3C_LevelclassMid_VET6_8chips_raw_stream_20260528_233031.csv,24,24,2,batch_2_15ml.bin,237
15ml,ContainerModel15ml_Tamb24p6C_Tliquid50p3C_LevelclassMid_VET6_8chips_raw_stream_20260528_233032.bin,ContainerModel15ml_Tamb24p6C_Tliquid50p3C_LevelclassMid_VET6_8chips_raw_stream_20260528_233032.csv,24,24,2,batch_2_15ml.bin,237
15ml,ContainerModel15ml_Tamb24p6C_Tliquid50p3C_LevelclassMid_VET6_8chips_raw_stream_20260528_233034.bin,ContainerModel15ml_Tamb24p6C_Tliquid50p3C_LevelclassMid_VET6_8chips_raw_stream_20260528_233034.csv,24,24,2,batch_2_15ml.bin,237
15ml,ContainerModel15ml_Tamb24p6C_Tliquid50p3C_LevelclassMid_VET6_8chips_raw_stream_20260528_233035.bin,ContainerModel15ml_Tamb24p6C_Tliquid50p3C_LevelclassMid_VET6_8chips_raw_stream_20260528_233035.csv,24,24,1,batch_2_15ml.bin,237
15ml,ContainerModel15ml_Tamb24p6C_Tliquid50p3C_LevelclassMid_VET6_8chips_raw_stream_20260528_233036.bin,ContainerModel15ml_Tamb24p6C_Tliquid50p3C_LevelclassMid_VET6_8chips_raw_stream_20260528_233036.csv,23,23,4,batch_2_15ml.bin,237
15ml,ContainerModel15ml_Tamb24p6C_Tliquid50p3C_LevelclassMid_VET6_8chips_raw_stream_20260528_233037.bin,ContainerModel15ml_Tamb24p6C_Tliquid50p3C_LevelclassMid_VET6_8chips_raw_stream_20260528_233037.csv,25,25,0,batch_2_15ml.bin,237
15ml,ContainerModel15ml_Tamb24p6C_Tliquid50p3C_LevelclassMid_VET6_8chips_raw_stream_20260528_233039.bin,ContainerModel15ml_Tamb24p6C_Tliquid50p3C_LevelclassMid_VET6_8chips_raw_stream_20260528_233039.csv,23,23,6,batch_2_15ml.bin,237
15ml,ContainerModel15ml_Tamb24p6C_Tliquid54p2C_LevelclassHigh_VET6_8chips_raw_stream_20260529_000016.bin,ContainerModel15ml_Tamb24p6C_Tliquid54p2C_LevelclassHigh_VET6_8chips_raw_stream_20260529_000016.csv,25,25,1,batch_2_15ml.bin,237
15ml,ContainerModel15ml_Tamb24p6C_Tliquid54p2C_LevelclassHigh_VET6_8chips_raw_stream_20260529_000017.bin,ContainerModel15ml_Tamb24p6C_Tliquid54p2C_LevelclassHigh_VET6_8chips_raw_stream_20260529_000017.csv,24,24,1,batch_2_15ml.bin,237
15ml,ContainerModel15ml_Tamb24p6C_Tliquid54p2C_LevelclassHigh_VET6_8chips_raw_stream_20260529_000019.bin,ContainerModel15ml_Tamb24p6C_Tliquid54p2C_LevelclassHigh_VET6_8chips_raw_stream_20260529_000019.csv,23,23,3,batch_2_15ml.bin,237
15ml,ContainerModel15ml_Tamb24p6C_Tliquid54p2C_LevelclassHigh_VET6_8chips_raw_stream_20260529_000020.bin,ContainerModel15ml_Tamb24p6C_Tliquid54p2C_LevelclassHigh_VET6_8chips_raw_stream_20260529_000020.csv,25,25,0,batch_2_15ml.bin,237
15ml,ContainerModel15ml_Tamb24p6C_Tliquid54p2C_LevelclassHigh_VET6_8chips_raw_stream_20260529_000022.bin,ContainerModel15ml_Tamb24p6C_Tliquid54p2C_LevelclassHigh_VET6_8chips_raw_stream_20260529_000022.csv,25,25,1,batch_2_15ml.bin,237
15ml,ContainerModel15ml_Tamb24p6C_Tliquid54p2C_LevelclassHigh_VET6_8chips_raw_stream_20260529_000023.bin,ContainerModel15ml_Tamb24p6C_Tliquid54p2C_LevelclassHigh_VET6_8chips_raw_stream_20260529_000023.csv,23,23,1,batch_2_15ml.bin,237
15ml,ContainerModel15ml_Tamb24p6C_Tliquid54p2C_LevelclassHigh_VET6_8chips_raw_stream_20260529_000025.bin,ContainerModel15ml_Tamb24p6C_Tliquid54p2C_LevelclassHigh_VET6_8chips_raw_stream_20260529_000025.csv,24,24,0,batch_2_15ml.bin,237
15ml,ContainerModel15ml_Tamb24p6C_Tliquid54p2C_LevelclassHigh_VET6_8chips_raw_stream_20260529_000026.bin,ContainerModel15ml_Tamb24p6C_Tliquid54p2C_LevelclassHigh_VET6_8chips_raw_stream_20260529_000026.csv,25,25,0,batch_2_15ml.bin,237
15ml,ContainerModel15ml_Tamb24p6C_Tliquid54p2C_LevelclassLOW_VET6_8chips_raw_stream_20260528_235823.bin,ContainerModel15ml_Tamb24p6C_Tliquid54p2C_LevelclassLOW_VET6_8chips_raw_stream_20260528_235823.csv,23,23,2,batch_2_15ml.bin,237
15ml,ContainerModel15ml_Tamb24p6C_Tliquid54p2C_LevelclassLOW_VET6_8chips_raw_stream_20260528_235824.bin,ContainerModel15ml_Tamb24p6C_Tliquid54p2C_LevelclassLOW_VET6_8chips_raw_stream_20260528_235824.csv,23,23,2,batch_2_15ml.bin,237
15ml,ContainerModel15ml_Tamb24p6C_Tliquid54p2C_LevelclassLOW_VET6_8chips_raw_stream_20260528_235825.bin,ContainerModel15ml_Tamb24p6C_Tliquid54p2C_LevelclassLOW_VET6_8chips_raw_stream_20260528_235825.csv,25,25,1,batch_2_15ml.bin,237
15ml,ContainerModel15ml_Tamb24p6C_Tliquid54p2C_LevelclassLOW_VET6_8chips_raw_stream_20260528_235826.bin,ContainerModel15ml_Tamb24p6C_Tliquid54p2C_LevelclassLOW_VET6_8chips_raw_stream_20260528_235826.csv,23,23,3,batch_2_15ml.bin,237
15ml,ContainerModel15ml_Tamb24p6C_Tliquid54p2C_LevelclassLOW_VET6_8chips_raw_stream_20260528_235828.bin,ContainerModel15ml_Tamb24p6C_Tliquid54p2C_LevelclassLOW_VET6_8chips_raw_stream_20260528_235828.csv,25,25,1,batch_2_15ml.bin,237
15ml,ContainerModel15ml_Tamb24p6C_Tliquid54p2C_LevelclassLOW_VET6_8chips_raw_stream_20260528_235829.bin,ContainerModel15ml_Tamb24p6C_Tliquid54p2C_LevelclassLOW_VET6_8chips_raw_stream_20260528_235829.csv,25,25,0,batch_2_15ml.bin,237
15ml,ContainerModel15ml_Tamb24p6C_Tliquid54p2C_LevelclassLOW_VET6_8chips_raw_stream_20260528_235830.bin,ContainerModel15ml_Tamb24p6C_Tliquid54p2C_LevelclassLOW_VET6_8chips_raw_stream_20260528_235830.csv,25,25,0,batch_2_15ml.bin,237
15ml,ContainerModel15ml_Tamb24p6C_Tliquid54p2C_LevelclassLOW_VET6_8chips_raw_stream_20260528_235832.bin,ContainerModel15ml_Tamb24p6C_Tliquid54p2C_LevelclassLOW_VET6_8chips_raw_stream_20260528_235832.csv,24,24,2,batch_2_15ml.bin,237
15ml,ContainerModel15ml_Tamb24p6C_Tliquid54p2C_LevelclassMid_VET6_8chips_raw_stream_20260529_000243.bin,ContainerModel15ml_Tamb24p6C_Tliquid54p2C_LevelclassMid_VET6_8chips_raw_stream_20260529_000243.csv,24,24,2,batch_2_15ml.bin,237
15ml,ContainerModel15ml_Tamb24p6C_Tliquid54p2C_LevelclassMid_VET6_8chips_raw_stream_20260529_000244.bin,ContainerModel15ml_Tamb24p6C_Tliquid54p2C_LevelclassMid_VET6_8chips_raw_stream_20260529_000244.csv,24,24,3,batch_2_15ml.bin,237
15ml,ContainerModel15ml_Tamb24p6C_Tliquid54p2C_LevelclassMid_VET6_8chips_raw_stream_20260529_000246.bin,ContainerModel15ml_Tamb24p6C_Tliquid54p2C_LevelclassMid_VET6_8chips_raw_stream_20260529_000246.csv,25,25,1,batch_2_15ml.bin,237
15ml,ContainerModel15ml_Tamb24p6C_Tliquid54p2C_LevelclassMid_VET6_8chips_raw_stream_20260529_000248.bin,ContainerModel15ml_Tamb24p6C_Tliquid54p2C_LevelclassMid_VET6_8chips_raw_stream_20260529_000248.csv,23,23,2,batch_2_15ml.bin,237
15ml,ContainerModel15ml_Tamb24p6C_Tliquid54p2C_LevelclassMid_VET6_8chips_raw_stream_20260529_000249.bin,ContainerModel15ml_Tamb24p6C_Tliquid54p2C_LevelclassMid_VET6_8chips_raw_stream_20260529_000249.csv,23,23,3,batch_2_15ml.bin,237
15ml,ContainerModel15ml_Tamb24p6C_Tliquid54p2C_LevelclassMid_VET6_8chips_raw_stream_20260529_000251.bin,ContainerModel15ml_Tamb24p6C_Tliquid54p2C_LevelclassMid_VET6_8chips_raw_stream_20260529_000251.csv,24,24,3,batch_2_15ml.bin,237
15ml,ContainerModel15ml_Tamb24p6C_Tliquid54p2C_LevelclassMid_VET6_8chips_raw_stream_20260529_000252.bin,ContainerModel15ml_Tamb24p6C_Tliquid54p2C_LevelclassMid_VET6_8chips_raw_stream_20260529_000252.csv,25,25,1,batch_2_15ml.bin,237
15ml,ContainerModel15ml_Tamb24p6C_Tliquid54p2C_LevelclassMid_VET6_8chips_raw_stream_20260529_000253.bin,ContainerModel15ml_Tamb24p6C_Tliquid54p2C_LevelclassMid_VET6_8chips_raw_stream_20260529_000253.csv,23,23,2,batch_2_15ml.bin,237
15ml,ContainerModel15ml_Tamb24p6C_Tliquid54p2C_LevelclassMid_VET6_8chips_raw_stream_20260529_000254.bin,ContainerModel15ml_Tamb24p6C_Tliquid54p2C_LevelclassMid_VET6_8chips_raw_stream_20260529_000254.csv,24,24,2,batch_2_15ml.bin,237
15ml,ContainerModel15ml_Tamb24p6C_Tliquid54p2C_LevelclassMid_VET6_8chips_raw_stream_20260529_000256.bin,ContainerModel15ml_Tamb24p6C_Tliquid54p2C_LevelclassMid_VET6_8chips_raw_stream_20260529_000256.csv,25,25,2,batch_2_15ml.bin,237
15ml,ContainerModel15ml_Tamb24p6C_Tliquid62p3C_LevelclassHigh_VET6_8chips_raw_stream_20260528_232532.bin,ContainerModel15ml_Tamb24p6C_Tliquid62p3C_LevelclassHigh_VET6_8chips_raw_stream_20260528_232532.csv,25,25,1,batch_2_15ml.bin,237
15ml,ContainerModel15ml_Tamb24p6C_Tliquid62p3C_LevelclassHigh_VET6_8chips_raw_stream_20260528_232533.bin,ContainerModel15ml_Tamb24p6C_Tliquid62p3C_LevelclassHigh_VET6_8chips_raw_stream_20260528_232533.csv,25,25,2,batch_2_15ml.bin,237
15ml,ContainerModel15ml_Tamb24p6C_Tliquid62p3C_LevelclassHigh_VET6_8chips_raw_stream_20260528_232534.bin,ContainerModel15ml_Tamb24p6C_Tliquid62p3C_LevelclassHigh_VET6_8chips_raw_stream_20260528_232534.csv,24,24,3,batch_2_15ml.bin,237
15ml,ContainerModel15ml_Tamb24p6C_Tliquid62p3C_LevelclassHigh_VET6_8chips_raw_stream_20260528_232535.bin,ContainerModel15ml_Tamb24p6C_Tliquid62p3C_LevelclassHigh_VET6_8chips_raw_stream_20260528_232535.csv,25,25,1,batch_2_15ml.bin,237
15ml,ContainerModel15ml_Tamb24p6C_Tliquid62p3C_LevelclassHigh_VET6_8chips_raw_stream_20260528_232537.bin,ContainerModel15ml_Tamb24p6C_Tliquid62p3C_LevelclassHigh_VET6_8chips_raw_stream_20260528_232537.csv,24,24,3,batch_2_15ml.bin,237
15ml,ContainerModel15ml_Tamb24p6C_Tliquid62p3C_LevelclassHigh_VET6_8chips_raw_stream_20260528_232538.bin,ContainerModel15ml_Tamb24p6C_Tliquid62p3C_LevelclassHigh_VET6_8chips_raw_stream_20260528_232538.csv,24,24,3,batch_2_15ml.bin,237
15ml,ContainerModel15ml_Tamb24p6C_Tliquid62p3C_LevelclassHigh_VET6_8chips_raw_stream_20260528_232539.bin,ContainerModel15ml_Tamb24p6C_Tliquid62p3C_LevelclassHigh_VET6_8chips_raw_stream_20260528_232539.csv,24,24,1,batch_2_15ml.bin,237
15ml,ContainerModel15ml_Tamb24p6C_Tliquid62p3C_LevelclassHigh_VET6_8chips_raw_stream_20260528_232540.bin,ContainerModel15ml_Tamb24p6C_Tliquid62p3C_LevelclassHigh_VET6_8chips_raw_stream_20260528_232540.csv,24,24,1,batch_2_15ml.bin,237
15ml,ContainerModel15ml_Tamb24p6C_Tliquid62p3C_LevelclassMid_VET6_8chips_raw_stream_20260528_232322.bin,ContainerModel15ml_Tamb24p6C_Tliquid62p3C_LevelclassMid_VET6_8chips_raw_stream_20260528_232322.csv,23,23,3,batch_2_15ml.bin,237
15ml,ContainerModel15ml_Tamb24p6C_Tliquid62p3C_LevelclassMid_VET6_8chips_raw_stream_20260528_232323.bin,ContainerModel15ml_Tamb24p6C_Tliquid62p3C_LevelclassMid_VET6_8chips_raw_stream_20260528_232323.csv,23,23,2,batch_2_15ml.bin,237
15ml,ContainerModel15ml_Tamb24p6C_Tliquid62p3C_LevelclassMid_VET6_8chips_raw_stream_20260528_232324.bin,ContainerModel15ml_Tamb24p6C_Tliquid62p3C_LevelclassMid_VET6_8chips_raw_stream_20260528_232324.csv,25,25,0,batch_2_15ml.bin,237
15ml,ContainerModel15ml_Tamb24p6C_Tliquid62p3C_LevelclassMid_VET6_8chips_raw_stream_20260528_232326.bin,ContainerModel15ml_Tamb24p6C_Tliquid62p3C_LevelclassMid_VET6_8chips_raw_stream_20260528_232326.csv,25,25,0,batch_2_15ml.bin,237
15ml,ContainerModel15ml_Tamb24p6C_Tliquid62p3C_LevelclassMid_VET6_8chips_raw_stream_20260528_232327.bin,ContainerModel15ml_Tamb24p6C_Tliquid62p3C_LevelclassMid_VET6_8chips_raw_stream_20260528_232327.csv,24,24,2,batch_2_15ml.bin,237
15ml,ContainerModel15ml_Tamb24p6C_Tliquid62p3C_LevelclassMid_VET6_8chips_raw_stream_20260528_232328.bin,ContainerModel15ml_Tamb24p6C_Tliquid62p3C_LevelclassMid_VET6_8chips_raw_stream_20260528_232328.csv,25,25,1,batch_2_15ml.bin,237
15ml,ContainerModel15ml_Tamb24p6C_Tliquid62p3C_LevelclassMid_VET6_8chips_raw_stream_20260528_232329.bin,ContainerModel15ml_Tamb24p6C_Tliquid62p3C_LevelclassMid_VET6_8chips_raw_stream_20260528_232329.csv,23,23,1,batch_2_15ml.bin,237
15ml,ContainerModel15ml_Tamb24p6C_Tliquid62p3C_LevelclassMid_VET6_8chips_raw_stream_20260528_232330.bin,ContainerModel15ml_Tamb24p6C_Tliquid62p3C_LevelclassMid_VET6_8chips_raw_stream_20260528_232330.csv,24,24,2,batch_2_15ml.bin,237
