Index,R0_C0,R0_C1,R0_C2,R0_C3,R0_C4,R0_C5,R1_C0,R1_C1,R1_C2,R1_C3,R1_C4,R1_C5,R2_C0,R2_C1,R2_C2,R2_C3,R2_C4,R2_C5,R3_C0,R3_C1,R3_C2,R3_C3,R3_C4,R3_C5,R4_C0,R4_C1,R4_C2,R4_C3,R4_C4,R4_C5,R5_C0,R5_C1,R5_C2,R5_C3,R5_C4,R5_C5,VGND
0,-5,8,3,4,-2,2,-6,9,2,4,0,2,-7,9,1,4,-1,4,-4,9,1,3,-1,1,-5,8,2,3,-2,4,-3,7,3,1,0,4,-1
1,-7,7,1,4,-1,2,-5,6,0,4,-2,3,-6,7,2,1,-3,3,-5,6,2,4,-1,2,-5,8,1,3,0,2,-4,6,3,2,0,3,1
2,-4,9,3,4,-2,3,-6,8,3,4,-1,1,-6,9,2,3,-3,4,-4,7,2,4,-1,4,-5,7,2,2,-1,3,-5,8,3,2,-2,4,-2
3,-5,7,1,4,-4,1,-5,8,3,5,-2,3,-5,6,2,3,-1,4,-4,6,2,2,0,1,-5,8,4,3,-3,5,-5,8,0,4,0,3,1
4,-5,6,2,3,-1,1,-3,7,0,3,-1,5,-4,8,3,2,-2,4,-3,7,2,4,-2,2,-4,8,0,2,-3,5,-5,7,0,2,-3,2,1
5,-7,8,1,3,-2,4,-3,9,1,3,-3,1,-5,6,3,2,0,3,-4,9,1,3,0,4,-5,9,3,1,-4,3,-5,9,3,2,1,3,-1
6,-6,8,2,5,0,2,-5,7,1,4,0,3,-7,7,2,3,-3,4,-5,8,4,3,-1,2,-4,9,2,3,1,1,-5,8,3,6,-3,1,-2
7,-4,6,3,4,-2,4,-7,8,1,5,-2,1,-5,6,2,4,-3,2,-4,6,4,2,-1,1,-5,7,1,3,0,3,-7,8,3,3,-1,4,-2
8,-5,9,2,4,-1,4,-4,8,2,4,-1,2,-5,6,1,4,-3,4,-5,7,0,3,0,4,-5,6,0,4,-2,1,-5,7,2,4,-2,5,0
9,-6,8,0,6,-1,4,-5,8,0,2,-2,4,-5,9,4,4,0,3,-4,10,2,2,-4,4,-7,8,2,3,-3,1,-6,7,4,4,0,3,-1
10,-5,9,3,2,-1,3,-4,6,3,3,-1,1,-5,8,2,1,0,1,-5,7,1,4,-3,3,-5,7,2,4,-3,3,-5,7,2,1,0,4,-1
11,-6,9,1,4,-2,4,-5,9,1,4,-3,1,-4,9,1,4,-3,1,-5,8,2,3,-3,1,-5,6,2,2,-3,2,-6,6,3,5,-3,2,-2
12,-4,8,1,3,0,2,-5,6,3,4,0,2,-4,6,3,3,0,2,-6,8,0,2,-1,2,-4,8,1,4,-2,3,-7,6,2,5,0,1,-2
13,-3,8,0,1,-2,4,-6,6,3,4,0,1,-2,8,3,4,0,3,-7,7,0,1,0,1,-4,9,3,3,0,4,-3,7,3,4,0,2,1
14,-5,8,3,3,-1,3,-5,9,0,2,-2,1,-5,7,3,1,0,2,-5,9,1,2,1,2,-5,7,3,2,-3,3,-7,6,2,4,-2,1,-1
15,-5,9,1,4,0,3,-5,6,3,3,-2,4,-3,6,4,4,-2,2,-5,8,3,4,0,5,-5,8,3,1,0,2,-6,9,3,2,0,3,-1
16,-5,8,3,4,0,2,-5,8,3,3,-3,4,-6,8,1,3,-2,3,-5,6,1,2,-2,1,-5,6,3,1,-1,1,-4,6,0,1,1,2,-1
17,-6,9,2,3,0,3,-4,6,1,3,0,3,-5,7,1,2,-1,2,-6,7,3,2,0,4,-3,6,3,4,0,3,-4,6,1,3,-3,3,-2
18,-7,8,2,4,-2,2,-4,9,2,3,-1,0,-7,8,2,5,-2,4,-7,7,2,3,-2,4,-4,6,0,3,-1,2,-5,8,0,1,-2,3,0
19,-5,9,1,0,1,3,-7,9,3,1,-1,4,-4,7,1,2,-2,3,-4,7,3,3,-2,4,-3,10,2,2,-3,2,-5,8,5,5,-3,0,-1
20,-5,6,3,4,-2,1,-6,8,4,4,-3,1,-5,7,3,2,-2,2,-3,9,3,3,-1,2,-5,6,3,4,-3,6,-5,8,0,4,-1,1,-3
21,-5,8,0,5,-1,3,-5,6,2,3,0,1,-4,8,1,1,-3,1,-5,8,3,4,0,3,-5,9,1,3,-3,1,-6,7,3,4,-3,2,0
22,-5,8,2,2,-2,3,-5,7,3,3,-3,1,-5,8,1,4,0,2,-5,9,4,1,1,3,-5,8,3,4,-1,1,-5,9,0,4,-3,4,-3
23,-5,7,2,2,-4,3,-6,6,2,2,-1,2,-5,7,2,2,-2,3,-5,7,2,3,1,1,-3,6,2,2,-2,4,-7,7,1,1,0,4,-1
24,-5,9,3,2,-1,2,-4,10,3,2,-1,3,-6,6,2,2,-3,1,-4,6,0,1,-1,1,-3,9,2,2,-4,3,-5,6,3,4,-1,4,-1
25,-5,6,2,5,-2,2,-5,6,2,4,0,5,-6,6,0,4,-1,3,-4,6,2,4,-2,4,-3,7,2,4,-2,4,-7,6,3,3,0,3,0
26,-6,9,1,2,0,2,-4,8,2,3,-2,3,-5,8,2,4,-2,1,-5,6,3,3,-1,1,-7,8,3,2,-2,1,-5,8,0,3,-2,4,-2
27,-3,9,1,3,-3,3,-7,9,1,4,0,1,-5,8,2,3,-1,2,-2,9,2,5,-3,1,-4,7,1,2,-3,1,-3,7,0,3,2,1,0
28,-6,8,0,4,-2,4,-7,9,1,1,-1,0,-4,9,2,3,0,1,-4,6,3,1,0,1,-7,7,3,3,0,4,-5,8,0,2,0,2,-2
29,-4,8,3,2,-3,4,-5,10,3,4,-2,4,-6,7,3,2,0,4,-5,8,0,4,-2,1,-5,9,1,3,-1,5,-7,7,0,1,-2,3,-2
30,-3,8,2,3,-3,4,-4,8,2,1,0,3,-6,9,1,4,-1,4,-5,7,1,5,-1,1,-5,9,3,3,-1,2,-4,9,2,4,-1,4,-2
31,-2,6,1,4,-1,2,-6,7,3,3,0,1,-3,6,2,3,-3,2,-6,6,3,2,0,4,-6,6,3,4,-3,1,-5,6,3,3,-1,3,0
32,-4,8,1,3,-3,2,-4,8,1,3,-3,2,-5,6,0,5,-1,4,-5,6,1,3,-3,2,-5,6,3,4,-2,4,-6,8,3,3,-1,4,-1
33,-5,7,2,4,0,3,-5,7,3,1,-2,3,-4,6,2,2,0,3,-5,8,2,3,1,2,-6,7,0,4,-1,0,-4,7,3,2,0,1,0
34,-3,7,0,1,-2,3,-3,9,3,4,-3,1,-5,9,3,2,-1,4,-5,6,1,2,-1,3,-4,9,3,2,0,4,-5,8,2,2,-1,4,-2
35,-5,7,2,1,0,1,-4,6,3,4,-1,3,-5,8,2,1,-3,3,-4,8,3,4,-2,2,-5,6,3,3,-1,2,-6,9,2,4,3,2,-2
36,-4,6,5,4,-1,3,-5,6,2,4,-1,4,-5,6,2,1,-3,4,-5,7,1,1,-1,4,-7,7,0,4,-2,3,-5,8,0,5,0,2,-1
37,-5,6,2,3,-2,4,-7,7,3,4,-2,2,-5,7,3,3,-2,4,-7,6,2,5,-3,4,-6,9,1,3,-2,3,-5,8,3,4,-3,3,-1
38,-4,7,2,4,0,2,-4,10,0,1,-3,1,-6,6,0,3,-1,2,-5,9,3,3,-2,4,-6,7,2,3,-1,1,-4,8,0,4,-2,1,-1
39,-5,9,2,2,-4,3,-4,6,3,2,0,2,-2,7,2,4,-1,4,-5,6,0,4,0,2,-5,7,1,3,0,3,-4,6,3,3,-1,2,1
40,-2,9,3,2,-3,4,-5,7,3,1,-1,1,-6,6,1,4,-2,3,-5,7,0,1,-2,4,-5,6,1,2,0,1,-2,6,2,4,0,1,-1
41,-7,8,0,4,0,2,-5,7,0,4,-2,4,-5,6,4,3,0,4,-5,8,2,1,2,4,-5,7,2,2,0,4,-7,8,3,2,-2,2,-2
42,-4,8,0,2,-2,1,-5,8,0,4,0,1,-6,6,3,3,-2,4,-5,6,1,3,-1,1,-6,6,3,4,0,2,-5,8,1,1,-1,4,-1
43,-2,8,0,2,-1,1,-5,7,1,4,-2,4,-3,6,1,3,-1,1,-5,8,1,4,0,3,-5,9,2,3,-2,2,-7,9,1,4,-3,2,-1
44,-5,8,1,3,0,1,-5,8,-1,4,-3,1,-5,6,2,4,-3,4,-6,8,1,2,-3,1,-4,6,3,2,-2,2,-3,6,1,6,0,4,0
45,-3,8,2,4,0,2,-4,6,1,4,-1,2,-6,7,3,4,0,2,-5,8,3,4,-1,4,-6,6,3,2,-1,1,-6,8,3,4,-1,2,0
46,-7,6,2,4,-3,4,-4,6,3,2,-2,4,-5,8,2,4,1,4,-5,7,1,4,-3,2,-7,8,3,3,0,4,-5,8,0,3,-3,4,-3
47,-5,7,2,4,-2,4,-6,8,2,4,0,1,-6,7,3,2,-3,1,-5,5,0,3,-1,2,-5,6,3,4,-3,2,-4,9,2,1,-3,1,-2
48,-5,9,3,2,-3,4,-4,7,3,2,-3,4,-5,7,3,4,0,4,-5,9,0,6,0,1,-5,7,1,2,-2,3,-5,8,3,3,-3,6,-1
49,-5,6,5,3,0,2,-5,7,1,5,-2,4,-5,7,1,3,-1,3,-7,7,3,2,-2,1,-7,6,3,2,-1,4,-7,6,1,3,-3,1,-2
50,-5,8,2,1,-1,2,-4,9,5,4,-2,3,-4,8,4,4,1,4,-5,8,4,4,-1,2,-5,7,2,3,-2,4,-6,8,0,4,-3,3,-3
51,-4,8,1,4,-1,1,-7,7,1,2,0,4,-5,7,0,4,0,2,-5,6,1,3,-1,3,-7,9,3,2,0,4,-5,7,3,4,-2,3,-2
52,-5,8,3,4,-1,3,-5,9,3,1,-1,4,-4,7,2,3,-3,3,-5,6,2,3,0,4,-4,8,4,1,3,2,-6,7,0,3,0,1,-1
53,-5,9,2,4,0,1,-4,6,1,3,-3,4,-5,4,3,3,-1,1,-3,9,1,4,-3,2,-6,6,3,2,-3,4,-5,8,1,4,-5,3,-2
54,-5,8,0,4,0,3,-2,7,2,4,0,1,-5,7,2,3,0,4,-6,8,0,2,-3,1,-7,6,2,3,0,2,-6,9,2,3,0,3,-2
55,-5,6,2,4,-2,3,-5,6,4,2,2,4,-4,10,2,3,1,2,-6,10,4,3,-2,3,-5,9,0,4,-2,2,-5,7,0,4,-2,3,0
56,-5,9,2,2,0,2,-7,6,1,4,-2,2,-7,7,0,3,-2,3,-5,9,3,4,0,3,-2,9,0,3,-2,1,-4,6,2,4,-3,4,-2
57,-4,8,2,2,0,3,-4,4,3,3,0,3,-6,8,3,4,-1,1,-5,6,2,4,-1,2,-5,7,0,4,0,2,-5,6,0,3,-3,2,-1
58,-6,9,1,3,-3,2,-5,9,3,3,-2,2,-6,8,2,4,0,2,-5,7,3,4,-2,4,-6,8,3,0,-3,3,-5,6,2,2,0,2,-2
59,-5,9,2,3,-2,4,-7,8,2,2,-2,3,-6,8,1,3,-2,2,-5,7,2,1,1,2,-5,8,0,1,-2,4,-5,9,1,5,-2,1,-2
60,-6,6,2,4,-2,2,-5,5,3,3,-2,1,-4,8,3,3,-1,2,-5,6,3,3,0,4,-5,5,1,4,0,3,-4,7,2,3,-1,5,0
61,-5,8,1,4,-1,3,-5,8,3,1,-1,3,-4,6,2,2,-1,2,-6,8,2,3,-2,4,-5,10,3,4,-2,3,-4,7,2,1,-2,1,-2
62,-5,8,2,3,0,4,-6,6,3,4,-3,3,-5,6,1,4,0,4,-6,7,3,2,-2,3,-6,8,3,2,0,1,-5,6,3,3,-2,1,0
63,-8,7,0,3,-2,1,-6,9,3,3,0,1,-5,6,3,4,-3,2,-6,8,3,3,0,3,-4,8,2,3,-2,4,-4,6,3,2,0,1,-2
64,-4,7,1,1,-1,4,-4,8,0,3,-2,4,-5,7,1,3,-1,4,-5,8,2,2,-2,3,-5,8,3,2,-3,4,-6,8,0,4,-1,4,0
65,-5,8,0,1,-3,4,-5,6,1,3,-2,1,-7,8,1,4,0,3,-5,9,3,2,-2,2,-5,7,0,4,0,3,-5,8,2,3,-1,4,-2
66,-5,6,3,2,-1,1,-5,7,3,4,1,1,-5,6,1,4,0,3,-5,6,1,1,-3,2,-3,6,0,2,-2,3,-6,8,1,2,0,2,-2
67,-5,8,1,1,0,4,-5,9,2,4,-1,4,-4,9,2,4,0,2,-5,8,0,4,0,1,-7,8,3,1,-3,1,-5,10,1,2,-1,2,1
68,-5,6,2,2,0,4,-5,7,3,4,0,1,-5,6,0,4,-1,4,-5,8,2,2,0,3,-5,9,3,1,-2,4,-3,6,3,2,-1,2,-2
69,-4,5,2,3,0,1,-6,6,3,1,0,4,-5,6,3,4,-3,4,-4,8,3,2,0,0,-5,9,3,3,0,1,-5,6,2,1,0,2,-1
70,-5,8,2,3,-2,3,-3,9,2,3,-1,2,-7,6,3,3,-1,1,-6,6,1,4,0,1,-5,7,2,2,0,4,-7,7,3,1,-1,4,-2
71,-2,9,1,2,-2,4,-3,6,0,3,-1,3,-7,6,3,4,-3,4,-5,9,1,4,0,4,-5,6,3,1,-3,4,-6,6,1,4,0,1,-1
72,-4,7,2,4,-3,4,-4,9,3,5,0,3,-6,9,2,3,-4,2,-5,8,2,4,-2,1,-5,10,3,1,1,3,-5,6,3,2,-1,2,-2
73,-4,8,3,3,1,4,-6,9,3,5,-2,2,-6,6,1,3,-2,3,-5,7,0,3,-3,3,-5,7,0,0,-3,2,-5,7,4,4,-1,4,-1
74,-4,7,2,1,-2,1,-5,9,1,4,-2,1,-5,8,2,2,-4,3,-5,9,3,2,-1,3,-6,8,4,6,0,2,-5,7,0,4,-3,4,-2
75,-4,9,-2,2,-1,1,-5,8,3,4,-3,4,-5,8,3,4,-1,3,-6,6,3,2,-1,0,-5,6,2,3,0,2,-5,6,3,3,0,1,-2
76,-5,6,3,3,-2,1,-4,8,1,4,-2,2,-5,8,2,4,1,3,-4,6,1,2,-2,3,-2,9,3,4,-3,1,-5,7,3,3,1,1,2
77,-6,6,4,3,-3,3,-4,8,3,4,-2,4,-6,7,3,3,-1,1,-5,8,3,2,0,2,-4,7,6,1,-1,1,-6,9,4,3,0,3,-2
78,-5,6,2,3,-1,7,-6,6,3,6,0,1,-5,6,2,5,-2,4,-7,8,2,2,-3,4,-4,10,2,2,-3,4,-5,8,1,5,0,4,-2
79,-5,9,2,4,-1,2,-3,6,3,3,-3,4,-5,9,1,4,-3,2,-5,7,3,4,-2,5,-5,7,3,4,0,4,-4,9,1,3,-1,4,0
80,-5,6,3,3,0,2,-5,7,0,4,-2,1,-5,8,2,3,-1,2,-6,7,0,4,-2,4,-7,8,2,1,-1,2,-5,7,1,4,-2,3,-3
81,-5,9,2,4,-3,4,-5,10,1,5,-1,-1,-4,7,3,4,-3,4,-5,7,3,4,0,3,-5,9,1,1,-1,4,-5,8,2,3,-1,4,0
82,-5,7,0,4,-1,3,-4,9,3,4,-3,3,-7,9,2,2,-3,1,-5,8,0,5,-1,2,-5,8,0,6,0,3,-7,7,4,2,1,2,-2
83,-7,8,0,1,0,3,-6,7,3,3,-1,1,-5,9,0,4,-1,4,-5,7,3,4,1,1,-2,8,0,1,-1,4,-5,6,1,2,-3,1,-1
84,-5,8,3,3,0,3,-4,8,2,1,-1,5,-5,8,2,5,-2,4,-7,6,3,4,-1,3,-5,8,3,4,-3,1,-6,6,3,4,0,4,-2
85,-5,10,3,1,-2,3,-4,8,3,3,-1,3,-5,8,2,1,-2,2,-6,9,3,4,-1,1,-6,6,2,3,-3,2,-3,7,1,3,0,3,-1
86,-2,9,2,4,0,1,-5,10,1,4,-2,0,-5,8,0,3,-2,3,-5,6,2,1,-1,3,-5,9,2,3,1,1,-7,6,3,2,-2,2,-2
87,-6,6,3,4,-2,3,-5,8,4,3,-1,2,-6,9,2,4,-1,1,-3,8,0,4,-1,3,-4,7,1,4,1,1,-6,6,1,4,-4,2,-1
88,-5,7,1,3,-3,4,-5,7,0,4,-3,2,-3,7,1,2,-1,2,-5,9,0,4,-3,2,-4,7,0,2,-1,2,-5,7,2,3,-2,1,-2
89,-5,8,0,3,-2,2,-5,8,3,4,-2,1,-5,7,0,1,-3,2,-4,8,0,2,-2,1,-5,6,0,2,-3,0,-5,6,2,4,0,4,1
90,-6,8,2,2,-1,3,-7,8,2,2,0,3,-5,7,0,4,-3,4,-4,8,3,1,-1,1,-6,7,2,3,-1,3,-5,6,1,4,-1,1,1
91,-3,9,3,4,0,2,-5,8,3,3,-1,2,-6,8,3,2,0,4,-3,8,2,1,-2,3,-4,9,2,3,-1,4,-4,6,1,3,-3,4,-2
92,-7,9,2,4,-2,1,-6,7,1,4,-2,1,-4,7,1,5,0,1,-7,9,2,2,1,2,-5,9,2,2,-3,4,-3,4,0,4,-1,3,-2
93,-5,9,3,2,0,1,-5,9,2,4,-1,2,-6,7,3,3,-1,1,-7,8,2,4,-2,3,-4,8,0,5,-4,3,-5,6,0,4,-1,3,-1
94,-4,7,1,2,-1,1,-5,6,2,1,-2,2,-5,8,3,4,-1,4,-5,6,1,4,0,1,-4,6,3,1,0,3,-4,7,3,3,-2,1,-2
95,-5,7,1,5,-4,3,-7,9,1,1,0,1,-7,6,3,3,-2,3,-4,5,4,2,-3,2,-5,9,3,3,-2,2,-7,7,3,4,-3,1,-2
96,-7,9,2,4,-2,1,-3,7,0,2,-1,2,-6,6,2,3,-1,2,-5,7,4,2,0,4,-5,7,3,2,-2,2,-6,8,3,2,0,1,0
97,-6,6,3,1,-1,2,-5,7,2,4,0,4,-5,9,2,1,0,4,-4,6,1,4,-2,2,-5,9,0,4,0,3,-4,6,3,3,-1,4,-1
98,-5,8,0,3,-3,1,-6,7,3,2,0,3,-5,10,1,4,-1,4,-5,9,0,4,-2,4,-5,9,3,4,-3,4,-5,7,2,4,-2,3,0
99,-7,5,3,3,-3,2,-5,8,1,3,-1,1,-5,9,1,3,-3,2,-5,9,1,4,-1,1,-6,7,2,4,-1,2,-5,6,1,4,0,4,-2
100,-4,7,2,4,-1,4,-5,7,2,3,0,6,-5,8,2,1,-2,3,-5,6,3,2,-1,4,-5,6,3,3,-3,1,-7,8,2,3,0,4,-2
101,-7,6,0,1,-3,2,-5,6,3,3,-2,3,-6,6,1,2,-2,4,-7,4,3,3,0,2,-5,7,1,3,0,3,-5,9,3,4,-1,2,-2
102,-3,8,3,3,-1,4,-5,9,3,1,-2,2,-5,7,2,5,-2,2,-5,7,3,2,0,3,-5,9,2,3,-2,4,-5,8,3,3,-1,2,-2
103,-5,9,1,3,-1,3,-2,6,2,4,1,3,-5,8,3,3,1,3,-5,9,0,2,-1,1,-7,8,3,2,-2,2,-6,9,3,4,-3,3,1
104,-5,7,-1,3,-1,4,-7,7,2,4,-1,1,-6,6,3,3,-2,4,-5,7,2,3,0,1,-5,7,3,3,-3,4,-5,6,2,2,-2,3,-3
105,-5,9,2,4,-1,1,-5,9,2,5,-3,5,-5,7,0,4,-2,3,-4,4,2,2,0,3,-4,7,1,4,0,1,-5,7,3,1,-3,4,-1
106,-4,9,1,2,-2,1,-6,9,1,4,-3,4,-6,9,3,4,-2,1,-3,8,2,3,-1,4,-5,7,2,4,-2,1,-5,7,3,2,0,3,-3
107,-5,8,2,4,-3,4,-4,6,3,4,-2,4,-5,6,2,4,0,1,-6,9,2,1,0,1,-4,8,2,3,-3,4,-7,8,3,2,-2,3,0
108,-3,6,3,4,-3,1,-4,9,1,3,-1,4,-6,7,2,3,-2,3,-5,9,0,2,-1,3,-7,9,0,4,-1,2,-5,8,0,1,2,2,-2
109,-3,8,3,4,-1,2,-5,7,1,4,0,1,-4,9,1,2,-2,3,-4,7,2,2,0,2,-5,7,0,4,0,2,-5,7,3,4,-3,3,-2
110,-5,8,2,4,0,2,-5,9,4,6,-3,3,-4,6,2,1,-2,4,-4,8,2,2,-2,3,-5,8,2,4,-2,2,-7,8,2,4,0,4,-2
111,-6,8,2,1,0,1,-7,6,3,1,-1,3,-5,9,1,1,0,5,-4,7,1,1,0,3,-6,8,1,2,-6,3,-6,7,3,4,-3,3,-2
112,-3,8,2,3,-3,4,-5,10,1,2,-2,3,-5,6,3,4,0,2,-6,6,2,4,-2,2,-3,8,3,4,-1,3,-4,9,3,2,0,4,-1
113,-5,6,0,3,-1,3,-3,9,3,1,-1,1,-5,7,1,4,-1,2,-5,9,2,3,-1,2,-5,7,4,2,-3,2,-5,9,3,4,-1,2,-2
114,-5,6,2,3,-2,3,-6,9,0,3,-2,1,-5,7,2,3,-2,2,-2,9,3,1,-3,4,-4,8,3,4,-2,2,-2,8,2,3,0,2,1
115,-4,9,1,2,-3,3,-5,7,3,1,0,4,-4,6,2,2,-2,5,-4,6,1,4,0,2,-6,6,3,4,-1,4,-5,7,0,4,-1,2,-1
116,-5,7,2,2,0,5,-4,9,3,3,-1,1,-7,6,0,4,0,1,-5,9,1,2,0,3,-4,9,3,4,-3,3,-5,10,2,3,0,2,-2
117,-7,8,1,4,-3,1,-3,8,2,1,-1,4,-5,7,3,4,-3,5,-5,8,3,3,-1,2,-4,9,2,2,0,4,-4,9,1,1,0,2,-1
118,-5,8,1,4,-1,2,-5,4,2,4,0,1,-5,9,2,4,-2,3,-3,8,3,4,-1,2,-5,8,2,1,0,3,-7,8,3,2,0,1,0
119,-4,8,3,3,-3,3,-6,7,2,3,-1,4,-5,9,1,4,-2,4,-5,9,1,4,-3,3,-4,10,2,2,0,1,-5,8,3,3,0,3,0
120,-6,8,3,1,-1,4,-5,10,1,2,-3,4,-4,7,3,2,1,2,-4,8,3,4,-1,2,-4,7,3,4,0,4,-5,6,2,3,-1,1,0
121,-6,8,1,5,0,2,-5,7,1,3,0,1,-4,7,0,2,-3,3,-4,8,0,1,-3,3,-6,6,3,4,-1,2,-6,6,2,3,0,2,-2
122,-6,7,0,1,-1,2,-4,6,3,2,-2,1,-5,6,3,4,-2,5,-4,9,1,1,-3,2,-6,9,2,3,0,1,-5,9,2,4,-2,1,-2
123,-5,6,1,4,-1,4,-5,7,2,2,-1,0,-5,7,3,1,-1,3,-5,6,3,4,-1,2,-4,7,2,4,-1,3,-5,7,2,4,-2,3,-1
124,-6,6,0,3,-3,1,-5,5,1,4,-1,2,-5,6,0,3,0,2,-5,9,1,2,0,3,-6,7,2,4,-1,4,-7,7,1,2,-2,4,-2
125,-2,7,3,4,-3,1,-5,6,3,4,-2,1,-6,7,1,3,-2,1,-5,8,2,2,-3,1,-4,8,3,2,-2,4,-5,6,2,4,-3,4,0
126,-5,10,2,1,0,3,-5,8,2,2,0,4,-4,6,0,4,-3,4,-5,9,2,0,-1,2,-5,9,0,4,-3,3,-4,9,0,4,0,3,1
127,-5,6,1,1,-2,0,-5,8,1,2,0,4,-5,7,2,5,-1,2,-5,9,2,4,-1,4,-4,7,0,2,-2,2,-7,6,0,3,0,1,-1
128,-5,9,2,4,0,3,-6,9,0,1,-2,4,-5,7,3,4,-1,2,-4,7,1,4,-1,4,-5,9,3,1,0,3,-5,9,3,3,0,4,0
129,-4,6,0,3,-2,4,-6,6,3,2,1,3,-6,6,3,3,-2,1,-5,8,1,4,-1,3,-5,6,3,4,-1,4,-5,8,1,1,-1,1,-1
130,-2,8,2,1,0,4,-5,9,0,3,0,3,-7,7,0,3,-2,1,-3,9,1,3,-1,2,-4,6,3,4,0,3,-4,8,0,4,0,1,-2
131,-5,7,2,1,-3,1,-5,6,2,4,-2,3,-5,10,3,-2,-2,1,-5,8,1,4,-1,3,-2,6,2,3,0,1,-4,6,1,2,-1,3,0
132,-2,9,3,4,1,1,-5,8,0,5,-3,3,-7,7,2,3,-3,3,-2,7,1,7,-3,1,-5,7,4,4,-3,4,-5,6,2,4,-2,3,-2
133,-4,5,5,4,-2,1,-6,7,3,2,0,2,-6,9,3,3,-3,2,-7,6,4,3,-2,1,-5,8,3,3,-1,2,-5,9,3,4,0,3,0
134,-6,9,3,3,-3,2,-5,7,3,1,-2,2,-3,9,1,4,-1,0,-5,7,1,3,-2,1,-6,6,3,2,-1,4,-5,9,2,3,-3,0,-1
135,-6,9,2,4,0,3,-4,7,3,-1,-3,4,-4,6,3,5,-2,1,-4,8,0,1,-3,1,-5,8,0,4,-2,0,-5,9,3,3,-1,3,-2
136,-5,6,3,4,-2,1,-4,8,2,4,-1,4,-7,8,3,4,-1,1,-5,7,2,1,-3,4,-6,6,3,4,-1,4,-6,7,3,4,-3,2,-3
137,-5,6,3,2,0,0,-6,9,3,4,-1,3,-8,6,0,4,-3,0,-5,6,2,4,-3,3,-5,9,3,3,-1,3,-5,7,3,3,-2,1,-2
138,-2,6,2,3,-2,4,-5,7,3,4,0,4,-6,6,2,2,-2,4,-5,6,2,3,-1,3,-3,6,0,4,-2,4,-3,9,3,4,0,2,-2
139,-5,7,3,3,-3,4,-7,7,0,3,0,4,-5,9,3,4,2,2,-5,9,2,5,-2,2,-5,8,2,4,-1,2,-3,7,0,4,0,3,0
140,-7,8,1,4,-1,3,-4,6,3,4,-1,3,-5,7,1,4,-1,1,-5,8,0,2,0,1,-5,7,4,4,0,4,-4,9,2,5,-3,3,-2
141,-5,9,1,4,-2,1,-6,7,3,4,0,3,-4,7,3,4,-2,4,-4,9,3,3,-3,1,-6,9,2,4,-1,2,-5,8,2,1,0,0,0
142,-5,8,3,3,-2,2,-5,7,1,4,0,-1,-5,6,1,3,0,2,-5,9,2,4,-1,3,-4,8,3,5,0,1,-5,9,3,1,-3,4,-1
143,-3,6,3,4,-1,3,-7,9,2,2,-1,1,-4,9,3,3,0,4,-5,7,0,2,0,1,-6,6,3,2,-2,2,-4,8,1,6,-3,2,-2
144,-4,7,3,3,-3,2,-7,8,3,1,0,1,-6,7,2,2,0,1,-3,8,2,3,-1,2,-5,9,4,4,-3,3,-4,9,1,4,0,0,-2
145,-5,6,3,4,-2,2,-5,7,2,2,-1,3,-7,7,0,2,-3,4,-5,6,4,4,0,1,-5,8,3,4,-1,2,-4,9,1,4,-2,2,0
146,-3,7,4,2,0,3,-7,6,3,1,-1,2,-5,6,2,4,-1,4,-5,8,3,3,-3,3,-4,5,0,3,0,2,-5,7,1,1,-3,5,-2
147,-6,6,2,4,-2,1,-5,7,2,3,0,4,-4,8,4,2,-1,3,-6,9,2,3,-1,4,-5,9,-1,3,-1,4,-4,6,3,2,-1,3,0
148,-5,6,1,3,-1,1,-6,5,2,2,0,4,-6,7,1,4,-2,3,-5,8,3,2,-1,2,-6,7,4,3,0,0,-5,5,1,1,-2,1,-1
149,-5,7,2,4,2,1,-4,6,1,4,-1,4,-4,8,2,3,-2,2,-7,9,3,3,-1,3,-4,9,2,4,0,4,-5,6,1,6,-1,4,-1
150,-5,9,2,4,-1,4,-6,9,2,4,-2,2,-3,7,3,3,-1,4,-6,8,3,3,0,3,-7,7,0,3,-3,2,-5,6,3,3,-3,3,0
151,-4,8,2,3,-1,2,-5,6,2,2,0,4,-7,9,1,4,0,2,-6,3,2,4,-2,1,-6,7,1,5,0,4,-5,8,0,1,0,3,-1
152,-5,6,0,3,-3,4,-7,6,3,2,-3,2,-5,6,1,2,-1,3,-5,7,2,4,-1,4,-6,7,2,4,-2,3,-6,8,2,3,-1,2,-1
153,-6,9,3,4,-2,1,-4,6,3,5,-3,4,-7,7,2,3,0,2,-5,9,2,4,-3,3,-4,8,0,4,-1,1,-5,7,3,4,-3,3,-1
154,-4,6,0,3,0,2,-7,6,3,2,-3,4,-5,8,1,4,-1,3,-4,7,3,2,-1,3,-6,8,2,1,1,4,-5,8,3,3,0,3,-2
155,-5,10,1,3,-2,3,-6,8,3,1,-2,4,-7,9,2,3,-4,2,-6,6,1,1,0,2,-6,8,3,5,-2,4,-5,9,2,2,-3,4,-2
156,-6,7,2,1,-1,2,-6,6,0,1,0,2,-3,9,0,2,-1,3,-4,7,1,4,-3,1,-5,9,1,2,-1,3,-5,7,1,3,0,2,-2
157,-5,6,3,3,0,4,-5,7,4,3,-3,0,-5,5,0,3,0,1,-3,11,-182,-180,1,4,-5,7,4,3,-2,4,-6,7,3,4,-2,3,1
158,-5,6,-110,-246,-13,7,-5,8,-213,-492,-14,4,-4,7,-6046,-9389,-165,3,-3,0,-3310,-3754,-305,4,-5,6,2,4,-2,2,-5,9,3,4,-3,3,-3
159,-5,8,-60,-119,-3,3,-5,9,0,1,0,3,-7,6,-1173,-2362,-50,1,-4,7,-130,-84,-3,4,-4,7,2,3,-3,3,-2,7,2,2,-3,1,-1
160,-5,8,1,3,-3,1,-3,6,3,1,-1,1,-5,11,1,4,-1,4,-5,8,3,1,-2,1,-6,7,2,2,-2,2,-5,7,3,4,1,1,-2
161,-4,8,3,4,-1,2,-5,8,1,4,-3,4,-3,6,-3428,-6947,-235,1,-4,8,-2489,-3146,-309,4,-6,9,0,3,-1,2,-5,9,0,4,0,1,-2
162,-6,9,-51,-123,-5,2,-5,6,-3,-7,0,2,-3,6,-2315,-6117,-59,3,-5,7,-1097,-2050,-40,2,-5,6,3,4,0,3,-5,9,1,4,-2,1,1
163,-5,8,0,3,-1,2,-4,8,2,1,0,4,-4,7,-692,-1281,-152,2,-3,7,-390,-696,-255,4,-2,6,3,4,-3,2,-4,9,1,5,-1,1,-1
164,-2,6,2,5,-3,2,-6,7,1,7,0,2,-6,7,-2180,-6273,-174,1,-7,7,-2262,-3133,-328,4,-5,6,2,4,-3,2,-5,6,1,5,-1,4,-2
165,-5,6,2,4,-3,2,-6,8,2,2,0,3,-5,8,-1872,-6064,-190,4,-4,6,-1176,-2275,-176,4,-6,7,1,3,-1,4,-8,7,2,4,0,1,-1
166,-5,9,2,6,-2,4,-4,7,3,4,0,-1,-5,9,-1415,-4123,-162,3,-3,7,-1484,-2443,-203,2,-5,7,3,6,0,2,-5,6,1,4,-2,2,-1
167,-5,8,1,3,-3,4,-5,7,2,6,0,1,-5,7,-2262,-6339,-170,2,-5,5,-1914,-2880,-249,3,-6,8,1,3,-1,1,-5,7,3,5,0,2,-1
168,-4,5,2,4,-1,3,-5,7,6,4,-2,1,-3,6,-2002,-6081,-192,3,-5,8,-1255,-2349,-234,2,-5,8,3,3,-2,3,-7,8,0,3,0,1,-1
169,-6,7,-2,4,-1,3,-5,8,1,3,-4,3,-5,7,-1954,-5987,-190,2,-5,8,-1931,-2917,-258,5,-5,9,2,4,1,1,-2,7,1,6,-1,3,-2
170,-6,7,3,3,0,3,-5,9,3,4,-1,1,-5,9,-1858,-5635,-194,1,-4,10,-1578,-2798,-239,4,-6,6,2,4,-2,2,-4,9,4,2,-2,4,-2
171,-6,8,0,4,0,2,-5,8,3,5,-1,5,-5,9,-2097,-6284,-190,4,-4,8,-1546,-2682,-234,4,-7,8,3,6,0,1,-2,6,1,4,-2,1,-1
172,-5,8,3,6,0,3,-5,5,1,4,-1,2,-4,6,-1839,-5716,-193,1,-7,8,-1702,-2790,-232,0,-6,8,0,1,-1,0,-5,7,3,3,-1,4,-2
173,-2,6,2,4,-2,2,-4,7,2,4,-1,2,-4,7,-2109,-6316,-182,3,-6,9,-1596,-2729,-240,4,-6,9,3,5,-1,1,-5,9,1,5,0,1,-2
174,-5,10,2,6,-3,4,-5,7,2,3,-1,4,-5,7,-2016,-6300,-187,4,-3,6,-1858,-2882,-243,0,-5,8,1,3,0,3,-7,9,0,4,0,4,-3
175,-3,7,0,6,-1,2,-2,9,2,7,-1,1,-7,8,-2070,-6294,-188,5,-5,9,-1561,-2847,-240,1,-5,6,0,2,-2,2,-5,9,0,4,0,2,-4
176,-5,6,4,4,-2,1,-6,6,2,3,-3,4,-4,9,-2150,-6417,-187,1,-5,8,-1676,-2861,-238,2,-6,8,-1,5,-2,1,-4,6,3,5,-2,4,-3
177,-5,9,3,4,-3,2,-5,8,4,7,-3,2,-6,7,-2134,-6415,-188,1,-2,7,-1821,-2890,-235,2,-5,7,2,2,-3,3,-4,6,1,3,-1,4,-1
178,-7,8,1,4,-2,0,-5,6,0,4,0,2,-3,9,-2120,-6372,-187,3,-5,7,-1794,-2905,-238,4,-4,7,3,5,-3,3,-5,6,2,4,-3,3,-4
179,-5,8,3,5,-2,2,-7,6,3,4,-1,3,-5,8,-2167,-6517,-190,3,-4,9,-1783,-2898,-238,1,-5,7,2,6,-3,3,-3,8,3,4,-2,4,-1
180,-4,8,0,4,-1,3,-5,6,2,6,-2,2,-4,9,-2167,-6484,-193,3,-5,9,-1811,-2909,-241,4,-6,8,3,5,-1,4,-5,7,3,3,-2,1,-2
181,-4,9,3,7,0,3,-5,6,0,5,-3,3,-5,6,-2161,-6443,-190,3,-7,8,-1841,-2926,-244,1,-5,7,2,2,0,1,-5,7,1,7,0,1,-2
182,-6,6,2,6,-3,4,-5,8,3,4,-1,1,-5,8,-2176,-6517,-191,4,-5,9,-1851,-2927,-241,4,-4,9,1,5,-2,4,-5,6,-1,3,-1,2,-1
183,-5,7,1,2,-2,2,-7,9,2,4,-1,1,-5,6,-2186,-6568,-192,1,-6,8,-1853,-2923,-242,3,-7,7,1,4,2,0,-5,8,1,4,0,1,-2
184,-4,10,3,4,0,2,-5,8,1,4,-1,4,-5,7,-2186,-6540,-190,2,-5,7,-1868,-2917,-244,4,-5,7,2,3,0,2,-6,8,1,3,-2,3,1
185,-5,9,3,4,-3,3,-5,9,3,6,-1,2,-4,6,-2196,-6588,-193,3,-6,7,-1871,-2924,-247,4,-4,7,4,4,0,4,-5,9,4,4,-2,1,-1
186,-6,11,3,5,-3,1,-5,9,3,4,-3,3,-5,7,-2197,-6599,-193,3,-3,4,-1866,-2911,-243,4,-7,9,0,4,-3,3,-3,6,1,4,-3,4,-2
187,-6,6,1,4,0,4,-5,5,5,5,0,3,-4,9,-2202,-6641,-193,4,-5,7,-1865,-2935,-246,1,-2,8,4,6,0,2,-5,8,2,4,2,2,-2
188,-3,7,2,4,1,2,-6,9,1,4,-1,1,-6,6,-2229,-6670,-192,4,-5,6,-1892,-2946,-247,1,-6,6,2,4,-3,4,-5,9,4,5,-1,3,-2
189,-5,6,3,4,-1,4,-5,9,1,5,-2,3,-4,7,-2223,-6678,-191,3,-5,5,-1892,-2937,-244,5,-5,9,2,5,0,3,-4,7,1,4,-1,1,-2
190,-7,6,3,4,-1,4,-5,6,1,1,-3,1,-5,7,-2259,-6742,-191,-1,-5,10,-1899,-2939,-247,-1,-5,7,2,2,1,1,-7,8,2,5,0,1,-3
191,-5,7,4,3,-1,1,-5,6,2,4,0,3,-5,7,-2254,-6738,-193,4,-6,6,-1907,-2946,-246,2,-5,7,3,4,-1,1,-4,8,0,3,1,2,-2
192,-5,6,3,4,-1,3,-6,9,1,3,-2,5,-5,8,-2231,-6719,-196,4,-5,6,-1907,-2937,-243,4,-7,9,0,5,-1,3,-5,9,1,5,0,2,-2
193,-5,8,2,5,0,2,-5,8,3,4,-1,4,-4,8,-2305,-6766,-196,2,-4,7,-1858,-2921,-243,1,-5,8,2,4,-2,2,-7,6,1,3,-2,1,0
194,-7,9,2,4,0,3,-5,8,0,2,-2,5,-6,9,-2293,-6757,-196,3,-5,6,-1943,-2947,-252,3,-5,8,3,6,-1,3,-5,8,2,2,-1,2,-1
195,-3,6,1,5,0,2,-5,8,2,1,0,1,-5,9,-2294,-6792,-196,4,-3,6,-1909,-2930,-246,1,-5,7,2,2,0,1,-5,8,3,3,-2,4,1
196,-4,6,2,4,-2,3,-3,6,2,4,-2,3,-4,7,-2307,-6800,-193,2,-5,6,-1954,-2940,-252,2,-2,9,0,5,0,3,-4,8,2,4,-1,2,-2
197,-5,6,1,6,0,1,-5,6,0,3,0,2,-6,5,-2325,-6796,-193,1,-5,8,-1936,-2935,-249,3,-6,6,0,4,-2,4,-5,8,1,4,-3,3,-1
198,-5,8,3,5,-1,2,-5,8,0,2,-2,4,-5,5,-2332,-6800,-196,4,-4,9,-1969,-2940,-248,2,-5,9,3,3,0,-1,-5,6,0,5,0,1,0
199,-6,6,1,5,-1,1,-3,8,0,3,1,3,-5,9,-2345,-6850,-191,3,-5,6,-1963,-2946,-248,2,-5,7,3,5,-1,1,-5,6,3,7,-3,2,1
200,-5,9,3,3,0,1,-6,9,-1,-2,-1,3,-5,7,-2305,-6795,-196,2,-5,6,-1969,-2947,-249,1,-6,8,3,2,0,1,-5,7,0,5,-2,4,-2
201,-5,6,2,4,-2,4,-3,6,0,1,0,1,-5,8,-2335,-6815,-193,1,-5,8,-1904,-2953,-252,2,-3,7,3,6,-1,3,-7,6,1,4,0,1,-2
202,-5,8,2,4,-2,3,-5,6,0,2,-2,2,-5,8,-2366,-6815,-193,4,-5,8,-1982,-2959,-251,2,-5,8,3,5,-1,5,-5,7,1,4,0,4,-3
203,-6,6,0,6,-2,1,-5,6,1,2,1,2,-5,8,-2375,-6817,-193,3,-6,9,-1959,-2960,-254,2,-5,6,0,4,1,1,-4,6,1,5,-2,2,0
204,-4,9,3,4,-1,1,-7,8,0,3,-2,1,-6,9,-2374,-6781,-194,2,-5,8,-2000,-2959,-249,1,-4,7,2,4,-1,4,-3,5,1,4,0,2,-2
205,-6,6,0,4,-3,4,-6,9,1,1,0,1,-5,7,-2403,-6793,-195,1,-5,9,-2010,-2963,-255,2,-5,6,3,3,-3,3,-6,5,2,3,-2,4,1
206,-6,6,2,6,-1,3,-4,6,1,1,-3,2,-5,6,-2379,-6791,-192,1,-4,7,-2019,-2969,-253,3,-6,7,1,5,-1,1,-6,8,2,4,-1,2,-2
207,-5,8,1,2,0,0,-6,7,0,0,0,4,-4,8,-2380,-6815,-197,4,-5,6,-1987,-2962,-252,1,-5,8,1,4,-2,4,-3,6,0,3,-3,4,-1
208,-7,6,3,4,-2,2,-5,7,2,1,-3,2,-3,7,-2403,-6793,-193,3,-4,4,-2005,-2961,-247,2,-5,8,3,5,0,2,-5,6,3,2,0,1,-2
209,-5,6,1,4,2,3,-5,8,0,1,-3,3,-5,6,-2375,-6790,-196,2,-4,6,-2003,-2968,-247,2,-5,9,0,5,0,4,-5,7,2,5,-3,3,-1
210,-5,6,0,3,-1,4,-6,8,0,0,-3,2,-7,6,-2407,-6804,-196,1,-5,8,-2013,-2967,-248,3,-5,9,2,4,0,3,-5,7,1,5,0,3,-1
211,-6,9,2,7,-2,1,-5,6,0,2,-2,3,-7,6,-2412,-6857,-194,4,-7,6,-2009,-2970,-252,3,-4,7,0,4,-1,0,-6,8,1,4,-2,2,-2
212,-6,6,-1,3,-2,4,-4,7,-1,-1,-1,4,-3,7,-2358,-6793,-196,4,-4,7,-2017,-2973,-252,1,-5,6,5,4,0,1,-5,9,-1,5,-1,3,0
213,-5,8,2,5,-1,3,-6,6,0,-1,-3,3,-5,9,-2409,-6831,-198,3,-3,7,-1956,-2962,-256,2,-5,6,2,4,0,3,-4,6,4,4,-3,3,0
214,-3,9,4,6,0,4,-6,7,0,1,0,3,-5,8,-2411,-6844,-198,3,-5,9,-2015,-2971,-253,3,-5,9,3,5,0,4,-5,9,0,6,-2,4,-2
215,-6,7,2,4,1,4,-6,8,-1,-2,0,2,-6,7,-2423,-6894,-197,1,-2,7,-1991,-2979,-251,2,-5,8,2,4,0,3,-5,7,3,4,0,1,1
216,-6,8,2,4,0,3,-5,6,-1,1,-1,3,-4,7,-2397,-6858,-195,3,-7,5,-1984,-2951,-251,1,-5,8,0,5,-1,2,-5,6,3,4,0,1,-3
217,-7,6,3,4,0,4,-4,8,1,1,-1,1,-4,7,-2413,-6894,-199,4,-4,9,-1987,-2949,-252,1,-3,8,1,4,-3,0,-5,8,3,4,-1,4,0
218,-6,9,1,5,-1,1,-5,8,0,-1,0,1,-5,8,-2414,-6868,-198,2,-5,9,-2000,-2962,-252,2,-5,6,1,6,0,3,-5,7,2,4,-1,3,-1
219,-4,8,1,5,-1,2,-4,6,-1,0,-3,3,-5,7,-2375,-6842,-196,4,-5,9,-1995,-2956,-254,4,-7,9,3,4,0,3,-4,7,3,4,-2,2,-2
220,-5,7,1,4,2,1,-3,8,2,-2,-3,5,-5,6,-2418,-6874,-198,2,-5,8,-1967,-2941,-253,4,-5,9,3,2,-1,2,-6,7,2,3,-2,3,1
221,-4,6,1,4,0,1,-5,8,-1,0,-3,4,-4,8,-2419,-6866,-196,3,-6,9,-1993,-2958,-253,2,-5,9,1,4,-3,2,-3,9,3,3,0,1,0
222,-4,7,3,4,-1,4,-5,6,0,-1,-1,4,-7,5,-2411,-6858,-198,4,-5,6,-1990,-2961,-253,3,-5,6,1,3,0,2,-4,8,2,3,-2,4,0
223,-6,6,2,4,-1,4,-5,8,0,1,-3,3,-7,7,-2415,-6873,-193,3,-5,7,-2002,-2963,-252,3,-4,9,2,6,-3,4,-5,8,0,4,-3,3,-2
224,-3,6,2,4,-1,2,-4,8,1,1,-3,1,-5,7,-2415,-6895,-196,2,-5,9,-1992,-2966,-252,-1,-6,10,1,3,0,3,-5,10,3,4,-3,3,-2
225,-6,6,1,3,-2,3,-5,7,-1,1,-3,3,-5,6,-2417,-6880,-193,4,-7,7,-1991,-2967,-252,3,-5,7,2,5,-2,4,-3,7,1,4,-3,2,-2
226,-5,7,1,6,-2,4,-6,6,-1,2,-3,2,-6,6,-2401,-6895,-195,4,-6,8,-1992,-2959,-255,1,-5,6,2,4,0,2,-5,9,3,5,-1,3,-2
227,-5,7,1,3,-3,4,-3,9,1,0,0,2,-7,7,-2415,-6881,-199,4,-2,6,-1984,-2950,-253,2,-6,7,1,4,-1,2,-5,7,0,3,-2,3,-1
228,-5,9,3,3,-2,4,-5,9,0,-1,0,2,-4,9,-2415,-6876,-193,3,-5,8,-2012,-2965,-257,2,-5,7,1,5,0,1,-6,8,2,5,0,4,-2
229,-5,7,3,4,-1,3,-5,6,1,-1,0,1,-5,7,-2406,-6862,-196,2,-4,7,-2000,-2953,-253,2,-5,9,3,4,0,2,-5,6,0,1,-1,2,-1
230,-5,7,3,4,-2,-1,-5,7,1,-2,-2,3,-6,6,-2379,-6836,-198,1,-6,7,-1984,-2944,-250,3,-7,9,3,4,0,2,-6,9,1,3,-3,2,1
231,-5,7,3,4,-1,2,-4,9,0,0,-2,4,-5,6,-2424,-6850,-198,2,-5,6,-2004,-2953,-251,2,-6,9,3,5,0,2,-5,6,0,3,-1,4,-2
232,-5,6,1,5,0,2,-6,7,-4,-3,-3,4,-2,5,-2390,-6821,-197,4,-3,7,-1988,-2955,-254,3,-6,7,3,5,-2,1,-4,6,3,6,0,1,-2
233,-5,9,2,4,-3,1,-5,9,2,-4,-1,1,-5,8,-2412,-6824,-196,2,-2,9,-1992,-2943,-251,4,-7,6,1,5,-1,1,-5,6,1,5,-3,4,-2
234,-5,8,3,3,0,2,-4,10,0,-2,0,1,-5,6,-2324,-6792,-202,2,-5,9,-1936,-2909,-252,3,-4,7,4,4,1,3,-5,10,3,4,-3,5,-2
235,-5,7,-1,4,0,0,-5,9,-5,-11,-2,1,-5,8,-2522,-6901,-198,1,-5,9,-1966,-2936,-255,4,-5,9,0,5,0,2,-5,7,0,4,-3,2,-3
236,-5,6,1,5,-2,4,-4,6,-3,-6,-2,5,-5,7,-2534,-6896,-199,3,-5,6,-1969,-2933,-254,5,-3,6,-1,4,0,4,-5,9,1,4,1,2,-2
237,-5,8,0,6,0,3,-7,8,-3,-5,-2,5,-5,9,-2531,-6916,-199,1,-5,9,-1978,-2944,-252,2,-6,8,2,3,0,2,-7,6,1,3,0,4,-3
238,-4,6,0,4,-2,4,-2,8,-1,-5,-2,1,-5,6,-2484,-6923,-200,2,-7,6,-1975,-2950,-255,4,-5,8,5,4,0,2,-7,9,2,5,0,6,-2
239,-4,7,1,5,0,2,-5,9,-4,-8,-2,4,-5,7,-2529,-6950,-197,5,-4,8,-1976,-2942,-253,3,-6,7,0,3,-2,3,-7,8,1,2,-1,2,-3
240,-5,8,0,5,-2,4,-4,9,-5,-6,-2,2,-5,9,-2563,-6962,-198,3,-5,9,-1978,-2944,-250,1,-5,7,2,6,0,3,-7,7,2,4,0,3,-1
241,-5,6,3,4,-2,4,-5,8,-1,-6,0,1,-6,8,-2521,-6941,-201,4,-5,5,-1963,-2932,-254,1,-5,7,3,3,0,2,-5,6,2,4,0,1,-2
242,-5,6,2,4,0,3,-6,9,-2,-6,-3,2,-7,7,-2565,-6967,-196,2,-5,9,-1987,-2952,-256,4,-5,10,3,7,-2,3,-5,8,2,4,-2,1,-1
243,-5,6,3,4,-1,1,-4,9,-2,-3,-1,4,-5,9,-2562,-6965,-197,3,-5,8,-1984,-2945,-253,1,-6,6,4,5,0,2,-3,7,3,7,0,3,1
244,-6,6,2,6,-1,4,-5,6,-3,-10,-2,1,-5,8,-2617,-7023,-196,3,-5,6,-2008,-2954,-255,2,-5,8,2,7,0,2,-4,6,2,2,-2,1,-2
245,-5,6,0,3,-1,2,-5,7,-4,-11,-3,1,-5,6,-2599,-6994,-199,1,-5,6,-2004,-2958,-255,4,-3,6,3,1,0,2,-4,7,1,5,0,2,-2
246,-4,9,2,4,0,2,-4,9,-6,-6,-1,4,-6,10,-2604,-7021,-198,1,-5,9,-2008,-2959,-253,1,-5,6,5,6,1,2,-5,6,2,3,-3,2,-2
247,-5,8,0,1,-1,4,-5,8,-4,-14,-1,4,-7,9,-2642,-7032,-199,4,-5,6,-1984,-2939,-252,0,-5,7,1,3,-1,4,-5,6,1,5,-1,4,-2
248,-4,8,2,4,-2,4,-6,9,-3,-10,-3,4,-5,6,-2601,-7021,-194,4,-4,7,-2020,-2977,-262,3,-7,7,0,6,-3,1,-6,7,3,4,-1,2,-1
249,-5,7,1,4,-2,3,-5,8,-3,-7,-3,3,-5,7,-2592,-6974,-200,1,-7,6,-2024,-2971,-263,4,-3,6,3,5,0,2,-5,8,1,3,0,4,-2
250,-7,7,2,5,-3,2,-5,6,-6,-8,-1,4,-4,5,-2596,-6968,-199,4,-2,8,-2064,-2996,-270,4,-4,6,1,4,-1,2,-4,8,1,4,-3,1,-2
251,-5,8,3,3,-1,4,-5,6,-3,-8,-3,2,-5,8,-2579,-6963,-196,3,-5,8,-1998,-2967,-264,4,-3,6,3,4,-1,1,-5,8,0,4,-1,2,-1
252,-5,8,0,5,-2,3,-4,7,-6,-14,-3,3,-5,6,-2608,-6999,-197,5,-5,6,-2022,-2975,-268,4,-7,7,2,3,0,4,-5,9,3,6,0,1,-2
253,-5,7,2,4,-1,4,-2,6,-6,-10,-5,1,-5,9,-2576,-6995,-200,3,-5,6,-1991,-2967,-265,4,-6,9,2,6,-1,1,-5,9,3,4,-1,2,-1
254,-5,4,0,3,0,1,-4,5,-7,-10,-3,4,-3,8,-2619,-7053,-195,2,-5,9,-1976,-2950,-268,1,-5,7,-1,2,-3,3,-5,6,3,3,-2,3,-1
255,-4,9,3,4,-1,3,-5,6,-3,-9,-2,1,-6,6,-2601,-7002,-200,2,-7,8,-2010,-2966,-266,4,-5,9,2,4,-3,2,-6,7,3,7,-4,5,-2
256,-4,7,1,4,-1,2,-3,7,-7,-10,-5,3,-5,7,-2580,-6993,-195,3,-6,7,-2028,-2975,-269,2,-5,8,1,4,-1,3,-6,8,3,4,0,2,1
257,-5,9,3,6,-1,4,-3,7,-3,-12,-3,2,-5,8,-2604,-7012,-197,1,-7,8,-2028,-2968,-267,2,-7,9,3,4,0,1,-5,9,0,4,0,3,-1
258,-6,9,3,3,0,3,-4,7,-5,-10,-2,4,-3,9,-2597,-7009,-200,2,-7,7,-1995,-2958,-266,2,-5,7,2,4,-3,2,-2,6,2,6,0,1,0
259,-5,4,1,7,2,2,-6,7,-6,-13,-3,4,-6,8,-2610,-7015,-199,4,-5,8,-2019,-2964,-269,1,-5,6,1,4,-3,2,-5,6,2,4,-3,4,-2
260,-7,6,2,3,-2,4,-5,7,-6,-12,-3,4,-5,7,-2619,-7005,-200,1,-6,7,-2025,-2968,-267,4,-4,7,4,5,-1,3,-5,5,0,5,-2,3,-2
261,-4,7,1,6,-3,1,-5,8,-6,-14,-2,1,-5,7,-2620,-7017,-197,4,-5,8,-2033,-2967,-270,2,-5,9,0,4,0,3,-5,6,2,4,-2,3,1
262,-5,6,2,3,-3,1,-5,9,-7,-12,-3,1,-5,9,-2571,-6984,-199,1,-5,6,-2029,-2971,-268,3,-4,8,3,6,-2,4,-5,7,3,4,0,3,1
263,-6,8,2,4,1,1,-5,9,-5,-10,-2,4,-2,6,-2612,-7024,-201,2,-5,8,-2035,-2962,-268,3,-5,9,3,4,-3,4,-6,6,0,3,-3,3,-1
264,-5,7,0,6,-3,1,-5,8,-7,-14,-2,2,-4,9,-2625,-7020,-200,1,-5,6,-2004,-2966,-270,2,-6,7,4,7,-1,3,-7,8,3,6,0,3,1
265,-5,8,1,5,-2,4,-5,9,-6,-11,-2,4,-6,8,-2578,-7005,-202,3,-6,7,-2028,-2971,-270,3,-6,8,0,4,-1,1,-5,6,0,6,0,4,0
266,-5,9,3,4,-1,1,-4,6,-5,-10,-2,3,-2,7,-2578,-7004,-199,2,-5,7,-2020,-2971,-266,3,-4,9,2,3,-3,4,-5,7,3,4,-1,2,-2
267,-5,8,3,4,1,2,-5,9,-3,-13,-2,3,-4,6,-2575,-7003,-196,4,-4,4,-2028,-2971,-272,2,-6,7,1,3,-3,-1,-5,6,3,5,-2,1,-1
268,-5,9,0,5,-2,3,-4,8,-5,-11,1,3,-5,6,-2574,-6989,-199,2,-7,6,-2016,-2970,-272,2,-4,7,0,7,-1,3,-6,7,1,7,-1,3,0
269,-5,6,3,2,0,2,-4,8,-3,-15,-3,4,-5,9,-2575,-6969,-199,2,-3,6,-2025,-2969,-264,3,-5,6,0,4,0,1,-6,6,1,4,-1,2,1
270,-6,8,1,4,-1,1,-4,6,-6,-11,-3,2,-5,3,-2573,-6980,-199,2,-5,8,-2007,-2968,-266,1,-4,8,2,2,-3,4,-3,8,3,4,-2,1,-1
271,-5,7,2,5,-1,2,-5,6,-8,-21,-1,1,-5,7,-2489,-6928,-200,4,-6,8,-2042,-2982,-270,4,-7,8,3,5,-3,4,-6,8,0,4,-1,4,-1
272,-5,6,1,5,-3,2,-6,10,-6,-20,-4,2,-4,6,-2580,-6978,-199,1,-4,10,-2019,-2979,-271,1,-5,7,3,5,0,1,-4,8,2,3,0,1,-4
273,-4,8,2,6,1,1,-5,9,-7,-18,-3,2,-4,9,-2554,-6974,-197,1,-5,9,-2048,-2989,-272,2,-4,9,0,4,-4,4,-5,6,1,3,-3,4,0
274,-5,8,2,5,0,3,-6,6,-6,-18,-3,2,-5,8,-2617,-7017,-202,2,-4,5,-2028,-2974,-269,3,-7,8,2,6,0,3,-6,6,3,5,-1,3,-2
275,-2,7,3,4,0,4,-5,9,-10,-21,-3,2,-6,7,-2611,-7051,-198,4,-5,6,-2031,-2971,-269,2,-6,6,1,4,-2,2,-4,5,2,6,1,3,-2
276,-4,8,4,4,-1,1,-5,7,-7,-20,0,4,-6,6,-2607,-7051,-203,4,-5,5,-2028,-2970,-265,4,-5,8,3,6,0,1,-4,7,4,4,-2,3,-3
277,-7,8,0,2,-2,4,-4,6,-10,-22,0,1,-5,9,-2619,-7088,-199,5,-5,6,-2033,-2976,-266,4,-6,6,3,4,0,3,-4,6,1,5,0,4,-3
278,-3,9,3,4,-1,5,-5,8,-8,-19,-3,1,-5,8,-2606,-7069,-202,2,-5,8,-2038,-2976,-266,3,-4,8,1,4,-1,2,-2,6,0,3,-3,4,-2
279,-2,6,0,4,0,3,-5,9,-9,-20,-4,2,-6,6,-2599,-7053,-201,1,-6,7,-2038,-2970,-267,4,-7,6,2,4,-2,4,-5,7,1,5,-3,3,-2
280,-5,8,3,5,0,4,-5,6,-9,-20,-5,4,-3,9,-2623,-7081,-197,1,-5,7,-2050,-2990,-270,4,-6,7,2,3,0,0,-5,6,3,3,-3,2,2
281,-6,7,2,4,-3,2,-5,9,-9,-20,-4,4,-4,5,-2622,-7097,-201,2,-3,9,-2051,-2985,-264,2,-5,7,1,7,1,3,-6,6,2,6,-2,3,-1
282,-5,6,2,4,-1,2,-7,6,-9,-23,-3,1,-5,9,-2631,-7104,-198,3,-5,7,-2054,-2989,-268,2,-5,6,2,4,0,2,-5,9,0,3,-3,2,0
283,-5,8,1,4,-1,4,-5,7,-10,-22,-4,4,-4,6,-2624,-7109,-201,1,-4,6,-2050,-2991,-270,3,-5,9,3,4,-2,1,-5,8,1,1,0,1,-2
284,-5,7,2,1,0,2,-5,7,-10,-21,-2,3,-5,7,-2613,-7130,-200,1,-5,9,-1858,-2917,-268,1,-5,8,2,5,-3,1,-5,4,2,4,-2,4,-1
285,-6,6,3,4,0,1,-2,9,-8,-21,-3,4,-4,7,-2590,-7096,-198,2,-6,6,-2000,-2971,-268,1,-5,6,2,3,3,2,-3,6,1,7,0,3,-2
286,-3,9,0,2,-1,1,-5,8,-9,-21,-4,3,-5,9,-2545,-7053,-202,1,-4,8,-2020,-2982,-272,3,-4,9,0,7,-3,4,-5,8,2,6,-3,3,-3
287,-4,7,3,5,0,3,-2,9,-9,-20,-3,3,-3,8,-2584,-7112,-198,6,-5,6,-2027,-2980,-265,4,-5,8,0,5,-1,2,-4,7,2,2,1,3,-2
288,-5,9,3,4,-3,2,-5,6,-8,-21,-3,1,-5,7,-2574,-7101,-203,3,-4,9,-2011,-2965,-267,2,-3,9,3,4,-2,4,-6,9,2,5,0,2,-2
289,-5,8,3,4,3,1,-5,8,-6,-22,-3,3,-5,4,-2578,-7035,-199,3,-3,6,-1970,-2958,-272,1,-7,8,2,4,-1,1,-4,8,3,5,-1,4,-1
290,-3,10,4,6,0,0,-4,8,-12,-21,-6,2,-5,6,-2585,-7056,-198,4,-5,7,-1998,-2980,-270,1,-7,7,3,4,-3,4,-5,7,1,5,0,3,0
291,-5,7,0,4,-3,3,-5,7,-6,-20,-3,0,-4,9,-2569,-7037,-198,1,-5,8,-1955,-2959,-267,3,-4,9,3,5,-2,2,-5,7,2,4,-3,3,-2
292,-6,7,2,7,-1,3,-3,9,-7,-21,-2,3,-3,8,-2585,-7071,-202,5,-6,9,-2010,-2983,-271,2,-6,9,0,2,-1,4,-5,9,1,5,-1,4,-2
293,-2,9,1,3,-3,2,-4,9,-10,-21,-3,2,-5,6,-2574,-7062,-203,3,-4,6,-1986,-2969,-272,4,-2,7,2,2,-1,3,-5,8,3,4,-2,3,-2
294,-4,7,1,5,-2,3,-3,8,-12,-23,-2,2,-4,6,-2553,-7059,-202,4,-5,7,-2015,-2974,-271,1,-6,9,2,3,0,1,-5,8,3,4,-1,2,1
295,-6,9,2,1,0,3,-5,9,-9,-20,-2,2,-3,7,-2481,-7031,-202,3,-5,7,-1972,-2950,-269,4,-4,6,-2,5,-3,1,-5,8,2,1,1,2,-2
296,-5,9,4,3,-1,1,-2,7,-9,-18,-3,0,-5,7,-2599,-7137,-200,4,-5,9,-2004,-2972,-269,4,-6,6,4,3,0,4,-5,6,1,3,-2,4,-1
297,-6,9,3,2,0,3,-6,6,-8,-17,-3,2,-5,7,-2608,-7148,-198,1,-6,7,-2014,-2987,-271,2,-5,8,2,4,2,3,-5,8,3,4,-2,5,-3
298,-4,11,2,7,0,4,-5,6,-9,-19,-2,1,-5,7,-2599,-7134,-199,2,-5,10,-2010,-2976,-271,3,-5,7,-1,4,0,3,-5,7,1,5,0,2,-2
299,-5,6,2,5,-3,2,-5,8,-7,-17,-4,3,-5,8,-2613,-7127,-201,3,-4,8,-2020,-2988,-271,2,-5,8,1,4,-3,1,-4,6,3,4,0,4,-2
300,-2,8,2,5,0,2,-5,8,-8,-18,-3,-1,-4,7,-2604,-7145,-200,4,-4,6,-2021,-3000,-272,2,-5,7,2,2,0,1,-4,9,3,4,-3,3,0
301,-5,8,1,2,-1,4,-5,6,-6,-17,-3,3,-5,7,-2615,-7180,-199,2,-5,9,-2016,-2987,-268,2,-2,9,0,4,-2,2,-5,6,1,4,-3,2,-1
302,-5,7,-1,4,-1,4,-7,7,-7,-20,-2,2,-6,9,-2590,-7104,-201,3,-4,7,-1975,-2961,-263,2,-5,6,3,4,-2,4,-5,9,1,6,-2,2,-1
303,-5,7,4,4,0,0,-5,8,-6,-14,-2,1,-5,7,-2564,-7059,-200,2,-6,7,-1995,-2979,-269,4,-6,7,0,5,-2,2,-5,6,3,4,-1,2,0
304,-5,8,1,4,0,1,-2,5,-5,-19,-3,2,-5,9,-2575,-7083,-204,4,-3,9,-2009,-2985,-266,3,-5,9,3,5,-1,1,-5,7,0,4,-1,2,-2
305,-7,6,2,4,-1,4,-5,6,-6,-19,-1,3,-5,6,-2522,-7091,-202,3,-5,9,-1984,-2967,-264,2,-4,9,0,4,-1,4,-4,6,1,6,0,4,-3
306,-5,7,0,4,-1,3,-5,8,-6,-15,-2,5,-7,6,-2707,-7188,-199,3,-4,8,-2026,-2991,-264,2,-5,8,2,3,-2,1,-4,7,0,4,-2,4,-2
307,-3,5,2,5,0,4,-4,9,-12,-26,-3,2,-4,8,-2576,-7092,-203,3,-5,7,-1977,-2961,-266,5,-4,8,3,3,-1,3,-6,9,1,5,-1,4,-2
308,-5,6,2,4,-1,1,-5,7,-12,-25,-4,3,-3,9,-2604,-7124,-198,-1,-4,8,-2003,-2973,-272,3,-5,6,0,4,0,4,-5,6,3,3,-3,3,-1
309,-6,9,1,4,-3,5,-7,8,-11,-26,-2,4,-5,7,-2608,-7105,-203,1,-3,7,-1992,-2962,-265,3,-3,6,2,6,1,1,-5,7,3,4,2,1,1
310,-5,6,2,5,-3,3,-5,7,-13,-26,-3,4,-5,6,-2608,-7132,-202,1,-4,6,-1992,-2962,-265,3,-5,9,0,5,-1,3,-2,6,3,3,-2,1,-1
311,-6,9,1,4,-2,4,-5,8,-12,-26,-3,1,-4,8,-2607,-7139,-200,4,-7,9,-2030,-2979,-268,2,-5,6,2,4,0,2,-5,6,2,4,-1,2,0
312,-5,8,3,4,-1,4,-4,7,-11,-26,-3,3,-5,10,-2603,-7116,-203,4,-5,8,-2009,-2977,-267,4,-5,6,1,4,0,1,-5,7,1,5,0,2,-2
313,-5,8,0,6,-1,4,-5,6,-9,-29,-5,2,-5,7,-2605,-7142,-202,3,-4,6,-2017,-2991,-271,4,-5,6,3,4,-1,2,-7,7,2,4,-1,4,-2
314,-4,6,3,5,1,1,-5,7,-12,-26,-1,1,-3,7,-2610,-7142,-201,3,-5,8,-1998,-2975,-268,4,-5,9,2,4,0,3,-5,5,1,4,1,3,1
315,-5,6,2,6,0,3,-4,8,-12,-28,-3,2,-5,7,-2611,-7159,-201,4,-3,5,-1993,-2971,-268,1,-5,9,3,4,0,2,-6,8,0,3,-1,4,-1
316,-5,5,3,4,-2,4,-4,6,-11,-29,-3,1,-4,6,-2615,-7162,-203,3,-7,9,-2031,-2998,-274,2,-3,8,3,5,0,4,-5,6,1,6,-2,1,0
317,-5,8,3,5,-3,3,-4,7,-12,-29,-4,3,-7,7,-2625,-7162,-199,1,-5,9,-2018,-2996,-272,1,-4,7,3,3,0,3,-5,5,3,2,0,4,-2
318,-7,6,0,2,-1,2,-4,8,-14,-28,-3,3,-5,8,-2626,-7171,-199,1,-3,9,-2029,-2997,-269,2,-5,6,3,4,-1,2,-7,8,1,5,1,-1,1
319,-7,6,2,4,-1,1,-6,7,-13,-34,-3,1,-5,6,-2608,-7160,-197,1,-4,6,-2013,-2988,-272,4,-6,7,3,6,-3,4,-7,8,2,5,0,1,1
320,-6,6,2,4,-2,2,-5,6,-10,-29,-6,4,-5,7,-2621,-7177,-200,2,-5,8,-2026,-2994,-272,2,-5,6,0,1,-2,2,-5,6,3,2,-1,4,-2
321,-5,7,2,4,-3,4,-5,7,-13,-31,-3,2,-5,8,-2625,-7172,-201,3,-3,8,-2022,-2985,-272,3,-6,7,3,4,-3,3,-2,5,3,5,-1,2,-2
322,-3,7,3,2,-2,1,-6,7,-14,-29,-5,3,-5,6,-2630,-7190,-203,1,-5,9,-2034,-3002,-271,3,-6,6,3,6,-1,3,-6,7,1,5,-3,3,-2
323,-6,7,1,5,2,1,-3,5,-5,-14,-3,1,-4,6,-2634,-7168,-199,3,-5,7,-1990,-2953,-260,1,-5,7,1,5,1,4,-5,6,1,4,-3,2,-2
324,-5,6,-1,5,-2,4,-6,9,-9,-21,-3,5,-5,6,-2572,-7113,-200,1,-2,7,-1916,-2941,-263,2,-6,7,0,4,-2,3,-4,6,0,5,-3,2,-1
325,-5,7,1,5,0,3,-5,8,-12,-27,-2,4,-5,8,-2604,-7136,-200,1,-5,8,-1987,-2956,-266,4,-5,7,1,3,-3,3,-6,7,2,4,-1,4,0
326,-5,7,2,4,-1,1,-5,9,-8,-23,-4,1,-6,9,-2596,-7125,-202,3,-5,8,-1984,-2967,-265,4,-5,8,3,5,0,1,-5,6,0,4,-1,4,-2
327,-4,7,1,6,-1,3,-5,6,-10,-24,-3,1,-5,6,-2574,-7117,-204,4,-6,7,-1904,-2937,-260,4,-7,10,5,4,2,4,-5,6,2,6,-1,2,-2
328,-3,8,2,5,-2,1,-5,8,-9,-22,-2,1,-4,8,-2588,-7107,-203,3,-3,8,-1964,-2946,-264,4,-7,8,2,5,0,3,-4,7,3,2,-1,3,1
329,-5,8,2,4,0,1,-6,9,-10,-26,-3,4,-5,9,-2528,-7121,-202,1,-5,6,-1983,-2965,-265,2,-6,9,2,4,0,1,-5,9,2,6,0,1,0
330,-5,7,3,5,-3,2,-5,9,-10,-25,-2,3,-4,8,-2626,-7189,-200,4,-5,9,-1998,-2973,-266,3,-7,8,3,2,-3,3,-5,6,0,4,0,2,1
331,-5,6,0,3,-3,4,-5,9,-9,-21,-1,3,-4,6,-2602,-7153,-202,2,-5,6,-2016,-2994,-266,2,-5,7,0,3,-1,1,-4,7,3,7,0,3,-1
332,-6,9,3,6,-2,1,-5,7,-9,-23,-2,2,-4,6,-2598,-7160,-203,3,-6,8,-1974,-2968,-266,4,-5,6,1,4,-2,1,-5,7,4,4,-1,2,-1
333,-4,8,2,2,-1,5,-2,6,-10,-24,-3,2,-5,7,-2631,-7220,-202,5,-3,7,-2010,-3002,-275,2,-4,9,5,8,0,2,-6,8,0,5,-3,1,0
334,-4,8,1,4,-3,2,-7,6,-6,-19,-3,3,-6,6,-2551,-7138,-203,2,-5,8,-1981,-2985,-271,1,-6,6,3,2,0,1,-3,7,1,6,-1,2,-2
335,-4,9,3,4,-2,1,-6,7,-10,-24,-3,4,-5,7,-2604,-7171,-202,4,-5,7,-1987,-2987,-274,1,-5,6,1,4,-2,3,-5,7,2,5,-1,1,0
336,-3,6,2,3,-1,1,-3,9,-12,-21,-6,2,-5,9,-2561,-7147,-206,1,-5,7,-1985,-3001,-275,2,-5,8,2,7,-2,4,-3,6,3,6,0,1,1
337,-3,10,0,5,-2,2,-4,9,-8,-20,-2,2,-3,9,-2593,-7169,-203,3,-5,6,-2002,-3004,-274,3,-6,6,2,4,0,2,-6,8,1,4,0,4,-1
338,-5,7,0,4,-2,1,-5,9,-10,-26,-4,0,-5,6,-2584,-7160,-200,4,-3,9,-1995,-2991,-274,2,-5,8,2,6,0,1,-5,7,1,5,-3,4,-2
339,-6,8,1,4,1,0,-4,10,-8,-23,-1,4,-3,6,-2583,-7136,-205,1,-5,8,-1991,-2980,-269,2,-5,9,1,5,0,1,-6,7,0,4,-1,4,-1
340,-5,8,0,4,-2,3,-6,9,-9,-22,-2,2,-5,8,-2578,-7124,-203,0,-6,7,-2004,-2976,-266,0,-5,6,2,4,-2,2,-3,9,1,3,0,4,1
341,-6,6,3,4,-3,1,-5,9,-9,-23,-2,1,-6,9,-2579,-7133,-203,4,-4,8,-1985,-2976,-268,2,-5,8,2,4,0,1,-5,7,-1,4,-3,4,0
342,-5,6,3,4,1,3,-5,7,-10,-22,-4,2,-5,8,-2577,-7122,-199,2,-5,5,-2007,-2991,-269,2,-5,8,2,4,0,3,-3,9,1,4,-3,3,-2
343,-5,8,0,5,-2,3,-5,9,-8,-23,-3,3,-5,6,-2583,-7119,-204,1,-5,8,-1995,-2978,-265,3,-4,9,2,3,0,4,-5,6,2,4,-1,4,-1
344,-5,9,2,4,-2,1,-5,9,-11,-23,-1,0,-8,9,-2574,-7133,-202,1,-3,8,-1987,-2972,-265,2,-4,5,1,4,-2,2,-6,6,2,2,0,1,-2
345,-5,7,2,4,-2,2,-6,10,-11,-23,-3,3,-4,7,-2574,-7121,-202,4,-5,7,-2013,-2985,-268,3,-4,8,1,3,0,2,-5,6,3,4,-2,3,0
346,-6,9,2,5,-2,4,-5,7,-10,-24,-3,1,-5,6,-2663,-7200,-199,4,-2,9,-1986,-2968,-265,5,-7,8,1,5,-3,2,-6,7,0,3,-3,3,1
347,-6,7,1,4,0,4,-5,9,-9,-23,-2,4,-5,7,-2575,-7117,-202,3,-5,7,-2004,-2970,-263,3,-5,7,4,5,0,1,-5,8,3,5,-1,1,-2
348,-4,8,3,7,0,-1,-4,9,-10,-22,-1,1,-5,8,-2596,-7132,-203,4,-6,9,-2007,-2979,-275,4,-6,5,2,2,0,3,-5,7,3,4,-2,1,-2
349,-4,6,0,4,-2,1,-5,7,-14,-29,-2,4,-5,8,-2613,-7139,-203,2,-3,9,-2022,-2996,-272,4,-5,9,3,4,-1,2,-5,6,1,4,-1,3,-1
350,-3,6,2,6,-2,3,-3,7,-13,-30,-4,3,-5,7,-2609,-7155,-201,1,-5,7,-2004,-2975,-269,1,-3,7,1,4,0,1,-5,7,2,4,-1,4,-2
351,-5,6,3,5,-2,1,-5,7,-13,-32,-4,2,-5,6,-2616,-7125,-202,4,-4,7,-2010,-2976,-270,4,-5,9,2,6,-2,2,-8,6,2,4,-3,1,1
352,-5,6,0,4,-2,4,-5,9,-12,-26,-3,4,-2,7,-2613,-7179,-202,3,-4,6,-2040,-2991,-271,4,-6,8,0,4,-1,3,-4,7,5,5,-1,3,-2
353,-4,8,0,4,0,4,-5,6,-9,-25,-3,4,-5,6,-2543,-7152,-203,2,-5,7,-1998,-2968,-263,1,-3,6,2,3,-3,1,-7,9,2,4,0,3,-1
354,-6,6,0,2,-1,4,-5,8,-12,-29,-3,1,-6,7,-2617,-7183,-205,2,-6,8,-2016,-2974,-265,3,-5,7,3,5,-3,3,-5,6,3,2,0,4,-2
355,-5,9,3,4,-1,4,-5,8,-11,-26,-5,1,-4,5,-2610,-7149,-205,4,-3,6,-2011,-2974,-266,3,-5,8,3,4,-1,2,-6,6,2,4,-4,3,-2
356,-6,6,0,4,-3,4,-5,9,-10,-29,-4,1,-6,7,-2611,-7196,-202,4,-5,7,-2007,-2981,-266,1,-5,8,3,7,0,3,-6,6,1,6,0,1,-4
357,-7,8,0,6,-1,2,-7,9,-11,-25,-4,3,-7,8,-2633,-7194,-202,3,-5,8,-2035,-2988,-266,2,-6,6,0,2,-2,4,-4,7,0,2,-1,4,-1
358,-5,7,-1,4,-3,3,-5,7,-12,-25,-3,3,-5,6,-2611,-7187,-203,4,-5,9,-2006,-2985,-265,3,-5,9,3,7,1,1,-6,8,0,3,-2,3,-3
359,-5,8,3,6,-1,3,-5,9,-9,-23,-3,2,-3,8,-2624,-7185,-202,3,-4,7,-1901,-2936,-264,2,-5,6,1,4,-1,3,-5,5,2,6,-3,2,-2
360,-5,7,1,4,-1,3,-2,8,-9,-21,0,3,-5,8,-2623,-7133,-200,1,-5,9,-1995,-2987,-267,1,-3,7,0,3,0,3,-7,7,2,4,0,1,0
361,-7,7,0,3,0,2,-6,6,-9,-23,-3,2,-5,6,-2568,-7119,-206,4,-5,9,-1968,-2974,-269,4,-2,8,1,4,-1,-1,-4,7,1,5,-1,1,-2
362,-7,5,2,7,-1,1,-3,7,-10,-22,-5,3,-6,8,-2602,-7173,-201,1,-3,7,-1984,-2969,-266,1,-3,7,1,1,-1,3,-5,7,1,4,-2,4,-2
363,-6,9,0,3,-1,1,-7,6,-10,-25,-2,4,-6,8,-2592,-7155,-202,3,-7,7,-1984,-2982,-269,1,-5,7,2,7,-2,4,-5,6,3,4,0,2,-2
364,-5,6,3,7,-2,2,-8,9,-12,-23,-3,4,-7,6,-2592,-7170,-202,3,-5,9,-2000,-2994,-270,4,-5,9,2,1,0,1,-6,9,3,4,-2,4,0
365,-5,8,0,1,0,1,-6,9,-9,-24,-3,4,-3,9,-2554,-7139,-207,3,-5,6,-1969,-2974,-269,2,-5,7,3,3,-1,4,-6,9,0,1,-3,4,1
366,-6,9,2,4,-1,4,-4,6,-9,-21,-5,4,-6,9,-2593,-7163,-203,3,-5,7,-2014,-2996,-270,3,-4,6,3,6,-2,2,-4,9,3,6,-1,1,-2
367,-6,7,1,4,0,0,-5,9,-12,-27,-4,1,-5,6,-2575,-7168,-204,4,-7,5,-1981,-2979,-270,3,-5,7,0,5,2,1,-5,6,2,5,-1,6,0
368,-3,7,3,6,-1,1,-5,8,-10,-24,-3,1,-5,7,-2590,-7156,-202,1,-5,7,-2013,-2997,-270,3,-4,9,3,2,-2,4,-6,7,0,4,-1,2,0
369,-4,6,1,4,-1,0,-6,7,-8,-20,-3,2,-5,9,-2563,-7126,-204,4,-4,6,-1962,-2971,-266,2,-5,8,2,4,-3,4,-4,6,3,3,0,3,-2
370,-5,6,2,5,-3,4,-5,8,-9,-26,-3,4,-4,9,-2564,-7139,-205,2,-5,9,-2004,-2987,-271,1,-2,6,0,4,-2,1,-5,9,3,4,-3,0,0
371,-5,6,3,4,-1,1,-5,8,-11,-23,-2,2,-5,7,-2564,-7136,-202,1,-7,8,-1988,-2984,-268,3,-4,7,3,6,-1,3,-6,9,2,1,-3,1,-2
372,-3,6,2,5,-3,3,-5,9,-11,-26,-2,2,-6,6,-2556,-7151,-203,4,-5,8,-1957,-2968,-269,0,-4,7,0,4,-1,1,-7,7,2,5,1,2,-2
373,-5,6,3,5,-1,2,-5,6,-9,-21,-3,3,-4,8,-2538,-7169,-208,2,-5,8,-1975,-2988,-271,4,-5,8,0,6,-2,2,-6,9,1,4,0,1,0
374,-5,6,3,4,-2,3,-5,8,-9,-26,-3,2,-4,9,-2555,-7154,-205,2,-5,7,-2011,-3001,-272,1,-5,9,1,4,1,3,-3,8,3,5,0,1,-2
375,-5,9,2,4,-2,4,-5,9,-9,-23,-3,3,-4,7,-2590,-7188,-204,2,-5,7,-2007,-2994,-272,2,-5,9,1,4,-2,3,-5,6,1,3,-2,4,-3
376,-3,8,2,4,0,3,-5,6,-10,-21,-3,2,-5,6,-2584,-7171,-203,3,-5,9,-2001,-2994,-272,1,-2,7,0,5,-1,2,-4,9,3,6,-2,4,-1
377,-4,5,1,5,1,4,-5,7,-10,-25,-1,0,-5,6,-2564,-7169,-200,3,-5,9,-1998,-3003,-271,0,-4,7,0,4,1,3,-5,8,3,4,-1,4,-2
378,-6,8,0,5,-2,1,-3,6,-11,-23,-3,1,-5,8,-2586,-7177,-199,1,-3,8,-2026,-3012,-277,1,-5,7,5,4,0,4,-3,9,1,4,-1,4,-2
379,-3,7,3,6,-3,1,-5,7,-11,-26,-3,1,-5,10,-2569,-7151,-202,3,-5,9,-2001,-3001,-270,2,-5,6,2,2,-1,2,-5,9,4,5,0,3,-2
380,-7,7,1,7,1,1,-4,7,-10,-26,-3,2,-5,6,-2584,-7136,-202,1,-5,9,-2016,-3002,-269,3,-4,6,3,5,-1,2,-6,8,0,2,-3,2,-1
381,-5,7,2,5,-3,2,-7,9,-12,-26,-1,3,-5,6,-2593,-7144,-202,4,-4,6,-2012,-3004,-272,2,-4,8,3,4,1,3,-6,6,2,4,-3,3,-1
382,-5,7,0,4,0,1,-4,6,-9,-20,-2,2,-5,7,-2581,-7162,-204,4,-5,7,-2005,-2996,-272,1,-6,8,1,5,-2,2,-5,7,1,4,-1,4,1
383,-7,6,3,4,-1,2,-5,8,-9,-26,-3,3,-2,6,-2587,-7168,-200,1,-8,8,-2016,-3006,-272,2,-5,6,2,5,0,2,-5,6,2,5,-3,2,-2
384,-5,7,3,5,-1,1,-5,9,-10,-25,0,4,-4,7,-2584,-7177,-202,1,-5,6,-2003,-2994,-273,4,-4,9,1,3,-1,1,-5,8,1,4,-2,1,-2
385,-6,8,1,3,-2,3,-6,9,-10,-25,-3,1,-4,7,-2584,-7174,-200,2,-4,8,-2016,-3000,-272,1,-6,6,1,4,-1,1,-4,9,3,4,-2,2,0
386,-5,9,2,4,-1,1,-7,9,-9,-26,-5,4,-5,7,-2593,-7206,-201,4,-4,7,-2000,-2994,-270,3,-5,6,2,2,0,1,-6,7,0,6,-1,3,1
387,-6,9,0,4,0,2,-6,6,-12,-26,-3,4,-5,6,-2619,-7206,-199,1,-5,7,-2039,-3009,-274,1,-5,9,3,5,0,4,-5,7,1,7,-1,3,-2
388,-4,7,0,4,-1,4,-5,9,-9,-23,-1,3,-5,5,-2581,-7168,-203,1,-5,6,-2007,-2997,-272,4,-5,6,3,6,0,4,-4,9,3,4,-3,4,-2
389,-4,8,2,3,0,2,-6,6,-13,-30,-4,4,-5,8,-2622,-7198,-203,2,-5,9,-2020,-3003,-271,2,-6,6,2,4,0,4,-5,9,1,5,-3,2,-2
390,-5,9,1,4,-1,4,-5,7,-14,-31,-5,2,-5,6,-2622,-7199,-202,4,-3,6,-2004,-2999,-270,4,-7,6,0,4,-3,2,-2,6,1,4,-2,2,-2
391,-7,9,3,4,-1,4,-4,9,-12,-30,-4,4,-5,6,-2628,-7197,-205,1,-5,8,-2027,-3008,-274,3,-5,6,3,4,0,2,-5,4,1,4,-1,1,0
392,-5,8,1,4,0,1,-5,8,-14,-33,-4,2,-5,8,-2634,-7224,-202,2,-5,8,-2025,-3012,-275,1,-5,9,2,4,0,1,-5,7,0,6,-1,2,-2
393,-5,6,3,5,0,0,-5,7,-14,-30,-3,2,-5,8,-2631,-7229,-202,1,-5,6,-2025,-3000,-272,1,-4,7,3,7,0,5,-5,6,1,4,-4,2,-1
394,-6,6,4,4,-1,3,-3,9,-14,-30,-2,4,-5,9,-2629,-7213,-204,4,-7,7,-2016,-3006,-271,1,-4,7,1,3,-3,4,-5,6,2,5,2,1,1
395,-5,9,1,5,-1,1,-5,7,-13,-31,-3,3,-5,5,-2661,-7262,-202,3,-5,9,-2039,-3017,-275,3,-5,7,3,4,-2,2,-6,7,1,5,-2,2,0
396,-5,8,1,5,-2,2,-6,10,-12,-31,-3,4,-7,9,-2644,-7230,-203,2,-5,9,-2036,-3016,-274,2,-4,7,1,4,-2,4,-5,8,1,6,-3,3,-3
397,-5,8,3,4,-2,2,-5,8,-13,-32,-4,4,-5,9,-2644,-7238,-202,4,-4,8,-2042,-3018,-275,1,-5,9,1,4,-2,4,-5,7,3,6,1,1,-2
398,-5,9,3,3,0,1,-4,9,-11,-30,-4,4,-5,8,-2643,-7242,-204,2,-5,9,-2040,-3013,-275,1,-5,6,1,6,0,1,-5,6,0,4,0,3,-3
399,-5,8,1,5,-3,4,-6,9,-12,-33,-3,1,-4,8,-2645,-7245,-206,4,-5,7,-2040,-3013,-273,1,-6,9,0,3,-1,1,-5,9,3,3,-2,2,0
400,-5,9,3,6,-2,6,-5,8,-12,-32,-5,3,-5,8,-2643,-7245,-201,4,-4,6,-2034,-3006,-274,2,-5,6,3,4,-1,3,-5,9,4,4,-1,5,-1
401,-5,9,4,6,-1,2,-6,8,-13,-30,-2,4,-3,8,-2651,-7235,-202,3,-7,6,-1995,-2985,-266,3,-5,8,2,2,-2,2,-4,9,3,5,0,4,-2
402,-6,8,3,7,-1,1,-5,8,-12,-31,-4,1,-5,6,-2649,-7250,-203,0,-5,6,-2053,-3012,-272,1,-4,8,1,6,-2,4,-5,10,0,4,1,2,-2
403,-6,8,3,5,-3,4,-5,8,-15,-34,-5,4,-5,8,-2643,-7251,-199,3,-3,7,-2035,-3006,-269,4,-5,7,2,2,-1,4,-5,8,3,4,-2,3,-2
404,-5,7,-1,6,-1,2,-5,9,-15,-34,-3,2,-3,6,-2644,-7262,-204,3,-4,6,-2031,-3000,-269,1,-6,7,1,4,-2,2,-6,7,2,4,1,0,0
405,-5,6,3,4,-2,3,-6,9,-13,-31,-1,4,-4,9,-2653,-7256,-200,1,-5,6,-2020,-2998,-264,2,-3,7,2,4,0,2,-4,7,2,4,-1,3,-1
406,-7,8,0,4,-3,2,-4,9,-15,-34,-3,1,-4,8,-2648,-7254,-205,5,-5,7,-2043,-3011,-268,0,-6,8,1,3,-1,4,-3,7,0,3,-2,1,-2
407,-6,8,0,4,-3,1,-6,7,-13,-33,-3,3,-6,10,-2658,-7261,-202,1,-4,8,-2045,-3005,-266,4,-5,6,3,4,0,1,-5,6,0,5,0,2,-5
408,-4,8,0,6,-2,3,-3,8,-14,-31,-4,2,-3,9,-2666,-7288,-200,1,-6,8,-2037,-3006,-266,2,-5,8,0,6,0,1,-2,7,2,6,1,1,-1
409,-3,7,1,4,0,3,-3,5,-12,-31,-3,4,-5,8,-2658,-7278,-202,3,-6,7,-2038,-3011,-272,2,-4,7,2,5,-2,3,-5,6,1,4,-2,2,1
410,-1,6,2,5,1,2,-5,7,-14,-31,-3,2,-4,8,-2661,-7278,-201,4,-6,6,-2043,-3015,-275,3,-4,8,1,5,1,1,-3,6,2,5,0,2,-1
411,-5,6,1,2,-1,4,-7,9,-13,-32,-4,4,-5,8,-2667,-7275,-199,5,-7,7,-2050,-3012,-272,1,-7,6,0,3,-3,3,-5,7,2,3,-4,3,-2
412,-5,3,1,4,-3,3,-5,7,-14,-33,-3,-1,-5,7,-2671,-7286,-201,3,-5,6,-2061,-3027,-275,4,-4,7,1,5,-2,1,-5,9,0,5,0,4,-1
413,-2,9,-1,6,-1,1,-6,6,-12,-29,-3,1,-4,8,-2657,-7274,-201,2,-5,6,-2029,-3010,-270,4,-5,9,0,4,-2,1,-5,9,2,6,0,2,-1
414,-5,9,4,5,0,1,-5,6,-13,-31,-3,4,-5,8,-2657,-7295,-204,2,-4,8,-2054,-3022,-275,2,-5,7,4,4,-1,0,-5,7,2,3,-1,1,0
415,-5,8,1,3,-2,4,-5,9,-13,-29,-4,2,-6,9,-2683,-7313,-203,3,-5,7,-2068,-3016,-272,5,-7,6,3,4,-2,3,-5,8,4,4,-3,1,-1
416,-5,6,1,5,0,4,-5,8,-14,-30,-4,2,-7,9,-2668,-7313,-203,4,-5,6,-2050,-3014,-273,3,-5,6,3,6,-1,3,-5,8,2,4,-3,3,-2
417,-7,7,2,4,0,3,-5,7,-14,-31,-3,2,-5,9,-2661,-7298,-205,2,-3,8,-2052,-3018,-272,2,-7,9,1,4,-3,2,-5,6,-1,4,-2,3,0
418,-6,8,0,4,-2,2,-5,7,-15,-34,-6,3,-5,8,-2673,-7320,-206,1,-5,9,-2069,-3035,-275,3,-5,7,1,4,-3,2,-6,8,1,4,-2,2,-2
419,-4,9,2,4,-3,1,-5,9,-15,-34,-3,1,-6,6,-2510,-7140,-208,4,-5,9,-2026,-3000,-270,1,-5,6,3,5,-2,4,-7,6,3,3,0,3,-2
420,-5,7,4,3,-2,1,-5,6,-15,-33,-3,2,-4,8,-2680,-7310,-202,1,-5,8,-2023,-2998,-271,5,-6,6,2,3,0,4,-6,9,1,4,-1,3,0
421,-4,7,3,5,-1,1,-6,8,-12,-30,-3,2,-5,7,-2639,-7266,-204,4,-5,8,-2009,-2988,-270,3,-2,8,2,5,-2,4,-5,6,0,5,0,2,-1
422,-5,9,2,4,-1,2,-4,6,-13,-32,-3,4,-4,9,-2665,-7292,-202,3,-5,9,-2011,-2995,-272,2,-3,7,2,3,-3,1,-5,7,3,6,-3,2,0
423,-7,9,3,4,-1,5,-5,7,-13,-32,-4,2,-4,9,-2646,-7260,-203,1,-7,9,-2014,-2991,-274,1,-5,8,3,4,-1,2,-5,7,3,2,1,1,1
424,-3,8,3,6,0,5,-5,8,-14,-31,-3,3,-4,10,-2664,-7231,-202,3,-7,7,-2026,-2991,-269,4,-4,7,1,5,0,4,-5,9,2,5,2,1,-2
425,-5,6,0,5,-1,2,-7,10,-15,-33,-4,2,-5,7,-2655,-7246,-203,2,-4,9,-2040,-2987,-268,2,-5,9,2,3,-3,2,-5,6,3,5,0,1,1
426,-4,8,2,4,-3,2,-5,9,-14,-29,-3,2,-3,8,-2646,-7226,-205,1,-5,7,-2020,-2985,-266,2,-3,7,3,4,-1,-1,-5,6,1,7,0,3,-2
427,-5,6,2,5,0,3,-4,8,-16,-29,-3,3,-5,7,-2643,-7183,-205,3,-6,6,-2031,-2988,-269,5,-5,7,3,4,-2,2,-6,9,0,2,0,4,-1
428,-5,7,0,4,-2,3,-5,6,-13,-30,-3,1,-4,7,-2648,-7188,-200,3,-5,7,-2057,-3008,-272,4,-5,6,2,3,0,4,-4,6,2,4,2,2,1
429,-5,8,1,5,-1,1,-7,9,-14,-31,-3,2,-5,5,-2648,-7199,-202,1,-3,9,-1975,-2962,-266,1,-5,7,3,3,-2,4,-6,8,1,3,-3,4,-2
430,-5,9,3,4,0,3,-5,7,-13,-32,-3,2,-5,6,-2649,-7206,-205,1,-5,8,-2013,-2992,-266,4,-4,9,2,5,-1,3,-5,9,3,4,-3,2,-1
431,-7,6,2,3,-3,4,-5,9,-16,-30,-3,2,-6,8,-2656,-7242,-200,1,-5,8,-2024,-2984,-267,2,-4,6,2,3,-2,2,-6,6,3,5,-1,1,-1
432,-3,7,2,4,-2,1,-7,6,-14,-33,-4,0,-4,7,-2648,-7197,-204,4,-5,7,-2023,-2997,-269,2,-5,7,2,3,-1,1,-5,6,1,4,-1,1,-2
433,-7,6,0,5,0,2,-5,7,-13,-31,-2,1,-4,9,-2660,-7227,-203,1,-6,6,-2013,-2988,-266,1,-6,6,3,7,-2,3,-4,7,2,3,0,1,1
434,-3,8,3,5,-1,2,-5,6,-12,-31,-4,4,-3,7,-2663,-7195,-205,2,-5,6,-2021,-2972,-267,4,-6,9,1,5,0,-1,-5,6,2,5,-1,0,-2
435,-5,8,0,3,-3,3,-5,8,-13,-30,-3,3,-5,7,-2662,-7201,-203,3,-5,8,-2018,-2986,-268,1,-7,7,0,3,0,1,-5,9,2,6,-2,4,-2
436,-7,8,2,3,-3,3,-5,7,-15,-31,-3,0,-5,8,-2661,-7218,-205,1,-4,8,-2025,-2990,-271,1,-3,7,1,3,0,1,-7,7,2,4,-3,2,1
437,-3,9,0,5,-2,4,-5,9,-13,-29,-1,2,-5,7,-2655,-7203,-204,1,-2,7,-2016,-2982,-267,2,-7,8,2,4,-3,3,-5,7,2,4,-2,1,-1
438,-5,6,2,4,-1,3,-5,6,-13,-34,-4,1,-5,7,-2664,-7186,-202,3,-5,9,-2018,-2982,-263,3,-6,6,1,3,0,1,-5,6,3,4,0,1,-1
439,-7,6,3,4,-3,4,-5,9,-13,-29,-4,2,-6,6,-2659,-7187,-204,2,-3,9,-2007,-2977,-267,1,-4,9,3,4,0,1,-5,9,0,3,-2,2,0
440,-5,6,2,6,-3,1,-4,8,-15,-34,-3,2,-5,8,-2656,-7225,-202,1,-5,6,-2022,-2994,-269,1,-6,6,1,5,0,5,-5,8,4,4,0,3,0
441,-6,6,2,4,-3,3,-5,9,-11,-31,-5,1,-6,8,-2671,-7260,-199,1,-4,6,-1992,-2976,-266,1,-7,7,1,4,-1,3,-5,6,3,5,-1,4,-2
442,-5,9,0,3,-1,2,-6,7,-13,-30,-4,4,-6,8,-2667,-7261,-202,1,-7,9,-2034,-2990,-267,1,-5,9,3,6,0,1,-7,6,3,4,0,2,-2
443,-5,7,2,2,0,3,-5,7,-14,-31,-4,4,-4,6,-2664,-7243,-203,2,-5,9,-2016,-2990,-271,4,-3,8,0,4,-3,4,-4,7,1,5,-4,2,-2
